{
 "type": "FeatureCollection",
 "features": [
  {
   "type": "Feature",
    "geometry": {
    "type": "LineString",
     "coordinates": [
      [[-49.11959436627102,-26.88116680717453],[-49.1195287867199,-26.88129065976122],[-49.11945852675941,-26.88141839610526],[-49.11938091389702,-26.88157276096798],[-49.11935174439326,-26.8816308881324]]
     ]
    },
    "properties": {
    "OBJECTID": 61363,
    "SHAPE.LEN": 56.7991607825078
    }
  },
  {
   "type": "Feature",
    "geometry": {
    "type": "LineString",
     "coordinates": [
      [[-49.11909398004319,-26.88197273112452],[-49.11919212561918,-26.88178786980632],[-49.11930189338165,-26.88157838356274],[-49.11937108318885,-26.88144836667147],[-49.11945765007912,-26.88128135574508],[-49.11952477515095,-26.88115334299272],[-49.1196343816917,-26.8809406275373],[-49.11970411303157,-26.88080782414893],[-49.11978621390707,-26.880648902969],[-49.11986208693505,-26.8805023409824],[-49.11992226751098,-26.8803868880108],[-49.12004140484721,-26.88016252026146],[-49.12010598258833,-26.88004177247381],[-49.12022370338993,-26.87982200331075],[-49.12029419324965,-26.87969211688039],[-49.12039500147581,-26.87950977928041],[-49.12045559650111,-26.87940175530792],[-49.12049189237274,-26.8793325297003],[-49.12055810624837,-26.87919793880272],[-49.12064553179096,-26.87902954569926],[-49.12072072008531,-26.87887683915038],[-49.12075214769612,-26.87881773979594]]
     ]
    },
    "properties": {
    "OBJECTID": 61367,
    "SHAPE.LEN": 386.493563225031
    }
  },
  {
   "type": "Feature",
    "geometry": {
    "type": "LineString",
     "coordinates": [
      [[-49.14167521921687,-26.88166018703453],[-49.1417190887062,-26.88200164155005],[-49.14172541708347,-26.88215144495367],[-49.14172299255745,-26.88221492484649],[-49.14170991529537,-26.88230107219799],[-49.1416741973383,-26.8824343068763],[-49.14166330959751,-26.88246173963234],[-49.1416555648108,-26.88247640595506],[-49.14164272557216,-26.88248979849132],[-49.14162960030718,-26.88249932507259],[-49.14160434552286,-26.88251264001548],[-49.14157191596169,-26.88252411404623],[-49.14154220201938,-26.88252986977361],[-49.14151209318335,-26.88253656802065],[-49.1413774580061,-26.88253914801735],[-49.14134357400599,-26.88254065358795],[-49.14125477601985,-26.88254053489306],[-49.14119469517794,-26.88253843284826],[-49.14111601534604,-26.88253214531287],[-49.14107959205956,-26.88252760885137],[-49.1410501751953,-26.88252394442323],[-49.14099942429497,-26.88251340399328],[-49.14099387693297,-26.88251225148923],[-49.14088844672664,-26.8824848900849],[-49.14065159040769,-26.8824192780907],[-49.14039194675096,-26.88234858560355],[-49.14022604460898,-26.88230596720598],[-49.13985327159828,-26.88220005535179],[-49.1396270884344,-26.88212783806366],[-49.13946146702762,-26.88206990190152],[-49.13930246033516,-26.88201193353828],[-49.13907882839165,-26.88192553138519],[-49.13889861758334,-26.88184874402324],[-49.13873198494868,-26.88177480340552],[-49.13855415131529,-26.88169370186836],[-49.13838580751891,-26.88160941266792],[-49.13820843326764,-26.8815142553016],[-49.13802140787886,-26.88141343221413],[-49.13788884035001,-26.8813370621868],[-49.13775012207729,-26.88125283152651],[-49.13759810136695,-26.88115738125901],[-49.13743372963174,-26.88104787801943],[-49.13730955233324,-26.88096138452575],[-49.13717861932534,-26.88086476593728],[-49.13703530699574,-26.88075925953894],[-49.13686392242952,-26.88062584923765],[-49.13674508094113,-26.88052804668936],[-49.13655694392433,-26.88036766590321],[-49.13643457088644,-26.8802579095513],[-49.13624681680209,-26.88009105192888],[-49.13606771659553,-26.87993356612677],[-49.13584811499243,-26.8797394221972],[-49.13565884227373,-26.87957057074521],[-49.13545849991831,-26.87940217769203],[-49.13538673165547,-26.87934461366282],[-49.13527795349489,-26.8792606964587],[-49.13521215672446,-26.87921210709809],[-49.13516296577981,-26.87917650315063],[-49.13509220842058,-26.87912678319901],[-49.13503052461284,-26.87908872893201],[-49.13496936355412,-26.87905022573254],[-49.13491358216558,-26.87901847901717],[-49.13484248886673,-26.87897832106624],[-49.13478361225938,-26.87894683490211],[-49.13469979372301,-26.87890771563371],[-49.13462903675643,-26.87887803928801],[-49.1345199402552,-26.87883097820973],[-49.13442407389681,-26.87879351480264],[-49.13431558603587,-26.8787510178845],[-49.13421504443833,-26.87871576802736],[-49.13414387810423,-26.87869044103768],[-49.13362178702592,-26.8785155933551],[-49.13332873059266,-26.8784188232983],[-49.13297008633905,-26.87830380741769],[-49.1327430681419,-26.87822902228196],[-49.13236848554183,-26.87810583431663],[-49.13210273692194,-26.87802020332034],[-49.13195732422565,-26.8779742035899],[-49.13165412499662,-26.87787762729145],[-49.13131668234357,-26.87776695478314],[-49.13096653527501,-26.8776518775664],[-49.13054645090479,-26.87751619853524],[-49.12999605568172,-26.87733760385736],[-49.12974084150738,-26.87725046436476],[-49.12951378060492,-26.87717279616727],[-49.1292871210769,-26.87710249624942],[-49.12905878240993,-26.87703247701075],[-49.12880672503702,-26.87695768448035],[-49.12859542374063,-26.8768911611471],[-49.12831022881473,-26.87681449549372],[-49.12815035036301,-26.8767721381124],[-49.12786938894735,-26.87670423404804],[-49.1275360571633,-26.8766322894574],[-49.12715190321851,-26.87656533684074],[-49.12688947788927,-26.8765257398527],[-49.12662015236305,-26.87649217945959],[-49.12631113244626,-26.87645926278624],[-49.12609485777413,-26.87643959628387],[-49.12591996535674,-26.87642650316564],[-49.12572087878522,-26.87641451856515],[-49.12547148638735,-26.87640439167137],[-49.12522934409748,-26.87639809003826],[-49.12482099636187,-26.87639140170744],[-49.12432086906454,-26.87638817726326],[-49.12368758285324,-26.87638150114138],[-49.12336284569918,-26.87638114496024],[-49.12303087675511,-26.87637525657628],[-49.12279250845173,-26.87637478739173],[-49.12251767375457,-26.87637427457141],[-49.12227127953308,-26.87637065161947],[-49.12191819778565,-26.87636487805467],[-49.12168956543191,-26.87636257871978],[-49.12138249798186,-26.87636012242028],[-49.1211238194343,-26.87635700384017],[-49.12097348223162,-26.87635480948352],[-49.12074355908133,-26.87635090289785],[-49.12056635102869,-26.87634576657643],[-49.12038341234316,-26.87633483320125],[-49.12027517444609,-26.87632455863637],[-49.12021568731925,-26.87631857457647],[-49.12017542657269,-26.87631475437835],[-49.12011860761719,-26.87630731290216],[-49.12005811757641,-26.87629819428923],[-49.11998207333567,-26.87628353709703],[-49.1198509620956,-26.87625319120108],[-49.11975840690516,-26.87622792630241],[-49.11963719686101,-26.87619409893081],[-49.11957159914903,-26.87617317400359],[-49.11948418250764,-26.87614326943488],[-49.11940724711324,-26.87611569671062],[-49.11932098649054,-26.87608247959775],[-49.11919727192868,-26.8760331283423],[-49.11905617065059,-26.87597476695779],[-49.11891841000998,-26.87591689398805],[-49.11875749154881,-26.875850983692]]
     ]
    },
    "properties": {
    "OBJECTID": 64647,
    "SHAPE.LEN": 2552.56383876331
    }
  },
  {
   "type": "Feature",
    "geometry": {
    "type": "LineString",
     "coordinates": [
      [[-49.11904249400582,-26.8820717839263],[-49.11909398004319,-26.88197273112452]]
     ]
    },
    "properties": {
    "OBJECTID": 61362,
    "SHAPE.LEN": 12.1092285026751
    }
  },
  {
   "type": "Feature",
    "geometry": {
    "type": "LineString",
     "coordinates": [
      [[-49.11772264474017,-26.88049454581037],[-49.11773848528414,-26.88051302067906],[-49.11776102118535,-26.88053398924209],[-49.11778565565569,-26.88055295584975],[-49.11781348073561,-26.88056961914635],[-49.11786621815969,-26.880593643688],[-49.11790977857537,-26.88061308356519],[-49.11799674907883,-26.88065314185911],[-49.11801351003022,-26.88065841060545],[-49.11802719193005,-26.88066125460317],[-49.11804160285928,-26.88066389800957],[-49.11805173487332,-26.88066387864775],[-49.11806188260806,-26.88066321414644],[-49.11807248532127,-26.88065975317943],[-49.11808163703954,-26.88065499121101],[-49.11809703074516,-26.88064454758663],[-49.11810448765925,-26.88063910595698],[-49.11811197719876,-26.88063139115009],[-49.11812144337479,-26.88061888738413],[-49.11813187465208,-26.88060135012163],[-49.11814398336001,-26.88057922209235]]
     ]
    },
    "properties": {
    "OBJECTID": 61359,
    "SHAPE.LEN": 52.2138008927053
    }
  },
  {
   "type": "Feature",
    "geometry": {
    "type": "LineString",
     "coordinates": [
      [[-49.11934368517495,-26.87748101614533],[-49.11934138376143,-26.87747667205225],[-49.11933089700626,-26.87747302681055],[-49.1192853853075,-26.87746170906636],[-49.11914799811888,-26.87743332779822],[-49.11897497809008,-26.87739758343804],[-49.11886242939808,-26.87737570719407],[-49.1188462178478,-26.87737023016118],[-49.11882552895916,-26.87736101095957],[-49.11872395641888,-26.87730678407191],[-49.11877923009104,-26.87721500508122],[-49.11877908910662,-26.87722607251276],[-49.11877846996791,-26.87724723441188],[-49.11878317567498,-26.87727183205432],[-49.1187939185161,-26.87730030997051],[-49.11880413717466,-26.87731534231034],[-49.11881734998685,-26.8773257048271],[-49.11883559660479,-26.8773365955913],[-49.11886202601041,-26.87734700231064],[-49.11887859499073,-26.8773525933137],[-49.11909563768285,-26.87739651012775],[-49.11926342402449,-26.87743000131366],[-49.11933040494316,-26.87744292263856],[-49.11934428116004,-26.87744555968282],[-49.11935373060697,-26.87744735706094]]
     ]
    },
    "properties": {
    "OBJECTID": 61385,
    "SHAPE.LEN": 145.293714339968
    }
  },
  {
   "type": "Feature",
    "geometry": {
    "type": "LineString",
     "coordinates": [
      [[-49.11899104330414,-26.87849409213544],[-49.11898735171912,-26.87848757054274],[-49.11897949140788,-26.87848462183774],[-49.11882374930377,-26.87847533461418],[-49.11873281091869,-26.87846946722038],[-49.1186679565761,-26.87846819469863],[-49.11865998477821,-26.87846997313615],[-49.11864578966522,-26.87848087326176],[-49.11857939829559,-26.87853965269855],[-49.11855474105343,-26.87857130562482],[-49.11852811246619,-26.8785591758593],[-49.11857197118356,-26.8785030712883],[-49.11859003385491,-26.87848612120026],[-49.11861443310944,-26.87846542582694],[-49.11864221160403,-26.87844920353468],[-49.11865638732217,-26.87844421508498],[-49.11867327154755,-26.87844153631542],[-49.11872760854458,-26.8784455038002],[-49.11883685269827,-26.87844958142885],[-49.11892567044633,-26.87844863578387],[-49.11895178498509,-26.87844689040537],[-49.11896391079535,-26.87844218421654],[-49.11897187710829,-26.87843556963573],[-49.11897804972609,-26.87842859631257],[-49.11898020552224,-26.87842380250248]]
     ]
    },
    "properties": {
    "OBJECTID": 61383,
    "SHAPE.LEN": 103.559296385777
    }
  },
  {
   "type": "Feature",
    "geometry": {
    "type": "LineString",
     "coordinates": [
      [[-49.11716936870368,-26.87549169987184],[-49.11718267181076,-26.87547405831887],[-49.11718980163599,-26.8754595467975],[-49.11719207118615,-26.87544345506502],[-49.1171888449613,-26.87542082758308],[-49.1171784830271,-26.87538798251367],[-49.11716278482374,-26.87534043451999],[-49.11712765796559,-26.87526097664714],[-49.11711697344723,-26.8752446842984],[-49.11710955109317,-26.87523451614037]]
     ]
    },
    "properties": {
    "OBJECTID": 60300,
    "SHAPE.LEN": 30.63060334585
    }
  },
  {
   "type": "Feature",
    "geometry": {
    "type": "LineString",
     "coordinates": [
      [[-49.1175722742231,-26.87015115221417],[-49.11765727608093,-26.87019237744746],[-49.11771477536795,-26.87021931207971]]
     ]
    },
    "properties": {
    "OBJECTID": 61400,
    "SHAPE.LEN": 16.0491327407504
    }
  },
  {
   "type": "Feature",
    "geometry": {
    "type": "LineString",
     "coordinates": [
      [[-49.11905549074262,-26.86665942121698],[-49.1190591769322,-26.86665700441386],[-49.11906738633297,-26.86665297983494],[-49.11907742862321,-26.86664918453866],[-49.11908782208768,-26.86664606183002],[-49.11909585761644,-26.86664621932766],[-49.11910372698587,-26.86664887658397]]
     ]
    },
    "properties": {
    "OBJECTID": 61411,
    "SHAPE.LEN": 5.19003009802748
    }
  },
  {
   "type": "Feature",
    "geometry": {
    "type": "LineString",
     "coordinates": [
      [[-49.11742127521934,-26.86825621998365],[-49.1174128595475,-26.86826126434129],[-49.11739210890824,-26.86826474896728],[-49.11737469270909,-26.86826737181749],[-49.11735821443656,-26.86826659538586],[-49.11734550138834,-26.86826337527068],[-49.1173347907539,-26.86825531599084],[-49.1173171572031,-26.86823782631994],[-49.11708992095478,-26.8678755540558],[-49.1170664814155,-26.86784124221736],[-49.11700602672644,-26.86772038549583],[-49.11699666609612,-26.86770234352811],[-49.11697387151389,-26.86766288108829],[-49.11692356856807,-26.86758667786265],[-49.11687972622642,-26.86751895476501],[-49.11682902380863,-26.86743801663504],[-49.11678497416047,-26.86736835560404],[-49.11674034213371,-26.86730341544767],[-49.11667779326358,-26.86722595320386],[-49.11665692361938,-26.86723918136378],[-49.11667839074435,-26.86727110129836],[-49.11674302699329,-26.86736751046626],[-49.11678474398187,-26.86743090174836],[-49.11683701712725,-26.86751938658722],[-49.11689417301159,-26.86760923439446],[-49.11694963227334,-26.86769798278753],[-49.11699406905577,-26.86777302292913],[-49.11703323732569,-26.86784132003691],[-49.117100858095,-26.86794830561669],[-49.11716235097535,-26.86805498477497],[-49.11720612666144,-26.86812614575964],[-49.11724916157437,-26.86821019301242],[-49.11727598855836,-26.86826949202009],[-49.11730250862867,-26.86833201006913],[-49.1173088989347,-26.86835682516461],[-49.11730671148022,-26.86836839966737]]
     ]
    },
    "properties": {
    "OBJECTID": 61407,
    "SHAPE.LEN": 284.694253013928
    }
  },
  {
   "type": "Feature",
    "geometry": {
    "type": "LineString",
     "coordinates": [
      [[-49.11560477747166,-26.87492399057394],[-49.11562101376312,-26.87489456623916],[-49.11564006219528,-26.87485894796264],[-49.11566090300162,-26.87481927209929],[-49.11567738478741,-26.87478985103067],[-49.11569130963923,-26.87476598195597],[-49.11570333632723,-26.87474872517335],[-49.11571669574769,-26.87472739203877],[-49.11573429746953,-26.87470138413028],[-49.11574910106186,-26.87468114974376],[-49.11575702887993,-26.87467545455897],[-49.1157666245136,-26.87467193879403],[-49.11577415913415,-26.87467083613186]]
     ]
    },
    "properties": {
    "OBJECTID": 60302,
    "SHAPE.LEN": 33.324150369076
    }
  },
  {
   "type": "Feature",
    "geometry": {
    "type": "LineString",
     "coordinates": [
      [[-49.10954742032092,-26.87577597951054],[-49.10986795121009,-26.8756426819379],[-49.10994098785123,-26.8756096776841],[-49.11000499860386,-26.87557811050648],[-49.11004810197964,-26.875554879678],[-49.11010873260862,-26.87552048727882],[-49.11021792162363,-26.87545354465623],[-49.11027834732747,-26.87541549126924],[-49.11031280841939,-26.87539187037543],[-49.11046790516609,-26.87528258853177],[-49.11050312320857,-26.87525877643536],[-49.1105333510473,-26.87523981125599],[-49.11062152658045,-26.87518695820336],[-49.11067386078301,-26.87515702618225],[-49.11071805955182,-26.8751382965259],[-49.11080790420311,-26.87510278353532],[-49.11088899841292,-26.87507478302069],[-49.11096536240029,-26.87505106605438],[-49.11102731838425,-26.87503269466345],[-49.11109357631791,-26.87501642420822],[-49.1111738930005,-26.87499940659546],[-49.11124369071999,-26.874986886691],[-49.11130812735387,-26.87497724833792],[-49.11131904730589,-26.87497563066674],[-49.11133277724633,-26.8749746841716],[-49.11134343512883,-26.87497478512451],[-49.11135886016536,-26.8749760067273],[-49.11141013770331,-26.87498165457912],[-49.11146317231205,-26.87499010224591],[-49.11151556529179,-26.87500136640323],[-49.11158727926683,-26.87502064197962],[-49.11165228991341,-26.87503611650343],[-49.11169450115129,-26.87504412788987],[-49.11174391870545,-26.87505068854739],[-49.11180088672094,-26.87505549979964],[-49.11186489743396,-26.87505810717014],[-49.11193186591066,-26.87505606692105],[-49.11197848040384,-26.87505190976565],[-49.1120029320531,-26.87504746636166],[-49.11203170929735,-26.87504121962811],[-49.11207429975865,-26.87503004433223],[-49.11214267491955,-26.87500954959798],[-49.11217765881438,-26.87499732130722],[-49.11227567594916,-26.87496050942986],[-49.11237185014651,-26.87492224497183],[-49.11242797618645,-26.87490188519614],[-49.11247977205078,-26.87488166521373],[-49.11267189771645,-26.87482379749737],[-49.11287067465775,-26.87476431246759],[-49.11306651125374,-26.87470478156169],[-49.11328798408071,-26.87463812293303],[-49.11340218668744,-26.87460312666366],[-49.11345598896912,-26.87458503973321],[-49.1134696553863,-26.87457579201516],[-49.11349071864821,-26.87455203834624],[-49.11358046786195,-26.87443926556393],[-49.11366041269542,-26.87433881116233],[-49.11370001942481,-26.8742822352461],[-49.11371255550747,-26.87425577005698],[-49.11371922556095,-26.87422835465502],[-49.11372022426464,-26.87420257032367],[-49.11371819737393,-26.87418103919228],[-49.11371148931065,-26.87416072633138],[-49.11370469123974,-26.87414492609267],[-49.113692061728,-26.87412645668],[-49.11367861225325,-26.87411227352298],[-49.11366051976665,-26.87409737400246],[-49.11364181722819,-26.87408848476701],[-49.11361352314751,-26.87408116703603],[-49.11358610280298,-26.87407923765979],[-49.11354926726825,-26.87408232188396],[-49.11345621385831,-26.87408926676734],[-49.1133830802051,-26.87409513362994],[-49.11330626058349,-26.87410277535646],[-49.11322297047894,-26.87411150218774],[-49.11312845259305,-26.87412802537616],[-49.11305549859389,-26.87414337521004],[-49.11295521768594,-26.87416831914249],[-49.11288835712137,-26.87418322496788],[-49.11279969894803,-26.8742050106394],[-49.1126847087456,-26.87423532774618],[-49.11256557201191,-26.87426611918089],[-49.11248574568675,-26.8742843779988],[-49.11238421258608,-26.87431113432427],[-49.11223257903592,-26.8743544551181],[-49.11221167540677,-26.87436077280442],[-49.11212826155486,-26.87438262721162],[-49.11194276552016,-26.87442931946048],[-49.11182482965804,-26.87445923093778],[-49.11171432514996,-26.87448740758352],[-49.11160700016863,-26.87451454624443],[-49.11152597284741,-26.87453504401023],[-49.11141992251331,-26.87456196850104],[-49.11106969984719,-26.87465062459463],[-49.11091806339328,-26.87468940480607],[-49.11079861979092,-26.87471940987223],[-49.11040186414907,-26.87482040404286],[-49.11025812878484,-26.87486355931898],[-49.11020435308227,-26.87488346225982],[-49.11017026710726,-26.87489803253477],[-49.11011515126858,-26.87491857008223],[-49.11008389969449,-26.87492865089256],[-49.10998727137698,-26.8749553284477],[-49.10994959803654,-26.87496525472505],[-49.10993939616316,-26.87496732777176],[-49.10992883924126,-26.87496853951667],[-49.10990737650287,-26.87496967125319],[-49.10978703683522,-26.87498060541249],[-49.10967672394717,-26.87499472706015],[-49.10957127280464,-26.87500748759094],[-49.10954676320525,-26.87501020766654],[-49.10953826806593,-26.8750113269259],[-49.10953086380567,-26.87501245446322],[-49.10952381771212,-26.87501401371436],[-49.10951652339354,-26.87501621589309],[-49.10951056328546,-26.87501831949092],[-49.1095042280468,-26.87502149485036],[-49.10949457408424,-26.87502904845859],[-49.1094875471172,-26.8750356281299],[-49.10948244583698,-26.8750415241381],[-49.1094789973107,-26.87504686821876],[-49.10947441495485,-26.87505617661559],[-49.10947203623019,-26.8750634611229],[-49.10946952707287,-26.8750717493622],[-49.10946846464953,-26.87508061656159],[-49.10946748220331,-26.87509338759955],[-49.10948991358752,-26.87531247745478]]
     ]
    },
    "properties": {
    "OBJECTID": 62981,
    "SHAPE.LEN": 947.009946431269
    }
  },
  {
   "type": "Feature",
    "geometry": {
    "type": "LineString",
     "coordinates": [
      [[-49.11403026771286,-26.87301142114599],[-49.11404670873837,-26.87302242467993],[-49.11406827159495,-26.87303458238623],[-49.11409157700427,-26.87304526235013],[-49.11410895972101,-26.87305198214399],[-49.11412793881362,-26.87305851203835],[-49.11413854693053,-26.87306093445911],[-49.11415466319681,-26.87306355044094],[-49.11416933583173,-26.87306485465166],[-49.11418342391375,-26.87306475205278],[-49.11419458838272,-26.87306385226045],[-49.11420516729174,-26.87306154564577],[-49.11421417165754,-26.87305835604705],[-49.11422492694928,-26.87305336569323],[-49.11423274669804,-26.87304811502591],[-49.11424109738498,-26.87304083070051],[-49.11424777520073,-26.87303137138341],[-49.11425379397675,-26.87301814039485],[-49.11425594647378,-26.87300839503422],[-49.11425634425735,-26.87299443194376],[-49.11425517846616,-26.87297904627129],[-49.11425222897425,-26.87296094709065],[-49.114248009454,-26.8729450847134],[-49.11424010741595,-26.87292970119941],[-49.11422007614043,-26.87290821859966],[-49.1141828284061,-26.87287163703371],[-49.11414328793606,-26.87283330001809],[-49.11411408029944,-26.87280511869473],[-49.11408677911675,-26.87277965341686],[-49.11406549258412,-26.87275976335066],[-49.11404637328136,-26.87274173355334],[-49.1140282594509,-26.8727224291864],[-49.11401200098274,-26.87270218742761],[-49.11399440894894,-26.87268127981078],[-49.11397852867562,-26.87266050696146],[-49.11396315293084,-26.87263898899219],[-49.11395114908252,-26.87262042596359],[-49.11393921058178,-26.87259853236677],[-49.11393109207985,-26.87258164133943],[-49.11392241365405,-26.87256216325083],[-49.1139142796703,-26.87253989893011],[-49.11390819013049,-26.87251949414633],[-49.11390413714285,-26.87250148492956],[-49.11389974646892,-26.87246950009859],[-49.11389581680783,-26.87243902783504],[-49.11389407900495,-26.87241535872709],[-49.11389375660073,-26.87238827417862],[-49.11389542324648,-26.87235971608582],[-49.11389800537373,-26.87233439514804],[-49.11390173653484,-26.87230672928949],[-49.11390703407305,-26.87228037684079],[-49.11391454687866,-26.87224728909083],[-49.11392069711489,-26.87222116464376],[-49.1139317813894,-26.87217470042522],[-49.11394804061708,-26.87211424030591],[-49.11396002027438,-26.87206585560177],[-49.11397359784958,-26.87201094036318],[-49.11398857987568,-26.87195314657219],[-49.11399676360058,-26.87192329270508],[-49.1140074271392,-26.87188574129961],[-49.11402203474232,-26.87183449617244],[-49.114032676416,-26.87179801854792],[-49.11404208819353,-26.87176796986339],[-49.11404984665391,-26.8717472435697],[-49.11405985491206,-26.87171806391072],[-49.11407518015793,-26.87168627995682],[-49.1140913862939,-26.8716533280799],[-49.11411158016309,-26.87160453490775],[-49.11413558918628,-26.87154860085652],[-49.11415338115957,-26.87151154171358],[-49.1141860386145,-26.87144535147685],[-49.11421002151658,-26.87139674875665],[-49.11425426775914,-26.87130807633903],[-49.11428610822259,-26.87124617057063],[-49.11433691602765,-26.8711413824852],[-49.11439354355353,-26.87102078835061],[-49.11446868734966,-26.87087459936356],[-49.11452417240977,-26.87074313904041],[-49.114589054751,-26.87058830347328],[-49.11462005819513,-26.87051864857922],[-49.11465618766269,-26.87041221223238],[-49.11465484996771,-26.87040530495242],[-49.11465248496619,-26.87040074783558],[-49.11464817166511,-26.87039551395929],[-49.11463947689872,-26.87038848775614],[-49.11455415754959,-26.87033546333071],[-49.11445427936209,-26.87027424136207],[-49.11436872026474,-26.87022099791343],[-49.11428118194356,-26.87016858275039],[-49.1142038221431,-26.8701225727314],[-49.11412235191499,-26.87007348325103],[-49.11402668756779,-26.87001641858061],[-49.11397541712979,-26.86998511678079],[-49.11392485683277,-26.86995511423582],[-49.11380056100899,-26.86988414923928],[-49.11378365494144,-26.86987699803329],[-49.11374423282242,-26.86986325073237],[-49.11370816771303,-26.86985213775002],[-49.11366720123362,-26.86984266611584],[-49.11363930395522,-26.86983727442469],[-49.11359583643717,-26.86983120281457],[-49.11356570245889,-26.86982814060573],[-49.11353262317935,-26.86982632073983],[-49.11350241034152,-26.86982734256329],[-49.11347726708539,-26.86983059555909],[-49.11345696263064,-26.86983543130066],[-49.11344078480187,-26.86984097831336],[-49.11342404827703,-26.8698501706252],[-49.11340727000042,-26.86986151413943],[-49.11339018210415,-26.86987629146278],[-49.11337476860881,-26.86989260206652],[-49.11336327440878,-26.86990768422989],[-49.11335424868858,-26.86992108624495],[-49.11333917971405,-26.86994471238011],[-49.11332108195197,-26.86997388146181],[-49.11326943045392,-26.87006314880361],[-49.11323715773274,-26.87012004283708],[-49.11320362222136,-26.87017928206353],[-49.11315843363406,-26.87026177240057],[-49.11311126426566,-26.87034662992343],[-49.11309389877751,-26.87037696766681],[-49.11308621251274,-26.8703909173651],[-49.11308254297732,-26.87039837786626],[-49.1130808491254,-26.87040425905235],[-49.11308094588475,-26.87041188808644],[-49.11308370991512,-26.87041998868713],[-49.11308959184582,-26.8704303946056],[-49.11311426175475,-26.870450446415],[-49.11316034109675,-26.8704893168772],[-49.11322541618544,-26.87053332395661],[-49.11328291474773,-26.87057291368316],[-49.11332977173328,-26.87060932500561],[-49.11337150290781,-26.87064028395733],[-49.11341855313557,-26.87067293946997],[-49.11346406340278,-26.87070342084058],[-49.11351373290732,-26.87073901851895],[-49.11352164498899,-26.87074505232793],[-49.11349190540705,-26.87078127042742],[-49.11345878771328,-26.87075434462963],[-49.11343839318512,-26.87073652609025],[-49.11339858317608,-26.87070660189702],[-49.11336307833454,-26.8706784591122],[-49.11331073090904,-26.87063588204381],[-49.11325832395691,-26.87059652909715],[-49.11320755811786,-26.87055956552533],[-49.11314676796206,-26.8705174045786],[-49.11309428187393,-26.8704757931541],[-49.11307002915355,-26.87045813424839],[-49.11306048934796,-26.87045272853984],[-49.11305508426499,-26.87045179078173],[-49.1130447008303,-26.87045282457792],[-49.11303634615343,-26.87045496224906],[-49.11302771740281,-26.87045881658575],[-49.11301258174144,-26.87047547925152],[-49.11298663323594,-26.87050327711397],[-49.11290001908042,-26.87059148889453],[-49.11285265394849,-26.87063671934042],[-49.1127776889538,-26.87070778768409],[-49.11270511384072,-26.87077996559016],[-49.11264493090095,-26.87084038674158],[-49.11259038399579,-26.8708958358961],[-49.11253741897296,-26.87095044779998],[-49.11248434053103,-26.87100473504136],[-49.11241435880105,-26.87107350948024],[-49.11234917550789,-26.87113708411294],[-49.11227784500812,-26.87120712934825],[-49.11228103225162,-26.87124276443459],[-49.11222117210639,-26.87130523314649],[-49.11220604532119,-26.8713085637628],[-49.11215087997087,-26.87136486372452],[-49.11209865963637,-26.87141830300814],[-49.11199670201215,-26.87152134711601],[-49.11199405575941,-26.8715275450027],[-49.11199498661374,-26.87153572943695],[-49.11199799946456,-26.87154211666562],[-49.11200329885919,-26.87154875196947],[-49.11202032177732,-26.87155996297193]]
     ]
    },
    "properties": {
    "OBJECTID": 60267,
    "SHAPE.LEN": 839.334918335192
    }
  },
  {
   "type": "Feature",
    "geometry": {
    "type": "LineString",
     "coordinates": [
      [[-49.111711682411,-26.86537678599124],[-49.11169930022788,-26.86537663949652],[-49.11169103565381,-26.86556232792651],[-49.11168513914858,-26.8657531611351],[-49.11168370863976,-26.8658880991826],[-49.11168366629184,-26.86615810860814],[-49.11168248024811,-26.86616298567098],[-49.11168138488047,-26.86616634218781],[-49.11167910448809,-26.86617245470724],[-49.11167280077419,-26.86618061197476]]
     ]
    },
    "properties": {
    "OBJECTID": 61824,
    "SHAPE.LEN": 90.60120608659139
    }
  },
  {
   "type": "Feature",
    "geometry": {
    "type": "LineString",
     "coordinates": [
      [[-49.11100011365161,-26.8660999068396],[-49.11099515911333,-26.86609330951105],[-49.11099128914877,-26.86608654977348],[-49.11098933075992,-26.86608049072132],[-49.1109870598142,-26.86607125671216],[-49.11098550362197,-26.86605928479035],[-49.11097179897965,-26.86582520497322],[-49.11096438224706,-26.86571309059295],[-49.11095721236016,-26.86562354773207],[-49.11095059180588,-26.86552057092583],[-49.11094269903589,-26.86538671865255],[-49.11093054818178,-26.86522065398401],[-49.11092083150854,-26.86512019010043],[-49.1109083481773,-26.8649977510141],[-49.11090208295649,-26.86495575304595],[-49.11090052520774,-26.86494133238992],[-49.11089893681169,-26.86492572803591],[-49.11089018516974,-26.86484670891745],[-49.11088849165234,-26.8648251370745],[-49.11085760292232,-26.86482669992477],[-49.11087115017652,-26.86496529325319],[-49.11088392622521,-26.86508755664022],[-49.11089754404912,-26.8652178489355],[-49.11091458575069,-26.86552598800837],[-49.11092383014351,-26.86569732011391],[-49.11093263353398,-26.86581483062893],[-49.1109536894326,-26.86605946966743],[-49.11095273852119,-26.86607829479478],[-49.11095183871433,-26.86608399251545],[-49.11094767689657,-26.86609406748957]]
     ]
    },
    "properties": {
    "OBJECTID": 61831,
    "SHAPE.LEN": 285.865475890769
    }
  },
  {
   "type": "Feature",
    "geometry": {
    "type": "LineString",
     "coordinates": [
      [[-49.10804232547126,-26.87582705776567],[-49.10804402277279,-26.87582842534257],[-49.10804462078002,-26.8758295038134],[-49.10804495433528,-26.87583262218932],[-49.10804500843729,-26.87583928577684],[-49.10804739984265,-26.87612517826787],[-49.10806323307554,-26.87628636314769],[-49.10807695414558,-26.87645181422615],[-49.10808836796355,-26.87672838289983],[-49.10809917488353,-26.87687898988893],[-49.10810763809229,-26.876997357745],[-49.10811581077754,-26.87709702832811],[-49.10814061884499,-26.87709539200588],[-49.1081324544575,-26.876995826234],[-49.10812399859621,-26.87687755956602],[-49.10811321278727,-26.8767272543227],[-49.10810179372803,-26.87645057365824],[-49.1080880266838,-26.87628455694856],[-49.10807226560476,-26.87612411405647],[-49.10806988133834,-26.87583911882588],[-49.10807030192175,-26.87583374687219],[-49.1080706857997,-26.8758320298856],[-49.10807179360574,-26.87583096162156],[-49.10807328596374,-26.87583025141682]]
     ]
    },
    "properties": {
    "OBJECTID": 62993,
    "SHAPE.LEN": 284.070248653366
    }
  },
  {
   "type": "Feature",
    "geometry": {
    "type": "LineString",
     "coordinates": [
      [[-49.10748831520761,-26.87688245075309],[-49.1074642065888,-26.87685273431261],[-49.10743343900167,-26.87682126881644],[-49.10741750568028,-26.87681187972317],[-49.10730849075848,-26.87676210498928],[-49.10728288149834,-26.876724657658],[-49.10722573943865,-26.87661075977307],[-49.10715294527617,-26.87647416794276],[-49.10710294005804,-26.87640058739493],[-49.10705192514038,-26.8763272036043],[-49.10699496399597,-26.87625418148675],[-49.10698966525747,-26.87624853975314],[-49.10698458099385,-26.8762459128092],[-49.10697899619121,-26.87624457346092],[-49.10697364090873,-26.87624474179197],[-49.10696973650055,-26.87624578430837],[-49.10696386250082,-26.87624917693221],[-49.10695894659695,-26.8762540842899],[-49.106951809533,-26.87626810413843]]
     ]
    },
    "properties": {
    "OBJECTID": 62987,
    "SHAPE.LEN": 93.28996307951169
    }
  },
  {
   "type": "Feature",
    "geometry": {
    "type": "LineString",
     "coordinates": [
      [[-49.10948991358752,-26.87531247745478],[-49.10950596614621,-26.87549598878121],[-49.10952181765712,-26.87574403028121],[-49.10952250717128,-26.87574801809265],[-49.109524294179,-26.87575179855409],[-49.10954742032092,-26.87577597951054]]
     ]
    },
    "properties": {
    "OBJECTID": 62980,
    "SHAPE.LEN": 52.3579613088994
    }
  },
  {
   "type": "Feature",
    "geometry": {
    "type": "LineString",
     "coordinates": [
      [[-49.10477095641532,-26.87362416105479],[-49.1047549889431,-26.87360877357032],[-49.10472355444324,-26.87361515556773],[-49.10467715772489,-26.87362613497249],[-49.10463870302488,-26.87363801607623],[-49.10460283763356,-26.87364979471233]]
     ]
    },
    "properties": {
    "OBJECTID": 61167,
    "SHAPE.LEN": 18.1370052510404
    }
  },
  {
   "type": "Feature",
    "geometry": {
    "type": "LineString",
     "coordinates": [
      [[-49.10713511502851,-26.87097747707553],[-49.10714016131067,-26.87100466728442],[-49.10714001644982,-26.87103765473916],[-49.10713956670092,-26.8710787351782],[-49.10713574706715,-26.87108672331324],[-49.10712941185114,-26.87109715804593],[-49.10711875192543,-26.87110783720842]]
     ]
    },
    "properties": {
    "OBJECTID": 61203,
    "SHAPE.LEN": 15.1294172798895
    }
  },
  {
   "type": "Feature",
    "geometry": {
    "type": "LineString",
     "coordinates": [
      [[-49.10679290028354,-26.87079346882365],[-49.1069199815847,-26.87086012221095],[-49.10702560678435,-26.87090961877651],[-49.10711697276716,-26.87094897146808],[-49.10722979343075,-26.87099035438711]]
     ]
    },
    "properties": {
    "OBJECTID": 64609,
    "SHAPE.LEN": 48.6567739613392
    }
  },
  {
   "type": "Feature",
    "geometry": {
    "type": "LineString",
     "coordinates": [
      [[-49.10587279047353,-26.86992200031557],[-49.10589294953398,-26.86992922674301],[-49.10591450040045,-26.86993011764409],[-49.10594772286666,-26.86992345603453],[-49.10605660253319,-26.86987149609518]]
     ]
    },
    "properties": {
    "OBJECTID": 61218,
    "SHAPE.LEN": 19.9402543589109
    }
  },
  {
   "type": "Feature",
    "geometry": {
    "type": "LineString",
     "coordinates": [
      [[-49.10707877201722,-26.86697452642364],[-49.10707620685846,-26.86696889695039],[-49.10707354329055,-26.86695811782501],[-49.10706476921561,-26.866728378644],[-49.10706107880666,-26.86660183399309],[-49.10703636174497,-26.86660231342137],[-49.10702024605285,-26.86660293243459],[-49.10703478001362,-26.86695755796156],[-49.10703391129256,-26.8669600473823],[-49.10703179909721,-26.8669617249704],[-49.10702898587838,-26.86696246982542],[-49.10702557142942,-26.86696215150697],[-49.10702428192955,-26.86696108182157],[-49.10701932586066,-26.86695646190067],[-49.10701464272476,-26.86694790225032],[-49.10700561095229,-26.86672880919581],[-49.10696986719164,-26.86672968515921],[-49.10698153247366,-26.86698613259268],[-49.10698149704128,-26.86699255038605],[-49.10697779391206,-26.86699554609458]]
     ]
    },
    "properties": {
    "OBJECTID": 61830,
    "SHAPE.LEN": 145.412201173904
    }
  },
  {
   "type": "Feature",
    "geometry": {
    "type": "LineString",
     "coordinates": [
      [[-49.10503096400431,-26.86854089235865],[-49.10496508430492,-26.86855488524333],[-49.10493704865712,-26.86855590916852],[-49.10490832651248,-26.86855283608656],[-49.10488260969348,-26.86854975275944],[-49.10484824606672,-26.86854127967343],[-49.1047702906465,-26.86852797708661]]
     ]
    },
    "properties": {
    "OBJECTID": 61220,
    "SHAPE.LEN": 26.3961798949625
    }
  },
  {
   "type": "Feature",
    "geometry": {
    "type": "LineString",
     "coordinates": [
      [[-49.09967450028802,-26.86502695049711],[-49.09969193988169,-26.86504844078774],[-49.09975237951613,-26.86511867190423],[-49.09981124520491,-26.86517963398867],[-49.09985953714683,-26.86522691426148],[-49.09990546810658,-26.8652683573735],[-49.09997535440041,-26.86532988907602],[-49.1000687452023,-26.86540892279564],[-49.10014497961728,-26.86547203985558],[-49.1002493155223,-26.86555658825658],[-49.10031273680926,-26.86560814421549],[-49.10038364983362,-26.86566667761869],[-49.10047582285649,-26.86574526599188],[-49.10057684204568,-26.8658383756971],[-49.10068749802631,-26.86594236008421],[-49.10076086945435,-26.86601640923061],[-49.10085954935065,-26.86611830733355],[-49.10092395044901,-26.86618600623449],[-49.10097603892378,-26.86624150643682],[-49.10101836167225,-26.86628518425623],[-49.10102308672645,-26.86629006121667],[-49.10105930268625,-26.86632578916176],[-49.10113643912057,-26.86639407880529],[-49.10121506880689,-26.8664608820656],[-49.10128695668421,-26.86651985687242],[-49.10135234619023,-26.86657100831112],[-49.10142648141429,-26.86662721614636],[-49.10148636442316,-26.86666990946833],[-49.10156715194503,-26.86672383462158],[-49.10164236609226,-26.86677360338771],[-49.10170499007197,-26.86681332062662],[-49.1017649488437,-26.86685106780617],[-49.10182785749183,-26.86688820743445],[-49.10189175237664,-26.86692492975178],[-49.10197366162133,-26.86696962099953],[-49.10205095896745,-26.86701145767346],[-49.10214870382825,-26.86706236999347],[-49.10222577890327,-26.86710269898756],[-49.10229753222662,-26.86713844447003],[-49.10236692211283,-26.86717289095543],[-49.10237637699706,-26.86717833141887],[-49.10246741204313,-26.86722372349407],[-49.10257201079829,-26.86727602728497],[-49.10265339770444,-26.86731647081437],[-49.10273635004467,-26.86735719074712],[-49.10282071272871,-26.86739891699215],[-49.10290328809741,-26.86744034210184],[-49.10299535095096,-26.86748568356634],[-49.10307086147459,-26.86752367238414],[-49.10318023834779,-26.8675781383868],[-49.10328350345799,-26.86762928561638],[-49.10339399688596,-26.86768458147872],[-49.10349029809294,-26.86773203560092],[-49.10358688501745,-26.86778022458599],[-49.10369926133244,-26.86783590652124],[-49.10380297637082,-26.86788828513137],[-49.10390740423208,-26.86794252262379],[-49.10399708738033,-26.86799168736293],[-49.10406936870906,-26.86803295294222],[-49.10411260852629,-26.86805820605998],[-49.10415733922019,-26.86808566973374],[-49.10420855836042,-26.86811753207696],[-49.10426776142204,-26.86815578799506],[-49.10431627951368,-26.86818800668862],[-49.10436466864333,-26.86822071825145],[-49.10441751344879,-26.8682576983095],[-49.10449076843503,-26.86831259400171],[-49.10454622151811,-26.86835635851095],[-49.10458463902023,-26.86838841997037],[-49.10463026464663,-26.8684281354232],[-49.10465833654993,-26.86845263616499]]
     ]
    },
    "properties": {
    "OBJECTID": 65966,
    "SHAPE.LEN": 629.4690867572081
    }
  },
  {
   "type": "Feature",
    "geometry": {
    "type": "LineString",
     "coordinates": [
      [[-49.10388908264359,-26.88207857531804],[-49.10388880725376,-26.88211708111542],[-49.10388728343008,-26.88215729498598],[-49.10388186587754,-26.88221381585963],[-49.10387280041741,-26.88226835985462],[-49.10385440452139,-26.88236088012976],[-49.10385483330398,-26.88236540239737],[-49.10385602557658,-26.88236778225944],[-49.10385724671706,-26.8823680107575],[-49.10385896771034,-26.88236759971768],[-49.10385974255211,-26.88236459640285],[-49.10385981879485,-26.88235900413599],[-49.1038612517436,-26.88234352967685],[-49.10386729496614,-26.88231326243507],[-49.10387514217881,-26.88227634572888],[-49.10388006506219,-26.88225639257707],[-49.10389069155384,-26.88223133968614],[-49.10390448102419,-26.88220782753382],[-49.1039186668221,-26.88219120377752],[-49.10393551156643,-26.88217719167406],[-49.10395753479325,-26.88216065506052],[-49.10397477586526,-26.88215353134968],[-49.10401782850278,-26.88213959391251],[-49.10404168845908,-26.88213211315721],[-49.10404325048566,-26.88212524562881],[-49.10397288920633,-26.88205755902291],[-49.10388739650351,-26.88196776094413],[-49.10388908264359,-26.88207857531804]]
     ]
    },
    "properties": {
    "OBJECTID": 66650,
    "SHAPE.LEN": 103.854526474124
    }
  },
  {
   "type": "Feature",
    "geometry": {
    "type": "LineString",
     "coordinates": [
      [[-49.10200057648632,-26.88350028424904],[-49.10196576930024,-26.88354749621811],[-49.10194356467389,-26.88357750466923],[-49.10192393411106,-26.88360128921811],[-49.10191463929852,-26.88360968286605],[-49.10189739598914,-26.88362203943641],[-49.1018359013224,-26.88366418038401],[-49.10183457819215,-26.88366680174637],[-49.10183341253241,-26.8836704803403],[-49.10183240988596,-26.88367476404792],[-49.10183229646742,-26.88368305632727],[-49.1018350807276,-26.88369274412279],[-49.10184117897791,-26.88370481503528],[-49.10185189218478,-26.8837181547119],[-49.10186036721936,-26.88372580965065],[-49.10186606617199,-26.88372943066219],[-49.10187246757376,-26.883731854364],[-49.10187905717896,-26.88373307474828],[-49.1018894466872,-26.88373253742468],[-49.10189625121195,-26.88373059444708],[-49.10190325453374,-26.88372669373767],[-49.10190699738736,-26.8837227483127],[-49.10195201122487,-26.88363107434619],[-49.10197514106219,-26.88358358723622],[-49.10200697108122,-26.8835210645173],[-49.10202877361785,-26.88347024167878],[-49.10206037400489,-26.88337152151244],[-49.10209730536191,-26.88324940679377],[-49.10212902130925,-26.8831326185116],[-49.10214997353188,-26.88305081129666],[-49.10215582299659,-26.88303494130383],[-49.10217025525301,-26.88300021530106],[-49.10222275157629,-26.8828321905367],[-49.10226876777394,-26.88269036361424],[-49.10230100633824,-26.88258908319914],[-49.10232224915184,-26.88252191879044],[-49.10233692424116,-26.8824874108401],[-49.10236386042814,-26.88243365491465],[-49.10239400443692,-26.88237821092721],[-49.10242027854996,-26.88233715080859],[-49.10245214551101,-26.88229894937037],[-49.10247646162586,-26.8822757385323],[-49.10246289142324,-26.88226526051411],[-49.10242067187183,-26.88230830512622],[-49.10240697302331,-26.88232516903212],[-49.10238271354003,-26.88236215940217],[-49.10234962317777,-26.88241821907909],[-49.10232646451932,-26.88246426356306],[-49.10230245091367,-26.88251912649504],[-49.1022886847848,-26.88255881121418],[-49.10225692494517,-26.88266095821682],[-49.10220321938503,-26.88282901459308],[-49.10215522682101,-26.88297447850391],[-49.10214813798129,-26.88300368099937],[-49.10214284987672,-26.88304565211384],[-49.10211329663385,-26.88317228320874],[-49.10204166323129,-26.88341254868467],[-49.10202283925923,-26.88346607145026],[-49.10200057648632,-26.88350028424904]]
     ]
    },
    "properties": {
    "OBJECTID": 66652,
    "SHAPE.LEN": 356.141177201298
    }
  },
  {
   "type": "Feature",
    "geometry": {
    "type": "LineString",
     "coordinates": [
      [[-49.10074940542709,-26.87273238715497],[-49.10076478575618,-26.87273468968785],[-49.10077121110182,-26.87273576347931],[-49.10077772601402,-26.87273623555068],[-49.10078426013244,-26.87273610044325],[-49.1007907419698,-26.87273535990387],[-49.10079709991821,-26.87273402289837],[-49.10080326432192,-26.87273210202922],[-49.10080916836282,-26.87272962076797],[-49.10081474619894,-26.87272660440444],[-49.10081993788992,-26.87272308643107],[-49.10082468640852,-26.87271910669747],[-49.10082893872224,-26.87271470691216],[-49.10083264872155,-26.87270993609732],[-49.10083319041152,-26.87270914008175],[-49.10083646671802,-26.87270321986788],[-49.10083903296393,-26.87269702926401],[-49.10084085982892,-26.87269063647221],[-49.10084192805486,-26.87268410982974],[-49.10084222957631,-26.87267853412998],[-49.1008405359381,-26.87260956955936],[-49.10083705054577,-26.87257175513276],[-49.100830973005,-26.87246929734617],[-49.10082487705511,-26.8723842609202],[-49.10081537159038,-26.872264338154],[-49.10081057323882,-26.87219114838805],[-49.10079477139685,-26.87203178667004],[-49.10083634302543,-26.87203019279039],[-49.10083729169686,-26.87203015680224],[-49.10083736812556,-26.87203100354751],[-49.10084623768881,-26.87212899679479],[-49.10085338326711,-26.87224222318768],[-49.10085862707935,-26.872350908407],[-49.1008788322295,-26.87235008154373],[-49.10088888814742,-26.87249861809309],[-49.10089925923027,-26.87259403118176],[-49.10090514813483,-26.87264400498459],[-49.10090744176578,-26.8726713497044],[-49.10090885843861,-26.87268197316408],[-49.1009115027321,-26.8726924308027],[-49.10091534532367,-26.8727026103061],[-49.10092034280357,-26.87271239917075],[-49.10092644160929,-26.87272169017211],[-49.10093072672925,-26.87272713075727],[-49.10093235527474,-26.87272875021354],[-49.10093416633219,-26.87273022861256],[-49.10093614108497,-26.87273154764981],[-49.10093825559483,-26.87273269436744],[-49.10094048894217,-26.87273365584811],[-49.10094281514615,-26.87273442091166],[-49.1009452091718,-26.87273498200096],[-49.10094562759092,-26.87273505802603],[-49.10100041291298,-26.87274347622472],[-49.10108787495192,-26.87275681578253],[-49.10118647811604,-26.87277204067411],[-49.10128113584378,-26.8727872160885],[-49.10139277791831,-26.87280411073066],[-49.10158732900556,-26.87283151424335],[-49.10175210913125,-26.872855316973],[-49.10185365805823,-26.87287122361852],[-49.10200811126856,-26.87289338993767],[-49.10204843595923,-26.87289970542744],[-49.10206431114835,-26.87290287372485],[-49.1020797290039,-26.87290751249959],[-49.10208426219746,-26.87290919171958],[-49.10217407616931,-26.87294581810512],[-49.10217962809823,-26.87294784676585],[-49.10218538516353,-26.87294934385384],[-49.10219128624153,-26.8729502932042],[-49.10219174736107,-26.87295034362434],[-49.10227316096069,-26.87296169406358],[-49.10240595418386,-26.87298165104785],[-49.10258743425101,-26.87300910420149],[-49.10262802653016,-26.87301434724528],[-49.10263917239093,-26.873015890505],[-49.102650442345,-26.87301639114399],[-49.10266171267128,-26.87301584479312],[-49.10267285846164,-26.87301425789825],[-49.10268375965831,-26.87301164780144],[-49.10269429501648,-26.87300804265981],[-49.10270435015423,-26.8730034815536],[-49.10271381351243,-26.8729980153346],[-49.10272258345876,-26.8729917031111],[-49.10273056322631,-26.87298461398518],[-49.10273717084875,-26.87297742520135],[-49.1027456273593,-26.87296661752418],[-49.10275277749276,-26.87295508648621],[-49.10275854268188,-26.87294295649143],[-49.10276286029345,-26.87293036208614],[-49.10276568275763,-26.87291743982406],[-49.10276641471245,-26.8729119384926],[-49.10276788654659,-26.87287671066025],[-49.10276796284914,-26.87287455180832],[-49.10276510516928,-26.87276896199521],[-49.1027604182822,-26.87262078279711],[-49.10275754036286,-26.87245069877609],[-49.10276236196682,-26.87232671728243],[-49.10275933840998,-26.87221575036465]]
     ]
    },
    "properties": {
    "OBJECTID": 61738,
    "SHAPE.LEN": 438.51787196817
    }
  },
  {
   "type": "Feature",
    "geometry": {
    "type": "LineString",
     "coordinates": [
      [[-49.10394852455588,-26.86771372737783],[-49.10395009786389,-26.86773186872448],[-49.10395624105418,-26.86774628234845],[-49.10396629313437,-26.86776093705934],[-49.10405361467053,-26.86783999427712],[-49.10415472924925,-26.86790197100344],[-49.10421383047229,-26.86794173920397],[-49.10425412629346,-26.86797527368671],[-49.10429256803825,-26.86801335125384],[-49.10431845804261,-26.86804852199509],[-49.10435010305756,-26.86809797296689],[-49.10438649776346,-26.86814655437793],[-49.10442267528072,-26.86819898779525],[-49.10445548279254,-26.8682308178855],[-49.10448117290629,-26.86825444550345],[-49.10451001025367,-26.86829375256888]]
     ]
    },
    "properties": {
    "OBJECTID": 61175,
    "SHAPE.LEN": 86.60883065671869
    }
  },
  {
   "type": "Feature",
    "geometry": {
    "type": "LineString",
     "coordinates": [
      [[-49.10314221235143,-26.86765604968],[-49.10310922152065,-26.86765200011421],[-49.10306913461357,-26.86764692021001],[-49.10304255825014,-26.86764542529626],[-49.10302606782719,-26.86764491058907],[-49.103011681388,-26.86764472197626],[-49.10299808442649,-26.86764607383621],[-49.10298006663553,-26.8676499396083],[-49.1029687660151,-26.86765384049543],[-49.10295810076936,-26.86765971122135],[-49.10294694126689,-26.86767167856873],[-49.10289767442654,-26.86771733766179],[-49.10287009583467,-26.86773657419752],[-49.1028499773744,-26.86775136999436],[-49.10283532146793,-26.86776075233171],[-49.10281850680045,-26.86777019594292],[-49.10280293383325,-26.86777844586075],[-49.10279257663097,-26.86778328544782],[-49.10278234497807,-26.86778596954956],[-49.10277624339246,-26.8677858334754],[-49.10276959639389,-26.86778424685024],[-49.1027665894277,-26.86778303041491],[-49.10272132102377,-26.86776363088516],[-49.10272016056329,-26.86776279124744],[-49.10271976731878,-26.86776205216875],[-49.10271965289775,-26.86776149103189],[-49.1027197242954,-26.8677602283762],[-49.10271999639286,-26.86775918142444],[-49.10272093198626,-26.86775691225963],[-49.10272329101419,-26.86775220898937],[-49.10272409449038,-26.86775007704826],[-49.10272444479545,-26.86774940932822],[-49.10272486380114,-26.86774854486521],[-49.10272471469382,-26.86774819266158],[-49.10272316136228,-26.86774695332092],[-49.10271970080044,-26.8677449356201],[-49.10271592345109,-26.86774332614573],[-49.10271072256711,-26.86774138345997],[-49.10270817780714,-26.86774033208356],[-49.10265337909964,-26.86771578802658],[-49.10262584130564,-26.86770370096598],[-49.10258788213586,-26.86768763799871],[-49.10256880752797,-26.86767981282924],[-49.10254965827844,-26.86767211843197],[-49.10254005219792,-26.86766831684168],[-49.10252604501804,-26.86766289288311],[-49.10249785355581,-26.86765240542163],[-49.10244121671845,-26.86763193161586],[-49.10241303188222,-26.86762140992888],[-49.10236225108321,-26.86760191640873],[-49.10233694567734,-26.86759199207228],[-49.10229923788758,-26.8675766102447],[-49.10227434436475,-26.86756588722857],[-49.10226198963525,-26.86756034824371],[-49.10224359261808,-26.86755178569666],[-49.10222376249663,-26.86754225799567],[-49.10218432185373,-26.8675228896314],[-49.10214512460448,-26.86750316981091],[-49.10211909873536,-26.86748986552161],[-49.10206721766136,-26.8674629821289],[-49.10189162317898,-26.86737139263661],[-49.1019099046776,-26.86734504543663],[-49.10200265456023,-26.86738627918229],[-49.10201367714418,-26.86739143475096],[-49.10202090382042,-26.86739506903031],[-49.10203513681606,-26.86740269656352],[-49.10207720551328,-26.86742662129449],[-49.10209143717922,-26.86743426866122],[-49.10209866363481,-26.86743791647254],[-49.10214989295716,-26.86746290741287],[-49.10221847915039,-26.86749576998247],[-49.10225288014275,-26.86751203888575],[-49.10227851544961,-26.86752408331784],[-49.10232996796211,-26.86754782711747],[-49.10235586173413,-26.86755940115171],[-49.10236886718884,-26.86756508605932],[-49.10238317916151,-26.86757106018759],[-49.10239281242504,-26.86757486034793],[-49.10241223826294,-26.86758214148701],[-49.10243178904825,-26.86758917248106],[-49.10245786683388,-26.86759852681246],[-49.10247083962143,-26.86760333576824],[-49.1024901260469,-26.8676108903123],[-49.10249966358562,-26.86761487872236],[-49.1025783052916,-26.8676487471386],[-49.10261759894185,-26.86766571436118],[-49.10266976298421,-26.86768850183313],[-49.1026962496563,-26.86769989151808],[-49.10269965826013,-26.86770122346233],[-49.1027066978163,-26.86770334878696],[-49.10271392930377,-26.86770476816158],[-49.10271879398132,-26.86770532809101],[-49.10272203522605,-26.86770553226841],[-49.10272846202044,-26.86770553912898],[-49.10273508483049,-26.86770513794635],[-49.10273950167105,-26.86770473241804],[-49.10274833532212,-26.86770362170347],[-49.10276158783515,-26.86770132114302],[-49.10277042406175,-26.86769945319562],[-49.10278809630034,-26.86769518748081],[-49.10280083121033,-26.86769175986351],[-49.10280705861769,-26.86768990472532],[-49.10281628277644,-26.86768686321158],[-49.10282542707586,-26.86768342078136],[-49.10282999167296,-26.8676815189483],[-49.10283686382065,-26.86767835920836],[-49.10284127214599,-26.86767611229585],[-49.10284972816474,-26.86767127696582],[-49.10285380003658,-26.86766868706776],[-49.10286169102046,-26.86766315457876],[-49.10286932324325,-26.86765714656516],[-49.10287431691868,-26.86765287218828],[-49.10288420052895,-26.86764366496175],[-49.10288970180491,-26.86763804172114],[-49.10289226784176,-26.86763516534434],[-49.10289578746762,-26.86763075023148],[-49.1028988051961,-26.86762619660363],[-49.10290008811558,-26.86762385989373],[-49.10290212777338,-26.86761905575621],[-49.10290285443176,-26.86761658160673],[-49.10290353694349,-26.86761277284878],[-49.10290384212239,-26.86760865846546],[-49.1029038981827,-26.86760590273353],[-49.10290370474095,-26.8676003682133],[-49.1029028143033,-26.86759203355326],[-49.1029019459862,-26.86758647372637],[-49.10289994084994,-26.86757540191509],[-49.10289931548709,-26.86757078222965],[-49.10289854494984,-26.86756460995986],[-49.10289786377871,-26.86756158528965],[-49.10289679376761,-26.8675586429497],[-49.10289606688008,-26.86755721162505],[-49.10289468869577,-26.86755512621081],[-49.10289256695364,-26.86755254793307],[-49.10288798934632,-26.86754793385641],[-49.10288308424052,-26.86754382714675],[-49.10287284716033,-26.8675361053187],[-49.10281687282051,-26.86749288286232]]
     ]
    },
    "properties": {
    "OBJECTID": 61211,
    "SHAPE.LEN": 275.1482979813391
    }
  },
  {
   "type": "Feature",
    "geometry": {
    "type": "LineString",
     "coordinates": [
      [[-49.10121063194161,-26.88034271939914],[-49.10118453836132,-26.88034287681727],[-49.10116510891548,-26.88034261385001],[-49.10115539349029,-26.88034222331556],[-49.1011456856006,-26.8803416830535],[-49.10110689741159,-26.88033837269506],[-49.10106813801475,-26.88033406265479],[-49.10104875877023,-26.8803318805594],[-49.10102937370196,-26.88032986626292],[-49.1010101758305,-26.88032791314791],[-49.10099102548,-26.88032576661452],[-49.10097190815959,-26.88032339036474],[-49.10095281038474,-26.88032074811418],[-49.10094034843448,-26.88031847577031],[-49.10092810603479,-26.88031541300931],[-49.10091606404236,-26.88031168142217],[-49.10090420029498,-26.88030740255927],[-49.10089854346759,-26.88030488593644],[-49.10089308325161,-26.88030204793045],[-49.1008876080276,-26.88029926477985],[-49.10088498681521,-26.88029807514199],[-49.1008661162339,-26.88028726217306],[-49.10085069474955,-26.88027556049837],[-49.10083262177474,-26.88025827953154],[-49.10080627490968,-26.88022855628471],[-49.10078335867265,-26.88019658118805],[-49.10078104907567,-26.88019348948967],[-49.1007672869674,-26.88017241967738],[-49.10075604790372,-26.88015016349725],[-49.10074745566902,-26.88012696270024],[-49.10074160361732,-26.8801030730693],[-49.10073649452158,-26.88007303422357],[-49.10073178781356,-26.88001435291041],[-49.10073395477681,-26.87995554017071],[-49.10074106167259,-26.87985296277281],[-49.10075103538717,-26.87974073562523],[-49.1007589956243,-26.87966098329893],[-49.10076743453351,-26.87958209846731],[-49.10076847555103,-26.87957232849917],[-49.10077765392861,-26.87951965008012],[-49.10079269000276,-26.87946812628562],[-49.10079886360387,-26.8794515296102]]
     ]
    },
    "properties": {
    "OBJECTID": 61760,
    "SHAPE.LEN": 132.277625255562
    }
  },
  {
   "type": "Feature",
    "geometry": {
    "type": "LineString",
     "coordinates": [
      [[-49.10070859911558,-26.88053583955374],[-49.10070991407712,-26.88053496999759],[-49.1008595213826,-26.88045042489496],[-49.10088897834122,-26.88042801723212],[-49.10090835907693,-26.88041036337741],[-49.10093625162326,-26.88038833271029],[-49.10093911075571,-26.88038691077248],[-49.10094212025589,-26.88038576614283],[-49.10094524675027,-26.88038490830106],[-49.10094845581374,-26.88038434942048],[-49.10094984159192,-26.88038424078601]]
     ]
    },
    "properties": {
    "OBJECTID": 61762,
    "SHAPE.LEN": 29.4475635934293
    }
  },
  {
   "type": "Feature",
    "geometry": {
    "type": "LineString",
     "coordinates": [
      [[-49.10021704105618,-26.87726511924356],[-49.10026625017712,-26.87723653918428],[-49.10036575769633,-26.87717309906592],[-49.10045190579653,-26.87711725497364],[-49.10056676784536,-26.87703895980282],[-49.10067749752007,-26.87697177750058],[-49.10079026421674,-26.8769007404931],[-49.10089162574566,-26.87683437165991]]
     ]
    },
    "properties": {
    "OBJECTID": 61725,
    "SHAPE.LEN": 82.30558521845339
    }
  },
  {
   "type": "Feature",
    "geometry": {
    "type": "LineString",
     "coordinates": [
      [[-49.10107366300098,-26.87512886877272],[-49.10106889817916,-26.87508455663516],[-49.10106221807847,-26.87500416969806],[-49.1010570372301,-26.8749713815289],[-49.10104944127256,-26.87491875557951],[-49.10103806999749,-26.87483307152521],[-49.10103570482158,-26.87481524446236],[-49.10102505442534,-26.8747035911265],[-49.10101633211675,-26.87457882845244],[-49.10100822408091,-26.87447861699751],[-49.10100327365416,-26.87441439865979],[-49.10099586089824,-26.87431721026383],[-49.10099108044118,-26.87424179860267],[-49.100982931586,-26.87416053175712],[-49.10097617167245,-26.87409118771178]]
     ]
    },
    "properties": {
    "OBJECTID": 61732,
    "SHAPE.LEN": 115.417333417753
    }
  },
  {
   "type": "Feature",
    "geometry": {
    "type": "LineString",
     "coordinates": [
      [[-49.10049635446074,-26.87652162817086],[-49.10046236545275,-26.87650182618678],[-49.10035159608435,-26.87643445750932],[-49.10022630525986,-26.87636474534127],[-49.10009739356519,-26.87628959868068],[-49.09997657210045,-26.87621800495564],[-49.09987354723986,-26.87616086250763],[-49.09977274590251,-26.87610353327538],[-49.09970714303095,-26.87606842236697],[-49.09966158321168,-26.87604606911937],[-49.09965940996192,-26.8760451219638],[-49.09965691157657,-26.87604375615074],[-49.09965458505398,-26.87604216429667]]
     ]
    },
    "properties": {
    "OBJECTID": 61750,
    "SHAPE.LEN": 99.1180129936444
    }
  },
  {
   "type": "Feature",
    "geometry": {
    "type": "LineString",
     "coordinates": [
      [[-49.09957648173707,-26.87600687616214],[-49.09957812711541,-26.87600737034397],[-49.09957982140765,-26.87600770813485],[-49.09958154557047,-26.87600788476576],[-49.09958328050015,-26.87600789907712],[-49.0995850070779,-26.87600775081176],[-49.09958670816723,-26.87600744154435],[-49.09958836257646,-26.87600697460012],[-49.09958995513636,-26.87600635428795],[-49.09959146557092,-26.8760055893609],[-49.0995928786807,-26.87600468593256],[-49.09959417816946,-26.87600365551728],[-49.09959535178104,-26.87600250878115],[-49.09959638421036,-26.87600125815444],[-49.09959726515339,-26.87599991793979],[-49.09959798631864,-26.87599850246698],[-49.0996173187507,-26.87596239847595],[-49.09964409630872,-26.87590810835965],[-49.09966132425318,-26.87586423643232],[-49.09968870648588,-26.87578672835305],[-49.09971190610776,-26.87571353249499],[-49.09973545222741,-26.8756172099763],[-49.0997496920244,-26.8755165192534],[-49.09976267532353,-26.87542445743939],[-49.09976287469394,-26.87542336890186],[-49.09976313266991,-26.8754207621107],[-49.09976308584356,-26.8754181458045],[-49.09976273272572,-26.8754155488458],[-49.09976207987722,-26.87541300020539],[-49.09976113289787,-26.87541052613339],[-49.09975990237351,-26.87540815565474],[-49.09975840299035,-26.87540591333661],[-49.09975664841329,-26.87540382463502],[-49.09975466040249,-26.87540191240714],[-49.09975246076336,-26.87540019680299],[-49.09975007131639,-26.87539869707022],[-49.09974751996486,-26.87539742983056],[-49.09974483465727,-26.87539640899861],[-49.09974204539991,-26.87539564580888],[-49.09973918024696,-26.87539514785937],[-49.0997020230328,-26.87538824157701],[-49.09963894749731,-26.87537782312457]]
     ]
    },
    "properties": {
    "OBJECTID": 61748,
    "SHAPE.LEN": 83.2653785644811
    }
  },
  {
   "type": "Feature",
    "geometry": {
    "type": "LineString",
     "coordinates": [
      [[-49.09833383418999,-26.86681567120203],[-49.09834170177335,-26.86682838883187],[-49.09838616802684,-26.86690011505442],[-49.09841633868556,-26.86695059259853],[-49.09844776806249,-26.86699850208437],[-49.09847578571424,-26.86703522600818],[-49.09852388280581,-26.86708802700372],[-49.09857600589434,-26.86713725739293],[-49.09865438344577,-26.86720637376119],[-49.09866501601341,-26.86719638986852],[-49.09869964400534,-26.86722648478631],[-49.09878157433256,-26.86729192845305],[-49.09885404811232,-26.86735252796602],[-49.09891781804107,-26.86740636194279],[-49.09892015326277,-26.86740844582681],[-49.09892536130621,-26.8674124222594],[-49.09893100260454,-26.86741588734177],[-49.09893701739093,-26.86741880416661],[-49.09894333877978,-26.86742114024376],[-49.09894989674623,-26.86742287026144],[-49.09895662016866,-26.86742397430865],[-49.09896343576215,-26.86742444147108],[-49.09897026714777,-26.86742426530573],[-49.0989770418053,-26.86742344934991],[-49.09898368412049,-26.86742200161221],[-49.09899012136182,-26.86741993826324],[-49.09899628371068,-26.86741728183088],[-49.09900210325512,-26.86741406118674],[-49.09900493815013,-26.86741244489309],[-49.09900893419184,-26.86740969974759],[-49.09901258903407,-26.86740659529785],[-49.09901586085012,-26.86740316527928],[-49.0990187157872,-26.8673994480475],[-49.09904914526523,-26.86735961854814],[-49.0990540213179,-26.8673532379113],[-49.09905402750589,-26.86735322896874],[-49.0991201032833,-26.86726889344841],[-49.09919194468605,-26.86717516647338],[-49.09925919161701,-26.86709179885381],[-49.09928863330004,-26.8670553000696],[-49.09937645936523,-26.86693940578965],[-49.09943062584853,-26.86687072494335]]
     ]
    },
    "properties": {
    "OBJECTID": 61765,
    "SHAPE.LEN": 172.883441261075
    }
  },
  {
   "type": "Feature",
    "geometry": {
    "type": "LineString",
     "coordinates": [
      [[-49.09828169624559,-26.86683838160172],[-49.09827253898388,-26.86682328726793],[-49.09823902109438,-26.86676499343325],[-49.098203693161,-26.86669957643768],[-49.09816029208464,-26.86661189785248],[-49.09811630240699,-26.86651603485859],[-49.09808142804915,-26.86643771343139],[-49.09804241234769,-26.86636192305385],[-49.09801107483457,-26.86630301046446],[-49.09800067106313,-26.86628254342644],[-49.09797667898093,-26.86622490936647],[-49.09796055864715,-26.8661763122851],[-49.09801526954959,-26.86616449556665],[-49.0980330186815,-26.86621487098601],[-49.09803473489414,-26.86622038538331],[-49.09804383964478,-26.86624384594367],[-49.098055566266,-26.86626639137372],[-49.0980755172265,-26.86629915548944],[-49.0980997774349,-26.86633818283885],[-49.09810965422292,-26.8663546596908],[-49.09811588599322,-26.86636373055344],[-49.0981260675431,-26.86637594771635],[-49.09813762604588,-26.86638713009876],[-49.09815043372947,-26.86639715503496],[-49.09816435151221,-26.86640591414836],[-49.09817120418951,-26.86640975478852],[-49.09819453358117,-26.86642099088005],[-49.0982189882025,-26.8664300569638],[-49.09825648027666,-26.86643956656149],[-49.09831998520742,-26.86645198773051],[-49.0983138515656,-26.8664895635523],[-49.09827479106669,-26.8664877797098],[-49.09824872203434,-26.86648852642506],[-49.09824693724374,-26.86648867389643],[-49.09824223984726,-26.86648936884843],[-49.09823767208769,-26.86649049607574],[-49.09823328550601,-26.86649204273324],[-49.0982291266878,-26.86649399139631],[-49.09822524328524,-26.86649632104431],[-49.09822167698903,-26.86649900606349],[-49.09821846552556,-26.86650201717644],[-49.09821564668166,-26.86650532149624],[-49.09820431566245,-26.86652024029251],[-49.09820281513935,-26.86652186369753],[-49.09820082718206,-26.86652446977077],[-49.09819914680879,-26.86652727855111],[-49.09819779366516,-26.86653025871262],[-49.09819678137492,-26.86653337794576],[-49.09819612257073,-26.86653660302507],[-49.0981958229025,-26.86653989702081],[-49.09819588696867,-26.86654322569682],[-49.09819631339106,-26.86654655112616],[-49.09819709673664,-26.86654983713251],[-49.09823793961667,-26.86663528710706],[-49.09829652564828,-26.86675536415915],[-49.09833383418999,-26.86681567120203]]
     ]
    },
    "properties": {
    "OBJECTID": 61739,
    "SHAPE.LEN": 185.736523594601
    }
  },
  {
   "type": "Feature",
    "geometry": {
    "type": "LineString",
     "coordinates": [
      [[-49.11955457181928,-26.87957151554589],[-49.11954703769595,-26.87959385172841],[-49.1195405006853,-26.87960921607403],[-49.11952937122275,-26.87962815038926],[-49.11948029409234,-26.87971584848364],[-49.1194401279562,-26.87979306702218],[-49.11938530115663,-26.87988807800322],[-49.1193005333472,-26.88003457998845],[-49.11924073138857,-26.88013917691411],[-49.11918767028728,-26.88023475917823],[-49.11913048177447,-26.88033919046775],[-49.11905973461501,-26.88046487579164],[-49.11896940804554,-26.8806254695942],[-49.11889011624388,-26.88076615933837],[-49.11879869951429,-26.88092770064581],[-49.11873759212691,-26.88103721977406],[-49.11864171085732,-26.88120685094131],[-49.11853049212095,-26.88140265038065],[-49.11844146289951,-26.88155853601559],[-49.11838105605315,-26.88166849842851],[-49.118282440805,-26.88184324032101],[-49.11818820489009,-26.88200849202423],[-49.11809505935882,-26.88217279692411],[-49.11805462007332,-26.88224646056674],[-49.11804956837493,-26.88225927134362],[-49.11804724533813,-26.88227202550717],[-49.11804671322218,-26.88228427642107],[-49.11804695216457,-26.88229901520259],[-49.11804781476224,-26.88231742317648],[-49.11805230183449,-26.8823331021849],[-49.11809763282002,-26.88245075510004],[-49.11816729641654,-26.88259736666264],[-49.11817407188895,-26.88260663621165],[-49.1181824129896,-26.88261496716988],[-49.11820180478254,-26.88262737790393]]
     ]
    },
    "properties": {
    "OBJECTID": 61370,
    "SHAPE.LEN": 377.868723785092
    }
  },
  {
   "type": "Feature",
    "geometry": {
    "type": "LineString",
     "coordinates": [
      [[-49.11945821184723,-26.87919800840633],[-49.1195260428016,-26.87933694915145],[-49.11955570168074,-26.87940590885311],[-49.11956439360401,-26.87943414370048],[-49.11956717445113,-26.87945172607606],[-49.119569691973,-26.87947037992582],[-49.11956895113197,-26.87949628600226],[-49.11956494951734,-26.87952460370703],[-49.11955825314759,-26.87955652747397],[-49.11955457181928,-26.87957151554589]]
     ]
    },
    "properties": {
    "OBJECTID": 61361,
    "SHAPE.LEN": 43.6252651170915
    }
  },
  {
   "type": "Feature",
    "geometry": {
    "type": "LineString",
     "coordinates": [
      [[-49.12039829963884,-26.87669206092991],[-49.12042053830323,-26.87658576047398],[-49.12042550089332,-26.87656455254144],[-49.12042500581044,-26.8765557240783],[-49.12042259364126,-26.87654858231624],[-49.120419242698,-26.87654142355181],[-49.12040794607748,-26.87653283137393],[-49.12039701599092,-26.87652854850471],[-49.12038815852592,-26.87652631861239],[-49.1203679828638,-26.87652483169951],[-49.12018358171716,-26.87650810565771],[-49.12012699599983,-26.87650067450539],[-49.12002374056893,-26.87648422826741],[-49.11991985054779,-26.87646714531038],[-49.11990583265575,-26.87646547311072],[-49.11989118090356,-26.87646518606719],[-49.11987055014766,-26.87646875833994],[-49.11985796846356,-26.87647238086315],[-49.11984499439191,-26.87647739356116],[-49.11983716649415,-26.87648325818816],[-49.11983136159799,-26.87648991603243],[-49.11982593633787,-26.87650088065322],[-49.11979897634888,-26.87661492643334],[-49.11977503412795,-26.87669270223903],[-49.11973183935307,-26.87679202738181],[-49.11967271787194,-26.87692984070681],[-49.11958056994155,-26.87713826687442],[-49.11954734105132,-26.87721242149952],[-49.1194864888962,-26.87733698068187],[-49.11938349970955,-26.87753638003119],[-49.11934298142488,-26.87760372864175],[-49.11931091664885,-26.87764888688199],[-49.11927381611551,-26.87768846417995],[-49.11925741564531,-26.87771135835852],[-49.11924438244561,-26.87772905243729],[-49.11922655401177,-26.8777666433573],[-49.11920066992722,-26.87782482060951],[-49.1191652884224,-26.87789850329344],[-49.11913789341339,-26.87796471147849],[-49.11910359157554,-26.87806904768495],[-49.11910545248595,-26.87807671465235],[-49.11911007547933,-26.87808959562401],[-49.11911539214393,-26.87809851355196],[-49.11912050431154,-26.87810592234189],[-49.11912840148499,-26.87811241869021],[-49.11913206632891,-26.87811496222891],[-49.11917953777512,-26.87813996855921],[-49.11929511921979,-26.87819629783341],[-49.11935198965899,-26.87822019900753],[-49.11940546707985,-26.87824532312554],[-49.11951670308687,-26.87829232302104],[-49.11960210281252,-26.8783292508766],[-49.11971355920703,-26.8783771146229],[-49.11986666585008,-26.87844718381913],[-49.12002195522912,-26.87851643617967],[-49.12011256886665,-26.87855647483589],[-49.12011833136536,-26.87854648497692],[-49.12024008723785,-26.87860089192919]]
     ]
    },
    "properties": {
    "OBJECTID": 61388,
    "SHAPE.LEN": 397.276443415848
    }
  },
  {
   "type": "Feature",
    "geometry": {
    "type": "LineString",
     "coordinates": [
      [[-49.12000156193654,-26.86709797473081],[-49.11997703980326,-26.86714324538596],[-49.11993617923873,-26.86723581536093],[-49.11987844332518,-26.86735885597914]]
     ]
    },
    "properties": {
    "OBJECTID": 61413,
    "SHAPE.LEN": 31.400039903878
    }
  },
  {
   "type": "Feature",
    "geometry": {
    "type": "LineString",
     "coordinates": [
      [[-49.12002086725833,-26.86706667350761],[-49.12002273851785,-26.86705886394627],[-49.12002083534273,-26.86705120093555],[-49.1200164865725,-26.86703928037962],[-49.12001322888715,-26.86703301009256],[-49.12000022289607,-26.867026025241],[-49.1199399175965,-26.86699970680977],[-49.11987058744049,-26.86696745291389],[-49.11981950129545,-26.86694469865428],[-49.11968673139567,-26.86688318715713],[-49.11955758669449,-26.86682125082425],[-49.11942591724367,-26.86675778338798],[-49.11931222476524,-26.86669872864247],[-49.11922911937276,-26.86666057322898],[-49.1191192183998,-26.8666099610485]]
     ]
    },
    "properties": {
    "OBJECTID": 61417,
    "SHAPE.LEN": 104.381925965022
    }
  },
  {
   "type": "Feature",
    "geometry": {
    "type": "LineString",
     "coordinates": [
      [[-49.1181480062967,-26.87047813872751],[-49.11810513282416,-26.87045810075657],[-49.11801615262394,-26.87041860991379],[-49.11787092352723,-26.87035045461798],[-49.117791136705,-26.87031348968013],[-49.11770958361063,-26.87027476459505],[-49.11764225476169,-26.87024386212295],[-49.11755997550362,-26.87020596488116],[-49.11750387106902,-26.87017849006962],[-49.11745512152224,-26.87015497358438],[-49.11742760401387,-26.87014024773296],[-49.11737184514107,-26.87011536789663],[-49.11730217550842,-26.87008276520051],[-49.11725518619156,-26.87005943727531],[-49.11720687222775,-26.87003490658968],[-49.11714879411501,-26.87000817525043],[-49.11709686219311,-26.86998691783566],[-49.11703621949962,-26.86995971542668],[-49.11698882595425,-26.86993831627128],[-49.1169328179901,-26.86991226410042],[-49.11685888639943,-26.86988130035648],[-49.11678522750788,-26.86984894481203],[-49.11670838750446,-26.86981621468145],[-49.11663044757515,-26.86978335973482],[-49.11656926075484,-26.86975894338334],[-49.11652376135508,-26.8697410135917],[-49.11649052470561,-26.86972919257403],[-49.11644817314765,-26.86972603672101],[-49.11643263526168,-26.86972449648493],[-49.11641791575806,-26.86972501151266],[-49.11640780654012,-26.86972796540483],[-49.11639381498834,-26.86973526313632],[-49.1163588615369,-26.8697615669847],[-49.11634493616209,-26.86977810897256],[-49.11632745762136,-26.86980093342587],[-49.1163079636946,-26.86982652090212],[-49.11629347949828,-26.86984659898571],[-49.11627954197512,-26.8698701268167],[-49.11626696264017,-26.86989313751892],[-49.11625499146962,-26.86991637385043],[-49.11624318704342,-26.86994369750587],[-49.1162326221696,-26.86997662920253],[-49.1162196038589,-26.87002241801446],[-49.11620747708128,-26.87006639458467],[-49.1161920766971,-26.87012128038602],[-49.1161805138757,-26.87016784496308],[-49.11616846281408,-26.8702142947191],[-49.11615871448886,-26.8702493890573],[-49.1161483204474,-26.87029253306908],[-49.11613669509876,-26.87034232084192],[-49.11612381804257,-26.87039348641957],[-49.11611070304681,-26.87043787672413],[-49.11609961556282,-26.870472519058],[-49.11608225290899,-26.87051469193724],[-49.11605948250771,-26.87056397729351],[-49.11603282591406,-26.8706177138292],[-49.11600089062586,-26.87067824413856],[-49.11596567328804,-26.87075000667704],[-49.11594239774072,-26.87079369556249],[-49.1159265402158,-26.8708213830361],[-49.11590236562569,-26.87085452494935],[-49.11586915782207,-26.87089837562596],[-49.11582327655183,-26.87095104975617],[-49.11578649172802,-26.87098968450879],[-49.11573448225648,-26.87103591907678],[-49.11570560470264,-26.87105866724503],[-49.11568421592146,-26.87107444351894],[-49.11564867956933,-26.87109289231499],[-49.11561653202884,-26.87110720552037],[-49.11557135949953,-26.87112313483822],[-49.11553312146959,-26.87113541450639],[-49.1154840903731,-26.87114805746932],[-49.11542769981752,-26.87116090372184],[-49.11536493081881,-26.87117396904748],[-49.11527294659605,-26.87119548367438],[-49.11519880199047,-26.87121363218332],[-49.11512607450484,-26.87122825690977],[-49.11505268976772,-26.8712451283902],[-49.11499210815873,-26.87125919661574],[-49.11493307584757,-26.87127554645935],[-49.11488979482854,-26.87128871179935],[-49.11483822285278,-26.87130593464796],[-49.11477724722638,-26.8713277344803],[-49.11472672992783,-26.87134744714888],[-49.11466790997448,-26.87137186069744],[-49.11461171894953,-26.87139341561191],[-49.11456648186746,-26.87141267517707],[-49.11453045242545,-26.87143122450752],[-49.11448683754458,-26.87145534625505],[-49.11442876693925,-26.87148536121196],[-49.11435431080233,-26.87152596592964],[-49.11429047488144,-26.87156255142411],[-49.11425322743389,-26.87158699093948],[-49.11422398219981,-26.87160973297633],[-49.11419578429577,-26.87163528699737],[-49.11417457683551,-26.87166073844955],[-49.11415765947287,-26.87168615148259],[-49.11413680520105,-26.87171870195801],[-49.11412103909366,-26.8717480024398],[-49.11410759947633,-26.87177744859941],[-49.11409604741939,-26.87181068643681],[-49.11408374801324,-26.8718572391556],[-49.11407253865253,-26.87190445447762],[-49.11406067996965,-26.87194725200524],[-49.11404497062571,-26.87201169807484],[-49.1140274142658,-26.87208288526256],[-49.1140046826054,-26.87217451550566],[-49.11398520179672,-26.87226286762385],[-49.11397229160601,-26.87232832583409],[-49.11396835396511,-26.87235448613559],[-49.11396668308206,-26.8723839070443],[-49.11396600435965,-26.87241904011555],[-49.11396815030206,-26.87245389679154],[-49.11397370748751,-26.87248988300555],[-49.11398090865191,-26.87251686802539],[-49.11398965333877,-26.87254011618844],[-49.11400710751537,-26.87257575665855],[-49.11402622237488,-26.87260787845407],[-49.11405060307141,-26.87264029979081],[-49.11406613955996,-26.87266116913326],[-49.1140846481808,-26.8726805789517],[-49.11412676431841,-26.87272205615329],[-49.11414795886289,-26.87274215257717],[-49.1141773565745,-26.87276925062107],[-49.11423182432541,-26.87282405052712],[-49.11426007263242,-26.87285212334989],[-49.11429781058586,-26.87288991458407],[-49.11432012409804,-26.8729144549007],[-49.11433196690169,-26.87292926370715],[-49.11434456089668,-26.87294956934996],[-49.11435919815649,-26.87297829629768],[-49.11437647597508,-26.87301620527661],[-49.11438441780589,-26.87304902544499],[-49.11439278807989,-26.87308507897342],[-49.11440226511343,-26.8731272794316],[-49.11441433665119,-26.87316833664078],[-49.11442419507153,-26.87320344516436],[-49.11443281051464,-26.87323315588991],[-49.11444415315334,-26.87326118719645],[-49.11445576715738,-26.87328147794738],[-49.11447157980645,-26.87330645769529],[-49.11448468196621,-26.87332580253793],[-49.11450246643005,-26.87335016685869],[-49.11451586397409,-26.87336693515106],[-49.11453309368233,-26.87338827923772],[-49.11455761090991,-26.87341285434417],[-49.11456004341117,-26.87341504488433]]
     ]
    },
    "properties": {
    "OBJECTID": 61401,
    "SHAPE.LEN": 743.062029649271
    }
  },
  {
   "type": "Feature",
    "geometry": {
    "type": "LineString",
     "coordinates": [
      [[-49.11819845387363,-26.87050415429339],[-49.11823152327764,-26.87051765240881],[-49.11832743886835,-26.87056085845884],[-49.1185220066066,-26.87065050286715]]
     ]
    },
    "properties": {
    "OBJECTID": 61403,
    "SHAPE.LEN": 36.0133261492394
    }
  },
  {
   "type": "Feature",
    "geometry": {
    "type": "LineString",
     "coordinates": [
      [[-49.11768776503899,-26.86789361604541],[-49.11774270973885,-26.86795465512142],[-49.11774691922801,-26.86795789641861],[-49.11775203140665,-26.86795986535919],[-49.11776472785039,-26.86795952902593]]
     ]
    },
    "properties": {
    "OBJECTID": 61441,
    "SHAPE.LEN": 11.0587745934707
    }
  },
  {
   "type": "Feature",
    "geometry": {
    "type": "LineString",
     "coordinates": [
      [[-49.11815890361908,-26.86579419094929],[-49.11817393649673,-26.86577702626645],[-49.11818729589044,-26.86576428995232],[-49.1182464123962,-26.86571487165994],[-49.11825853422103,-26.86570770948119],[-49.1182652652089,-26.86570520326867],[-49.11827511803964,-26.86570385151398],[-49.11829056391063,-26.86570447507949],[-49.11830466046748,-26.86570635964223],[-49.11831381913813,-26.86570936986927],[-49.1183256213467,-26.86571507070477],[-49.11833835782347,-26.86572452068805],[-49.11835120292499,-26.86573841284315],[-49.11841682669732,-26.86581362906094],[-49.11850543569315,-26.86591638321953],[-49.11859784755234,-26.86601946956303],[-49.1185995563799,-26.86602445744279],[-49.11859873729098,-26.8660279160815],[-49.11859637572233,-26.86603153740983],[-49.11858806914042,-26.86603851664053],[-49.11856510337083,-26.86605151591842],[-49.11842611780676,-26.86612144186467],[-49.11845249588831,-26.8661628815275]]
     ]
    },
    "properties": {
    "OBJECTID": 61422,
    "SHAPE.LEN": 90.4619508963529
    }
  },
  {
   "type": "Feature",
    "geometry": {
    "type": "LineString",
     "coordinates": [
      [[-49.11456004341117,-26.87341504488433],[-49.11465080986635,-26.87349585592307],[-49.11476172815037,-26.87358580820269],[-49.11488299132694,-26.87368538910317],[-49.11497487964413,-26.87375890668742],[-49.11509169191334,-26.87384809344287],[-49.11518362319755,-26.87391946151627],[-49.11532097240347,-26.87402317116419],[-49.11549389867958,-26.87414895768472],[-49.11560482491963,-26.87422600700001],[-49.11577776452369,-26.87435114892573],[-49.1158745125072,-26.87441420753232],[-49.11599244853875,-26.87449610034357],[-49.11609708445118,-26.87456917707924],[-49.1161982445351,-26.87463209212763],[-49.11634958101306,-26.87472204870807],[-49.11644039186248,-26.87477554974728]]
     ]
    },
    "properties": {
    "OBJECTID": 65953,
    "SHAPE.LEN": 240.418099013425
    }
  },
  {
   "type": "Feature",
    "geometry": {
    "type": "LineString",
     "coordinates": [
      [[-49.11441658366967,-26.87415795585405],[-49.1144805573946,-26.87417508140482],[-49.11459010925666,-26.87421227035967],[-49.11470713823942,-26.87425473713204],[-49.11482149501099,-26.87429630167444],[-49.11493046655321,-26.87433821217386],[-49.11509500475034,-26.87440206201791],[-49.11523883760341,-26.87446193306773],[-49.11538146434511,-26.87452092501706],[-49.11553543067786,-26.87458783481641],[-49.11563385379267,-26.87463151487012],[-49.11566100608236,-26.87464355013275],[-49.11566800172945,-26.87464727272725]]
     ]
    },
    "properties": {
    "OBJECTID": 60303,
    "SHAPE.LEN": 135.77275951535
    }
  },
  {
   "type": "Feature",
    "geometry": {
    "type": "LineString",
     "coordinates": [
      [[-49.11465987779671,-26.87369004526295],[-49.11459185516901,-26.87363695824777],[-49.11449527101392,-26.87356665775354],[-49.1144259405943,-26.8735178495138],[-49.11440707071831,-26.87350594531993],[-49.11437942108992,-26.87349218467161],[-49.11435267781619,-26.87348209158176],[-49.11431760926111,-26.87347186752021],[-49.11428685532918,-26.87346643960362],[-49.11426145400968,-26.8734628160816],[-49.11423696002716,-26.87346286103504],[-49.1142104169866,-26.8734673879481],[-49.11418428057674,-26.87347621929355],[-49.11415887309532,-26.87348527788605],[-49.11412867770686,-26.87350113852787],[-49.11409787787448,-26.87352279381073],[-49.11404689246387,-26.87356197229736],[-49.11401570826896,-26.87359071403653],[-49.11400437970337,-26.8736062271724],[-49.11399671918793,-26.87362201311096],[-49.11399468681888,-26.87363810162749],[-49.11399616537976,-26.87366241352206],[-49.1140027103403,-26.87369067506085],[-49.11401117525313,-26.87372090007642],[-49.11402516559225,-26.87375658637323],[-49.11404591507173,-26.87379732259261],[-49.11406467252576,-26.87382727973107],[-49.1140887826135,-26.87385904127584],[-49.11410582353495,-26.87387672020548],[-49.11413293176093,-26.87390551886325],[-49.11416373806154,-26.87393308610847],[-49.11420040887987,-26.87396139141122],[-49.11423425601495,-26.87398384817875],[-49.11427786756323,-26.87400796243346],[-49.11432107349849,-26.87402777225189],[-49.11436913951915,-26.8740495928924],[-49.11440852646146,-26.87406439833307],[-49.11447441946053,-26.87408886314139],[-49.11458459666019,-26.87412821130195],[-49.11469430578677,-26.87416647634998],[-49.11478896957166,-26.87419762767001],[-49.11485200187089,-26.87421817843881],[-49.11489194606992,-26.87422955323918],[-49.11493922743799,-26.87424147360307],[-49.11496706535512,-26.87424578028245],[-49.11500205389346,-26.87424761991891],[-49.11502533720478,-26.87424691153398],[-49.11504864951037,-26.8742446980207],[-49.11507549159443,-26.87423738234857],[-49.11509156023913,-26.87422989676931],[-49.1151064261793,-26.87422131745694],[-49.11512558185301,-26.87420635723384],[-49.11513739121023,-26.87419128185504],[-49.11514703509307,-26.874174237932],[-49.11515648986973,-26.87415439618041],[-49.11515844128972,-26.87414238985572],[-49.11515945326688,-26.87411596755081],[-49.11515423828399,-26.87409482082152],[-49.11514693615253,-26.87408008980119],[-49.11513337398696,-26.8740598868374],[-49.11510630816046,-26.87402893896986],[-49.1150625250725,-26.87398870070688],[-49.11498586562057,-26.87392645113593],[-49.11488080924484,-26.87385107364073],[-49.11478520835185,-26.8737805725392],[-49.11465987779671,-26.87369004526295]]
     ]
    },
    "properties": {
    "OBJECTID": 66659,
    "SHAPE.LEN": 304.987004656661
    }
  },
  {
   "type": "Feature",
    "geometry": {
    "type": "LineString",
     "coordinates": [
      [[-49.11342946664665,-26.87272223451474],[-49.11346109537885,-26.87275230942805],[-49.11350961107472,-26.87279974446626],[-49.11356122895754,-26.87285062004011],[-49.11360084239725,-26.87288970281773],[-49.11364364455383,-26.87292840755242],[-49.1136719743217,-26.87295635521365],[-49.11369456260751,-26.87297755250952],[-49.11372095975937,-26.87300418095704],[-49.113750521222,-26.87303171902722],[-49.1137726252919,-26.87305516811357],[-49.11380823744074,-26.87309011322616],[-49.11383921001389,-26.87312401709089],[-49.11386031323367,-26.87314852507425],[-49.11387423253981,-26.87316410897699],[-49.11388645256483,-26.8731788064213],[-49.11390173235338,-26.87320010559596],[-49.1139148129367,-26.87322104687144],[-49.11392594972317,-26.87324109842514],[-49.11393434953743,-26.87325680901748],[-49.11394206692967,-26.87327616055159],[-49.1139499627335,-26.87329895241118],[-49.11395682867558,-26.87332430649926],[-49.11396096678329,-26.87334489011869],[-49.11396609175738,-26.87337150534459],[-49.11396864876931,-26.87339141890017],[-49.11396981049474,-26.87340110469763],[-49.11397084718011,-26.8734045591879],[-49.11397301106372,-26.87340674254175],[-49.1139758276329,-26.87340689476703],[-49.11398285253601,-26.87340496584708],[-49.11398794455828,-26.87340161031474],[-49.11399821353643,-26.87339038836334],[-49.11400588427095,-26.87338041339899],[-49.11401403687623,-26.87337087630165],[-49.11402544675848,-26.87335773894883],[-49.11404328275518,-26.87333557397522],[-49.11407012784817,-26.87330399254309],[-49.11410148548715,-26.87326722009998],[-49.11411717154281,-26.87324845804557],[-49.11413300119443,-26.87322862383019],[-49.1141400619114,-26.87321853240519],[-49.11413938078405,-26.87321572800964],[-49.11412090746558,-26.87320103828171],[-49.11407717209268,-26.87316778908365],[-49.11401624387813,-26.87312341528374],[-49.11394613995233,-26.87307169739773],[-49.1138774509558,-26.87302290288393],[-49.11380538253245,-26.87297136810758],[-49.11375981538281,-26.8729377676282],[-49.11371223055443,-26.87290069683889],[-49.11366552665595,-26.87286245902017],[-49.11362819372133,-26.87282780861094],[-49.11359869257385,-26.87280015849985],[-49.11356009244388,-26.87276763659879],[-49.11352738667183,-26.87274090223275],[-49.11349064518933,-26.87271367351485],[-49.11345532494411,-26.87268904515566],[-49.11342131129516,-26.87266658689784],[-49.11339260465343,-26.8726486167416],[-49.11337201795084,-26.87263550440079],[-49.11336438343827,-26.87263087058436],[-49.11335561004148,-26.87262815128581],[-49.11334828123832,-26.87262674558196],[-49.11334165364091,-26.87262717607152],[-49.1133380725831,-26.8726285155267],[-49.11333654179602,-26.87263160539218],[-49.11333794214965,-26.87263528046007],[-49.11335899388347,-26.87265602765821],[-49.11338620730888,-26.8726814928006],[-49.11342946664665,-26.87272223451474]]
     ]
    },
    "properties": {
    "OBJECTID": 66654,
    "SHAPE.LEN": 239.847832824377
    }
  },
  {
   "type": "Feature",
    "geometry": {
    "type": "LineString",
     "coordinates": [
      [[-49.11101564564589,-26.87150796506736],[-49.11101169615135,-26.87152596033236],[-49.11100989250054,-26.87159450550872],[-49.1110086857807,-26.87163210455462],[-49.1110124323032,-26.87173663593227],[-49.11101556273473,-26.87182331499163],[-49.11101338173281,-26.87192388420693],[-49.11100971982387,-26.87197670770299],[-49.1110102823607,-26.87198488541144],[-49.11101327569286,-26.87199159642569],[-49.11101846191208,-26.87199662184748],[-49.11102537938493,-26.87199909444018],[-49.11103570028287,-26.87199947070133],[-49.11105106317128,-26.87199992610052],[-49.11106739409817,-26.8719999675173],[-49.11108662305112,-26.87199919383026],[-49.11112171572949,-26.87199780815279],[-49.11116926511083,-26.87199812337968],[-49.11122665344183,-26.8719988065901],[-49.11129724895503,-26.8719996970062],[-49.11148768858281,-26.87200074419699],[-49.11156643914143,-26.87200219206008],[-49.11167280959185,-26.87200364255485],[-49.111762173998,-26.87200267694049],[-49.11187145876855,-26.87200245312734],[-49.11193943393733,-26.87200222781383],[-49.11193752675756,-26.87203015084296],[-49.11191101967315,-26.87203028854823],[-49.11190421097751,-26.8720302932396],[-49.11190150826812,-26.87203164981113],[-49.11190074237205,-26.87203346640666],[-49.11190030969811,-26.87203679206246],[-49.11190156118216,-26.87204100399612],[-49.1119054624633,-26.87204643823625],[-49.1119191991948,-26.87205245158569],[-49.11194391588608,-26.8720626073928],[-49.11198022421956,-26.8720826145461],[-49.11199559042443,-26.87209220042727],[-49.111975106827,-26.87211887607531],[-49.11195075219798,-26.87210291969088],[-49.11193573292722,-26.87209419950599],[-49.11192023402607,-26.87208514978538],[-49.11190168826128,-26.87207648446577],[-49.11188397086214,-26.87206890609326],[-49.11187135649567,-26.87206742517136],[-49.11186058874793,-26.87206656282505],[-49.11179868168425,-26.87206434917579],[-49.11170247780477,-26.87206420078013],[-49.11154408062428,-26.87206398378488],[-49.11136676165591,-26.87206240893169],[-49.11123391749177,-26.87205999417325],[-49.11119141011748,-26.87205957397417],[-49.11115132713297,-26.87205940459699],[-49.1110984136078,-26.87205689477597],[-49.11103937063655,-26.87205730227738],[-49.11099976449439,-26.87205756976444],[-49.1109912595639,-26.87205765733679],[-49.11098465583821,-26.87205992298843],[-49.1109772207403,-26.87208253439774],[-49.110930922935,-26.87221919208036],[-49.11090183812674,-26.87229029506931],[-49.11085855315972,-26.87240136142939],[-49.11084456832539,-26.87244756544093],[-49.11083591184937,-26.8724916374864],[-49.11082726663889,-26.87253291257488],[-49.11082204531065,-26.87256559481404],[-49.11081921463021,-26.87260431119807],[-49.11081734842129,-26.87264367589622],[-49.11081795827141,-26.87266971095063],[-49.11082106919698,-26.87267703729777],[-49.11082612990405,-26.8726807143942],[-49.11082999098629,-26.87268245024003],[-49.11095521001604,-26.87268679878737],[-49.11101467714654,-26.87268874552728],[-49.11105529615101,-26.87268846902094],[-49.11109010694134,-26.8726894624121],[-49.11116034489567,-26.87269227153903],[-49.1112503364451,-26.87269302595269],[-49.11138878719349,-26.87269496238153],[-49.11150996261046,-26.87269663077222],[-49.11162153181138,-26.87269857954318],[-49.11169926519113,-26.87270021774031],[-49.11177100423242,-26.87270154743339],[-49.11186195015102,-26.87270253083163],[-49.11192887793675,-26.87270443066699],[-49.11199702140883,-26.8727054892603],[-49.11205531559046,-26.87270704080414],[-49.11209490987558,-26.87270744078324],[-49.11214384768094,-26.87270780403018],[-49.11223283502675,-26.87270903179587],[-49.11230502607666,-26.87271041689915],[-49.11237912220084,-26.8727124772771],[-49.11237761415842,-26.87282701129361],[-49.11235985693324,-26.87282715314766],[-49.11235916019062,-26.8728383178298],[-49.11225126500955,-26.87283463431464],[-49.11225301068751,-26.87279425617222],[-49.11225237931268,-26.87278973210889],[-49.11225101120768,-26.87278605655987],[-49.11224771159419,-26.87278299423432],[-49.11224413434993,-26.87278186153436],[-49.11219233612992,-26.87278059181736],[-49.11214652918324,-26.87277963409658],[-49.11205970361507,-26.87277822666287],[-49.11196016593242,-26.87277661320638],[-49.11183809544359,-26.87277398913478],[-49.11170929239005,-26.87277211618971],[-49.11158601899007,-26.8727696870289],[-49.11146799656393,-26.87276863308169],[-49.11136943154492,-26.87276639047276],[-49.11120465962247,-26.87276350375152],[-49.1111079879711,-26.87276258057569],[-49.11100389794461,-26.87276067723343],[-49.1109112997849,-26.87276003493134],[-49.11088802567618,-26.87276008749573],[-49.11087619809847,-26.87276376443623],[-49.11086333168445,-26.87277150806651],[-49.11085309431578,-26.87277972460006],[-49.11084889199456,-26.87278610383414],[-49.11084635065929,-26.87279337085389],[-49.11084644039867,-26.87280110990279],[-49.11085676063347,-26.87282556439314],[-49.11087118796393,-26.87284858092283],[-49.11089130903525,-26.87287491385273],[-49.11091292802281,-26.87289826210647],[-49.11093200404422,-26.87291662568697],[-49.11095638654856,-26.87293357004597],[-49.11101509562387,-26.87297428435553],[-49.11105702202066,-26.87300204604023],[-49.1110944576432,-26.87302629529463],[-49.11113203751465,-26.87305549082121],[-49.11115730003203,-26.87307653381077],[-49.11118341706807,-26.87310296400768],[-49.11120543618512,-26.87313040176001],[-49.11122153378516,-26.8731538756308],[-49.11123141236683,-26.87317638815112],[-49.11124094708482,-26.87320426915462],[-49.11124890397267,-26.87323921705494],[-49.1112570612786,-26.87328856835617],[-49.11126258751574,-26.87333744673246],[-49.11126952983563,-26.87339988911092],[-49.11127291867614,-26.87344765852184],[-49.11127997686175,-26.87360273731375],[-49.11128377077427,-26.87369135043677],[-49.11128939179374,-26.87385865716977],[-49.11129317346052,-26.87398488258978],[-49.11129663861267,-26.87410272058071],[-49.11130004181088,-26.87423603253701],[-49.1113023714149,-26.87432591135828],[-49.11130298404279,-26.8743807280309],[-49.1113076906094,-26.87439778388751],[-49.11131890665953,-26.87441322629344],[-49.11133555519173,-26.87443305476449],[-49.111350629771,-26.87444748460122],[-49.11137319005803,-26.87445945657866],[-49.11139417638903,-26.87446602992047],[-49.11140594966273,-26.87446514571384],[-49.11145005177985,-26.87445511452253],[-49.11152840970279,-26.87443553695477],[-49.11165424723362,-26.87440490817935],[-49.11176107081665,-26.87437740986649],[-49.11185003610224,-26.87435521016643],[-49.11193974624321,-26.87433173237554],[-49.11204583297388,-26.8743050814493],[-49.11216228763472,-26.87427580436018],[-49.11230551583554,-26.87423922375464],[-49.11244608585082,-26.87420367434179],[-49.11259533066216,-26.87416611688826],[-49.11274360936018,-26.87412897238765],[-49.11283571235569,-26.87410574801046],[-49.11290950608572,-26.87408746888716],[-49.11292899007773,-26.87408196521799],[-49.11294321618545,-26.87407574055839],[-49.11295518832301,-26.87406572743322],[-49.11296571830839,-26.8740541922432],[-49.11297171327616,-26.87404258926269],[-49.11297748177316,-26.87403001749218],[-49.11298431475586,-26.87400716416151]]
     ]
    },
    "properties": {
    "OBJECTID": 60273,
    "SHAPE.LEN": 1042.42799649477
    }
  },
  {
   "type": "Feature",
    "geometry": {
    "type": "LineString",
     "coordinates": [
      [[-49.11117958458478,-26.87125228212261],[-49.11118375120184,-26.8712698452393],[-49.11118189125771,-26.87128401711785],[-49.11117293128802,-26.87130264491363],[-49.11110106444887,-26.87138008353804],[-49.11107831181709,-26.8714012157403],[-49.11106445877131,-26.87141159258286],[-49.11101073637113,-26.8714541902855],[-49.11099068250557,-26.87147008385201],[-49.11098589981228,-26.87147372140816],[-49.11098138017168,-26.87147558078054],[-49.11097571538489,-26.87147621808868],[-49.11096928031017,-26.87147433411046],[-49.11095378934262,-26.87146548296378],[-49.11095065650441,-26.87146244269674],[-49.11094749373498,-26.8714578730526],[-49.11094574905241,-26.8714522735649],[-49.11094166778167,-26.87141771141856],[-49.110937930501,-26.87140283922295],[-49.11092772103271,-26.87139249360365],[-49.1109192046387,-26.87138516087921],[-49.11090495193601,-26.87137943839144],[-49.11085837558414,-26.8713715832741],[-49.11084575891366,-26.8713702466465],[-49.11083062479371,-26.87137056509344],[-49.11078371310181,-26.87138512203761],[-49.1107746492705,-26.87138819870404],[-49.11076285241208,-26.87139185258464],[-49.11074167851786,-26.87139617355515],[-49.11064679283182,-26.87139456275236],[-49.11060029756176,-26.87139278843804],[-49.11052779630443,-26.87138923124425],[-49.11035813339902,-26.87138469417483],[-49.11028767908756,-26.87138284213572],[-49.11027026117051,-26.87138208207951],[-49.11026870145335,-26.87141547486316],[-49.11035699000986,-26.87141798782849],[-49.11052705838061,-26.8714225357387],[-49.11060553716081,-26.87142323314854],[-49.11064702857231,-26.87142354515865],[-49.11074454084589,-26.87141954090763],[-49.1107648637397,-26.87141937037201],[-49.1107778943029,-26.87141839199823],[-49.11079057478153,-26.87141601174285],[-49.11083646083273,-26.87140376072425],[-49.11084400674186,-26.87140360257184],[-49.11085275845075,-26.87140452919968],[-49.11089377873287,-26.87141144716659],[-49.11089813672611,-26.8714131968734],[-49.11090090804638,-26.87141558335043],[-49.11090379420619,-26.8714185084001],[-49.11090495907582,-26.87142314520277],[-49.11091630929565,-26.87151925423923]]
     ]
    },
    "properties": {
    "OBJECTID": 62979,
    "SHAPE.LEN": 189.810914120605
    }
  },
  {
   "type": "Feature",
    "geometry": {
    "type": "LineString",
     "coordinates": [
      [[-49.11080443935145,-26.86844357858155],[-49.11079769856217,-26.86846088396444],[-49.11079382218679,-26.86847436548515],[-49.11078263442732,-26.86854190068921],[-49.11077086232529,-26.86861480025904],[-49.1107593215181,-26.86868813345155],[-49.11075348022376,-26.86871598672014],[-49.11075131671397,-26.86874067144746],[-49.11075066166595,-26.86876215682526],[-49.11074870588656,-26.86885111462874],[-49.11074892774292,-26.86888959384814],[-49.11074848641542,-26.86894998706321],[-49.11074823896269,-26.8689753472674],[-49.11075403031781,-26.86902508938066],[-49.1107610816238,-26.8690845240391],[-49.11076797736205,-26.8691145089124],[-49.11079154452411,-26.86919268450236],[-49.11083087730365,-26.8693160285741],[-49.11084226147717,-26.86935081111508],[-49.11084715288147,-26.8693597001707],[-49.1108548371105,-26.86936132375723],[-49.11088462084415,-26.86936715820341],[-49.11097016539608,-26.86965715758588],[-49.111006505965,-26.86978561356296],[-49.11104929766407,-26.8700046632808],[-49.11106486148149,-26.87008529427708],[-49.11109200824247,-26.87025294388794],[-49.11109674865806,-26.87029471746638],[-49.11109987842185,-26.87030744782961],[-49.11110216396187,-26.87031393095492],[-49.11110524371165,-26.87031677284239],[-49.11111430361084,-26.87032022448773]]
     ]
    },
    "properties": {
    "OBJECTID": 60297,
    "SHAPE.LEN": 215.743596710744
    }
  },
  {
   "type": "Feature",
    "geometry": {
    "type": "LineString",
     "coordinates": [
      [[-49.11053208173971,-26.86847714611638],[-49.11051261204875,-26.86846676871765],[-49.11049039085121,-26.86845741867107],[-49.11045824720587,-26.86844935209531],[-49.11040878844978,-26.8684409673262],[-49.11036292396108,-26.86843589073725],[-49.11029083944481,-26.86843286617599],[-49.11022758826898,-26.86843365308312],[-49.11008048625908,-26.86844166382143],[-49.10996941148477,-26.86844745936136],[-49.10984500723516,-26.86845025955391],[-49.10980934129753,-26.86844829863113],[-49.10976949407562,-26.86844437912149],[-49.10975944273425,-26.86844130946586],[-49.10975077210931,-26.86843655059062],[-49.10974346371309,-26.86843139565119],[-49.10973658544854,-26.86842549100262],[-49.10972983559681,-26.8684177350671],[-49.10972552970394,-26.8684095930251],[-49.10972216163677,-26.86838276199325],[-49.10971621980082,-26.86827904242917],[-49.10970988901499,-26.86818279466477],[-49.10970116197684,-26.86804031519215],[-49.10969291313341,-26.86792360546549],[-49.10968202337193,-26.86779788601909],[-49.10968284946224,-26.86778779083902],[-49.1096850109844,-26.86778042307952],[-49.10968869971651,-26.86777459931086],[-49.10969396237888,-26.86776896267185],[-49.10970084495833,-26.8677637737216],[-49.10970930664627,-26.86775991283576],[-49.10971816537353,-26.86775898614495],[-49.10973727329682,-26.86775951613099],[-49.10988224220486,-26.86776794482727],[-49.1100016510257,-26.86777560730371],[-49.11011064149375,-26.86778000289202],[-49.11020578690388,-26.86778596606105],[-49.11031659358264,-26.86779238229549],[-49.11041353611686,-26.86779842712271],[-49.11050982909939,-26.86780498218431],[-49.11076862651488,-26.8678203501602],[-49.11094886383568,-26.8678308630979],[-49.11097164222076,-26.86783145010763],[-49.11100148868762,-26.86783064052867],[-49.11103570574076,-26.86782911946265],[-49.11110712981796,-26.86782250874067],[-49.11125253788787,-26.86780319285563],[-49.11131431556827,-26.86779439791015],[-49.11140288606502,-26.86778153384498],[-49.11157487177975,-26.86775310381385],[-49.11177220081641,-26.867723583423],[-49.11194375271609,-26.86769769152409],[-49.11209411536512,-26.86767351104084],[-49.11216550710296,-26.86766271947562],[-49.11218686227373,-26.86766137560073],[-49.11223043622167,-26.86766049913173],[-49.11227935001251,-26.86766193509962],[-49.1123916080864,-26.8676652560788],[-49.11247890478602,-26.86766860278666],[-49.1124979862022,-26.86766891181406],[-49.1125084763756,-26.86767058632519],[-49.11253355812074,-26.86767700927243],[-49.1125520019857,-26.86768504492776],[-49.11258714826513,-26.86770259306773],[-49.1126276356979,-26.86772237603211],[-49.11264700868307,-26.86773300637984],[-49.11266464938844,-26.86774468224923],[-49.11268226923275,-26.86775743281633],[-49.11270616288561,-26.86777479904985],[-49.11272204129592,-26.86778902554764],[-49.11274605990342,-26.86781262579124],[-49.11278493368444,-26.86785280092112],[-49.11281806336026,-26.8678862202025],[-49.11290096192898,-26.86797868961318],[-49.11292964350984,-26.86801440160529],[-49.1129569141468,-26.86804708101993],[-49.11297193601266,-26.86806774231406],[-49.11299076395141,-26.86809405226269],[-49.11300498165306,-26.86811835377056],[-49.11301791789414,-26.86814564377247],[-49.11303082972861,-26.86817422233851],[-49.11303988921529,-26.86819951550045],[-49.11304496511553,-26.86822839739732],[-49.11304898328671,-26.86828692139781],[-49.11304931758086,-26.8683589268541],[-49.11304901085518,-26.86846445026074],[-49.11304978347003,-26.86852636074261],[-49.11305109391923,-26.86858570062393],[-49.11305255573441,-26.86864998688528],[-49.11305636197007,-26.86870678862919],[-49.1130609463102,-26.86879971047009],[-49.11306272755087,-26.86882166164892],[-49.11306743769623,-26.86886966533265],[-49.11307500573843,-26.86893448081291],[-49.11308635573427,-26.8690191296458],[-49.11309657456594,-26.86908613589363],[-49.11310527373157,-26.86914301741253],[-49.11311383343615,-26.86918162694923],[-49.11312154284941,-26.86921356044604],[-49.11313344865929,-26.86925630788422],[-49.11314645758394,-26.86929262559672],[-49.11315667453002,-26.86932137576304],[-49.11317690281026,-26.8693640429792],[-49.11320395840808,-26.86942079141834],[-49.11323034568202,-26.86947408937373],[-49.11325759056956,-26.86952095432114],[-49.11328033559788,-26.86956000778383],[-49.11329833978602,-26.86959103353612],[-49.11331395143014,-26.86961922662101],[-49.11332771379431,-26.86965448120565],[-49.1133412136566,-26.86970348767517],[-49.11334808996845,-26.86974056650438],[-49.11334914693234,-26.86976207567131],[-49.11334736203099,-26.86977859621732],[-49.11334369086696,-26.8697914315974],[-49.11333628410515,-26.86980764601959],[-49.11330816286186,-26.86985769885557],[-49.11327441700021,-26.86992034074856],[-49.11323929723051,-26.86997801721993],[-49.1132008911209,-26.87004122867432],[-49.11313932623695,-26.87015091905167],[-49.11307737465323,-26.87026607118677],[-49.11302868812208,-26.87035265040775],[-49.11302491530022,-26.87035881522182],[-49.11298706294795,-26.87040199572154],[-49.11294176197729,-26.8704525690888],[-49.11290869803159,-26.87048745467804],[-49.11287416140129,-26.87052296142537],[-49.11283844539776,-26.87055651727095],[-49.11278982990331,-26.87060231496833],[-49.11272456642588,-26.87066523254712],[-49.11266125438115,-26.87072796675797],[-49.11260515199945,-26.87078308826631],[-49.11253431494445,-26.87085707821569],[-49.11250468761666,-26.87089051673045],[-49.11249904404938,-26.87089278715973],[-49.11249269083927,-26.87089397313133],[-49.11247155511858,-26.87089170240208],[-49.11242416521692,-26.8708875077473],[-49.11236074178594,-26.87088155456249],[-49.11229877476777,-26.87087583832925],[-49.11220884099311,-26.87086860034409],[-49.11211328448876,-26.87086256072406],[-49.11204466639742,-26.8708608162422],[-49.11196682501599,-26.87085763612951],[-49.1118838560305,-26.87085523227545],[-49.11179870933209,-26.87085214941129],[-49.11171938261025,-26.87085023278845],[-49.11165444491932,-26.87084704442677],[-49.11158950723397,-26.87084385603543],[-49.11155470843025,-26.87084308317979],[-49.11151575699105,-26.87084310234177],[-49.11147123264509,-26.87084174458038],[-49.11144373104481,-26.8708413029964],[-49.11137023701812,-26.87083990910891],[-49.11131207141405,-26.87083897640536],[-49.11124002006891,-26.87083846370142],[-49.1111796604795,-26.87083771011319],[-49.11113343169649,-26.87083632494855],[-49.11111860297907,-26.87083522774729],[-49.11111233516749,-26.87083212301154],[-49.11110345608444,-26.87082554091318],[-49.11110003001319,-26.87082100927157]]
     ]
    },
    "properties": {
    "OBJECTID": 61918,
    "SHAPE.LEN": 987.7498516324231
    }
  },
  {
   "type": "Feature",
    "geometry": {
    "type": "LineString",
     "coordinates": [
      [[-49.10744999023581,-26.88178209268288],[-49.10745463250185,-26.88180238263216],[-49.10745533007594,-26.88193631160517],[-49.10745930974792,-26.88211936692888],[-49.10745996199197,-26.88225674044288],[-49.10746920365212,-26.88248765162727],[-49.10747743776592,-26.88260831433105],[-49.10749826888839,-26.88270413978511],[-49.10752196119113,-26.88280645612333],[-49.10754133153254,-26.88286394110183],[-49.10755511852172,-26.88289811161045],[-49.1076033264365,-26.88296495548432],[-49.1077705631555,-26.88316315439985],[-49.10780807081031,-26.88322256111093],[-49.10783579027077,-26.88327970660466],[-49.10785438860658,-26.88335871409048],[-49.10785765335888,-26.88344659524407],[-49.10785413935778,-26.88345258554026],[-49.10784867844032,-26.88345726177303],[-49.1078413168872,-26.88345718121392],[-49.10782615314343,-26.88345313940987],[-49.10773140520721,-26.88339215539576],[-49.10769889496503,-26.88337220516729],[-49.10766369333653,-26.88335394009897],[-49.10758500317851,-26.88331988932498],[-49.10748183347943,-26.88328296254964],[-49.1074291306066,-26.88326641883811],[-49.10734180528188,-26.8832430082983],[-49.10724154554786,-26.88322481280109],[-49.10715644156066,-26.88321711697109],[-49.10705964554943,-26.88321250196645],[-49.10694908734374,-26.88320213263193],[-49.10677505254779,-26.88318239570219],[-49.10668051199376,-26.88316590111092],[-49.10665194126104,-26.88315804930094],[-49.10655317321272,-26.88312471175873],[-49.10647414689434,-26.88309890185771],[-49.10634678823282,-26.88304200985619],[-49.10633202804367,-26.88303496049011],[-49.10626521142161,-26.88300255743668],[-49.10624592322336,-26.88299312862697],[-49.10617910194374,-26.88296046462616],[-49.10608106686886,-26.88290232373865],[-49.10595227384066,-26.88282016878106],[-49.10579284070114,-26.88270519206493],[-49.10570709627616,-26.8826353802016],[-49.10564205819819,-26.88257850016089],[-49.10558263011001,-26.88251953906281],[-49.10550813200022,-26.8824436320526],[-49.10542051903809,-26.88234972855255],[-49.10536978389244,-26.88229431196495],[-49.1053083922524,-26.88223704564597],[-49.10525817436121,-26.88219775244185],[-49.10522858957343,-26.88217697714136],[-49.10522549031142,-26.88217264109015],[-49.10521983184642,-26.88215989295623],[-49.10522072302511,-26.88214743936702],[-49.10522256625233,-26.88213650224764],[-49.10523443314451,-26.88212009906639],[-49.10524529339612,-26.88210647767427],[-49.10526564340859,-26.88209103670261],[-49.10531499540858,-26.88206692372054],[-49.10537094129008,-26.88203966701841],[-49.10544808832875,-26.88200622133157],[-49.10553061760719,-26.88196961654376],[-49.10561115676123,-26.88193664227441],[-49.10563992550282,-26.88192710600769],[-49.10565184887023,-26.88192596077315],[-49.10565968130798,-26.88192755416491],[-49.10566896133152,-26.88193088638546],[-49.10578262676948,-26.88199868894937],[-49.10600554302921,-26.88214143902736],[-49.10608002579266,-26.88219515562254],[-49.10615130369553,-26.88224030704308],[-49.10623402024461,-26.88229226199826],[-49.10624176872544,-26.88228265320225],[-49.10634590567324,-26.88234733463478],[-49.10647066367099,-26.88242904341931],[-49.10662012751122,-26.8825307893068],[-49.10672280920875,-26.88259862534854],[-49.10692297310599,-26.88273140336195],[-49.10700004491505,-26.88278189497597],[-49.10705341540547,-26.88281688571433],[-49.10708033859325,-26.88277797699682],[-49.10707105720302,-26.88275762757947],[-49.10692261961251,-26.88266661405099],[-49.10678932372023,-26.88258115110641],[-49.10661972512447,-26.88247655142129],[-49.10647691181644,-26.8823871066068],[-49.10633904577733,-26.88229513125106],[-49.10620890286204,-26.88221228692467],[-49.10609895004929,-26.88214237187993],[-49.10597343847166,-26.88206194698347],[-49.10580921321516,-26.88195934362806],[-49.10578933169565,-26.88194210941002],[-49.1057843007125,-26.88193343764296],[-49.10578367265501,-26.88192589176735],[-49.10578573845595,-26.88191880622793],[-49.10578903201264,-26.88191173354163],[-49.1057962389837,-26.8819055653681],[-49.10580341607225,-26.88190155125427],[-49.10581550473136,-26.88189737464747],[-49.10584502910802,-26.88189274226445],[-49.10595564476325,-26.88188231771572],[-49.10617244065325,-26.88186271131596],[-49.10632092627453,-26.88184774514471],[-49.10644310694706,-26.88183550761899],[-49.10657973967938,-26.88182536634059],[-49.10671223094912,-26.88181302488848],[-49.10690049068375,-26.88179763083541],[-49.10701921608023,-26.88178664711994],[-49.10715465286641,-26.88177433749977],[-49.1073540127435,-26.88175518610444],[-49.10740612109618,-26.88175058429806],[-49.10741199890914,-26.88175151057231],[-49.10741883066846,-26.88175438476185],[-49.10742736891593,-26.88175814016919],[-49.10743877771127,-26.88176709589836],[-49.10744529961763,-26.88177449147904],[-49.10744987924097,-26.88178035733673],[-49.10744999023581,-26.88178209268288]]
     ]
    },
    "properties": {
    "OBJECTID": 62919,
    "SHAPE.LEN": 1063.3246745208
    }
  },
  {
   "type": "Feature",
    "geometry": {
    "type": "LineString",
     "coordinates": [
      [[-49.10753034789724,-26.87686083736029],[-49.10754807308317,-26.87684833484793],[-49.10743927431729,-26.87678926380409],[-49.10734098529083,-26.8767352751127],[-49.10731805102378,-26.87669741955301],[-49.10729463852155,-26.87658574442343],[-49.10727160667813,-26.87659398602535],[-49.10720760336578,-26.8764681326752],[-49.10720162977195,-26.87644071072623],[-49.10720217228494,-26.87643490987916],[-49.10720392468111,-26.87643019119089],[-49.10720900207209,-26.87642205474446],[-49.10721467556319,-26.87641553378265],[-49.10726436769916,-26.87637167334271],[-49.10733518665975,-26.87631236029546],[-49.1073699916663,-26.87628216313611],[-49.10743853712752,-26.87623111250022],[-49.10740470712632,-26.87619703993773],[-49.10722513732264,-26.87634361811007],[-49.10721306452437,-26.87635449404213],[-49.10720249220269,-26.87636193769939],[-49.10719191628665,-26.87636959702474],[-49.10717964768429,-26.87637573267727],[-49.10716934067091,-26.87638102542305],[-49.10716345842668,-26.87638334206684],[-49.10715906478016,-26.87638330215587],[-49.10715615711474,-26.87638112317748],[-49.10702881853909,-26.87619942235091],[-49.1070270286141,-26.87619521760839],[-49.10702635912973,-26.87618876420262],[-49.10702605932327,-26.87618199082051],[-49.10702608994087,-26.87617888454346]]
     ]
    },
    "properties": {
    "OBJECTID": 62985,
    "SHAPE.LEN": 161.64192240767
    }
  },
  {
   "type": "Feature",
    "geometry": {
    "type": "LineString",
     "coordinates": [
      [[-49.10792452196674,-26.87579563357366],[-49.10788474720854,-26.87577349488113],[-49.1078725209313,-26.87576663939524],[-49.10785784147909,-26.8757569665874],[-49.10783362751974,-26.87573593976569],[-49.10780421901268,-26.87570917876296],[-49.10779007911665,-26.8756942438993],[-49.10777344329167,-26.87567241146742],[-49.10773196071712,-26.87561944563006],[-49.10772929881315,-26.87561695405141],[-49.10772675374892,-26.87561500107407],[-49.10772298619074,-26.87561314635111],[-49.10771872069051,-26.87561236354464],[-49.10768768478633,-26.87561460867166],[-49.10768181056288,-26.87561596329398],[-49.10767420427953,-26.87561966941097],[-49.10762942510996,-26.87565362860807],[-49.10758376098634,-26.87569080447287],[-49.10747938589191,-26.87577559575447],[-49.10738080711863,-26.87585451658347],[-49.10725048056073,-26.87595846392837],[-49.10719301104459,-26.87600404519671],[-49.1071473440672,-26.87604143568385],[-49.1071112584402,-26.8760729857515],[-49.10709768806989,-26.87608718116377],[-49.1070686723022,-26.87611985759344],[-49.10704642939467,-26.87614677964175],[-49.10702751075149,-26.87617093107353],[-49.10702612660767,-26.87617511314452],[-49.10702608994087,-26.87617888454346]]
     ]
    },
    "properties": {
    "OBJECTID": 62986,
    "SHAPE.LEN": 123.584725057025
    }
  },
  {
   "type": "Feature",
    "geometry": {
    "type": "LineString",
     "coordinates": [
      [[-49.10936216975603,-26.87141176991825],[-49.10935535707538,-26.87140826609354],[-49.10935027054572,-26.87140348564555],[-49.10933110345263,-26.87132045416757],[-49.10931088710124,-26.8712438693384],[-49.10930010236916,-26.87120029813744],[-49.10929670597152,-26.87117487114608],[-49.10929655962922,-26.87114301612109],[-49.10930025533008,-26.87111700077251]]
     ]
    },
    "properties": {
    "OBJECTID": 62978,
    "SHAPE.LEN": 33.8472730615851
    }
  },
  {
   "type": "Feature",
    "geometry": {
    "type": "LineString",
     "coordinates": [
      [[-49.10922969848856,-26.87112592097678],[-49.1092425386668,-26.87114938937204],[-49.1092645261311,-26.8711977948895],[-49.10927320713653,-26.87123230759689],[-49.109281294319,-26.87127650068667],[-49.10929275559682,-26.87137087200956],[-49.10929477020446,-26.8714163187618]]
     ]
    },
    "properties": {
    "OBJECTID": 62977,
    "SHAPE.LEN": 33.129185017668
    }
  },
  {
   "type": "Feature",
    "geometry": {
    "type": "LineString",
     "coordinates": [
      [[-49.10852846359283,-26.87080639919416],[-49.10853751907739,-26.87080394534294],[-49.1085424443941,-26.87080183965894],[-49.10854484424036,-26.87079975342101],[-49.10854696886668,-26.8707962437357],[-49.10854750256646,-26.87079398900661],[-49.10854775852089,-26.87079269993384]]
     ]
    },
    "properties": {
    "OBJECTID": 61915,
    "SHAPE.LEN": 2.6573667199135
    }
  },
  {
   "type": "Feature",
    "geometry": {
    "type": "LineString",
     "coordinates": [
      [[-49.10868547435139,-26.8708029057734],[-49.10866272005198,-26.8707969672791],[-49.10863800143658,-26.87078629732219],[-49.10861850010673,-26.87077339470797],[-49.1086089790559,-26.87076469723631],[-49.10859925819697,-26.87074508666476],[-49.10859586746729,-26.87073511196058],[-49.10859455660522,-26.87072588896853],[-49.10859401971167,-26.87072162339466],[-49.1085954378874,-26.87071369513358],[-49.10859706982858,-26.87070852441756],[-49.10860007275331,-26.87070454992402],[-49.10860369647916,-26.87070161358759],[-49.1086079934194,-26.8706992873828],[-49.10861987161476,-26.87069612758104],[-49.10866456419349,-26.8706932346161],[-49.10872987732726,-26.8706915680594],[-49.10881949372853,-26.87068694495962],[-49.10887292710224,-26.8706838755763],[-49.10893133716478,-26.87067609630686],[-49.10897614313964,-26.87066935163235],[-49.10897808796501,-26.87062753390061],[-49.10902022361083,-26.87059552085653],[-49.10906186536714,-26.87056010296336],[-49.10913053928499,-26.87045534119309],[-49.10907186244726,-26.8704400261916],[-49.10902963707833,-26.87051058197022],[-49.10901905489137,-26.870526643528],[-49.10899493957924,-26.87055314557396],[-49.10895781748312,-26.87058621764689],[-49.10890120037023,-26.87062203349826],[-49.10887472920687,-26.87062789621191],[-49.10883846847148,-26.87063224604272],[-49.10877421881688,-26.87063665539411],[-49.10871883778586,-26.87063574716273],[-49.10865798719532,-26.87063554011475],[-49.10863718532261,-26.87063323537607],[-49.10862727412613,-26.87062935518536],[-49.10862154741179,-26.87062452372261],[-49.10861733310648,-26.87061910326041],[-49.10861187478324,-26.87060721628714],[-49.10861143529695,-26.87060139145088],[-49.10860873917652,-26.8704817107453],[-49.10859901717301,-26.87036009382065],[-49.10859008245768,-26.87023271721836],[-49.10858934825628,-26.87013865371048],[-49.10858855022794,-26.8700920255094],[-49.10859163710379,-26.87000052142568],[-49.10859217298142,-26.8699623962635],[-49.10859812040104,-26.86992294182524],[-49.10859867432422,-26.86991463374059],[-49.10859914133824,-26.86990767746486],[-49.10859895971163,-26.86989736482565],[-49.10859848014393,-26.86988288187426],[-49.10859665941398,-26.86984333879943],[-49.10858944884988,-26.86978005513935],[-49.10858545412675,-26.8697245541754],[-49.10858228698311,-26.86967846920592],[-49.10857943038373,-26.86959909029206],[-49.10858104251295,-26.86958791261822],[-49.10857861763169,-26.86954088896858],[-49.10854396322544,-26.86954471056558],[-49.10854941120144,-26.86958563801795],[-49.10855416510699,-26.8696432945855],[-49.10855912609129,-26.86972243360009],[-49.108565694974,-26.86980661430453],[-49.10857363817347,-26.86988126858676],[-49.1085735894809,-26.86989701440162],[-49.10857142145424,-26.8699099058599],[-49.10856862743351,-26.86992188996591],[-49.10853784918337,-26.86992283816928],[-49.10853929378533,-26.86998153263452],[-49.10853974711695,-26.87007481255132],[-49.10854289962967,-26.87018786989703],[-49.10854520169337,-26.87034984850012],[-49.10855136344936,-26.87043218609052],[-49.10855148751718,-26.87053841546798],[-49.10855013739003,-26.87059583146713],[-49.10854511780854,-26.87063589221776],[-49.10854151852345,-26.87064836557308],[-49.10853115030558,-26.87065301769418],[-49.10849218540377,-26.87065669401311],[-49.10835329761873,-26.8706582582324],[-49.10835250453832,-26.87070566210786],[-49.10849098388389,-26.87070820278746],[-49.10850812216992,-26.87070936908839],[-49.10851561121211,-26.87071123388888],[-49.1085210602146,-26.87071364271566],[-49.10852745900299,-26.87071782248812],[-49.10853198488758,-26.87072278409864],[-49.108536267192,-26.8707300449379],[-49.10853842172187,-26.87073707421323],[-49.10854325096225,-26.87075216957432],[-49.10854734136291,-26.87076394617546],[-49.10855001995946,-26.87077631402421],[-49.10854775852089,-26.87079269993384]]
     ]
    },
    "properties": {
    "OBJECTID": 61916,
    "SHAPE.LEN": 444.0945324769551
    }
  },
  {
   "type": "Feature",
    "geometry": {
    "type": "LineString",
     "coordinates": [
      [[-49.1072663242794,-26.87101276024292],[-49.10735828803492,-26.87104324298809],[-49.10743139152104,-26.87106385604168],[-49.10746483292334,-26.87107240734196],[-49.10749236396974,-26.87107948137277],[-49.10759223023909,-26.87110429238072],[-49.10769238310562,-26.87112525222668],[-49.10776978902381,-26.87113935012026],[-49.10785076994558,-26.87115235317562],[-49.10793667159809,-26.8711644355534],[-49.10801532330122,-26.87117413546326],[-49.108081198863,-26.87118041496563],[-49.10816804098348,-26.87118745533226],[-49.10825333513932,-26.87119063082043],[-49.10831697703941,-26.8711923394137],[-49.1083860123009,-26.87119345226984],[-49.10847562586145,-26.87119355890178],[-49.10852660376712,-26.87119284773125],[-49.10861577891139,-26.87118900050701],[-49.10871868110564,-26.87118374841706],[-49.10879810053969,-26.87117846716655],[-49.1089097409813,-26.87116660133007],[-49.1090137961662,-26.87115393168212],[-49.1092040771738,-26.87112933287293],[-49.10922969848856,-26.87112592097678]]
     ]
    },
    "properties": {
    "OBJECTID": 64646,
    "SHAPE.LEN": 197.932790391892
    }
  },
  {
   "type": "Feature",
    "geometry": {
    "type": "LineString",
     "coordinates": [
      [[-49.10903665994333,-26.86833126557219],[-49.10900058502767,-26.86834215447115],[-49.10891999393736,-26.86834411948753],[-49.10887564650824,-26.86834186975603],[-49.10886609041861,-26.86834006667248],[-49.10885713845962,-26.8683369764661],[-49.10885107721895,-26.86833229578278],[-49.10884675714659,-26.86832573575551],[-49.10884295162797,-26.86831915914729],[-49.10883892264022,-26.86831077077099],[-49.10883583590153,-26.86828869830071],[-49.10883031802307,-26.86817206843408],[-49.10882643745934,-26.8680819982383],[-49.10880226034212,-26.86808321357455],[-49.1088039821927,-26.86816239318988],[-49.10881371530626,-26.86832472401886],[-49.10881236816128,-26.86833304405554],[-49.10881176517152,-26.86833420212334],[-49.10868503791039,-26.86833575352487],[-49.10868317303601,-26.86839363109615],[-49.10878268149491,-26.86839301062347],[-49.10881478341241,-26.868390269483],[-49.10883718853532,-26.86838081421499],[-49.10884663872017,-26.86837682490778],[-49.10885426604179,-26.86837551173412],[-49.10893327867682,-26.86837635432918],[-49.10900639195589,-26.86837548877174],[-49.10905612472477,-26.86837707311681],[-49.10918898622018,-26.86837817853508],[-49.10929820211862,-26.8683789755771],[-49.10939030887766,-26.86837499911912],[-49.10946786926569,-26.86836967087735],[-49.10957346712911,-26.86836483952894],[-49.1096164511159,-26.86836386933794],[-49.10963218992165,-26.86836619915221],[-49.10964195004562,-26.86836953208556],[-49.10964976875541,-26.86837504586428],[-49.1096555396979,-26.86838151064955],[-49.10965815192205,-26.86838928163933],[-49.10965992959554,-26.86840904763352],[-49.10965617679906,-26.86847699267191],[-49.109647561392,-26.86849584070318]]
     ]
    },
    "properties": {
    "OBJECTID": 61907,
    "SHAPE.LEN": 206.848506411246
    }
  },
  {
   "type": "Feature",
    "geometry": {
    "type": "LineString",
     "coordinates": [
      [[-49.1041164978849,-26.87377444900764],[-49.10420327220961,-26.87373515785602],[-49.10428696920161,-26.87369619993053],[-49.10439572242215,-26.87364605215544],[-49.10448063036039,-26.8736066536498],[-49.10454872890026,-26.87357223116517],[-49.10460114088237,-26.87355415155801],[-49.10465904247564,-26.87353550473856],[-49.10470429377952,-26.8735232598979],[-49.10474254425454,-26.87351607758246],[-49.10477935348256,-26.87351354136841],[-49.10481700403266,-26.87351420795835],[-49.10487745912106,-26.87351721573892],[-49.10491870756805,-26.87351898026281],[-49.10498781359781,-26.87352033316331],[-49.10501650336973,-26.87352198247079],[-49.1050446492472,-26.87352733769898],[-49.10511361707454,-26.87354053958257],[-49.10518867657936,-26.87356656306876],[-49.10524363502485,-26.87358498708744],[-49.10526197730664,-26.87359183364449],[-49.10538835823176,-26.87362003180592],[-49.10544871688146,-26.87363365782891],[-49.1054673361246,-26.87364001165379],[-49.10553804968788,-26.87366924673929],[-49.10559255887181,-26.87369530676262],[-49.1056669013764,-26.87373597741562],[-49.10573013940394,-26.87377255757842],[-49.10577486194365,-26.87380060468395],[-49.10580539937478,-26.87381802956204],[-49.10582133374601,-26.87382659838645],[-49.10583187020959,-26.873830835559],[-49.10584853313658,-26.87383464219717],[-49.10593549178601,-26.87385170693876],[-49.10598166996962,-26.87386144566635],[-49.10600044849922,-26.87386344028258],[-49.10602073159039,-26.87386320673335],[-49.10603718186647,-26.87386105345806],[-49.10604992243361,-26.87385696134886],[-49.10605801219266,-26.8738532284014],[-49.10606295270969,-26.87384967798172],[-49.10606325633888,-26.87384903309534],[-49.10605355132238,-26.87384515096878],[-49.10604464099444,-26.87384062963523],[-49.10603675581338,-26.87383305506959],[-49.10603243049547,-26.8738258423218],[-49.10603025381354,-26.87381785417571],[-49.10603100424688,-26.87380616316251],[-49.10603152409983,-26.87379876534857],[-49.10603522099871,-26.87379090557929],[-49.1060371528776,-26.87378809917366],[-49.10603858103215,-26.87378610736524],[-49.10600982753306,-26.87377124812105],[-49.10594290279009,-26.87373677853641],[-49.10588041314745,-26.8737060770875],[-49.10580645594127,-26.87367585819326],[-49.10574049643146,-26.87365250231199],[-49.10564184856386,-26.87362223932723],[-49.10556385477685,-26.87359955419481],[-49.10545897419013,-26.87357006496896],[-49.10537973628351,-26.87355022965497],[-49.10525349719255,-26.87352167867609],[-49.10514432764451,-26.87349832161112],[-49.10502566872628,-26.87347656563685],[-49.1048579351759,-26.87344846145465],[-49.10468849969648,-26.87342253564253],[-49.1045435983899,-26.87340091283243],[-49.1043597552034,-26.87337296200845],[-49.10408252710543,-26.87332540299157],[-49.10398331401527,-26.87330794975083],[-49.1036366471708,-26.87324897455573],[-49.10330258316374,-26.87320003201397],[-49.10329037140133,-26.87320102338614],[-49.10303293052763,-26.87316887598326],[-49.10286502752463,-26.87314423310404],[-49.10267040632525,-26.87311319749114],[-49.10230873781003,-26.87305789241137],[-49.10217480476977,-26.8730404328081],[-49.10210685435285,-26.87304361057972],[-49.10206550126193,-26.87304631883225],[-49.10204290583001,-26.87304593046899],[-49.10200931517439,-26.87304209095628],[-49.10178634474821,-26.87300707472817],[-49.10170818762694,-26.87299635263273],[-49.10168992206017,-26.87299583825974],[-49.10167385426859,-26.87299829492319],[-49.10165764916803,-26.87300354864271],[-49.10164818059009,-26.87300721587539],[-49.10162999546463,-26.87301875473543],[-49.10161944224739,-26.87302619823198],[-49.10161302568891,-26.87303321171927],[-49.10160839992331,-26.87304056787831],[-49.10160356518253,-26.87305422756062],[-49.10160207504263,-26.87306426319045],[-49.10160510321259,-26.87313416001139],[-49.10163052297204,-26.8733991860392],[-49.10164315013073,-26.87355123113734],[-49.10166240509851,-26.87376711906557],[-49.10169586296551,-26.87414797473399],[-49.10169892538803,-26.87416142371455],[-49.1017012232009,-26.87416877000301],[-49.10170407288111,-26.87417543413459],[-49.10170687114056,-26.8741792120251],[-49.10171045847873,-26.87418286874058],[-49.10171687366396,-26.87418696600082],[-49.10172235497602,-26.87418930873311],[-49.10173070307296,-26.87419265303545],[-49.10173718148067,-26.87419423113921],[-49.10174316099896,-26.87419470590445],[-49.10175107765593,-26.87419574102336],[-49.10179276389746,-26.87419576856488],[-49.10180369087934,-26.8742985613494],[-49.10181449068739,-26.87443089749716],[-49.10167907900567,-26.87443606775943],[-49.10155508657323,-26.87444166571487],[-49.10153027411886,-26.8742134271205],[-49.10156045718123,-26.87420949759105],[-49.10156717788816,-26.87420862123145],[-49.10157375906849,-26.87420712021617],[-49.10158012900786,-26.87420500982809],[-49.10158621785368,-26.87420231440093],[-49.10159195970289,-26.87419906283434],[-49.10159729055945,-26.87419529037173],[-49.10160215335036,-26.87419103957014],[-49.10160649397613,-26.87418635573432],[-49.10161026426922,-26.87418129056681],[-49.10161342303034,-26.87417590037665],[-49.10161593708004,-26.87417024338582],[-49.1016177782097,-26.87416438149339],[-49.10161892520922,-26.8741583794002],[-49.10161936693082,-26.8741523019423],[-49.10161909721273,-26.87414621673043],[-49.10161874329691,-26.87414348437664],[-49.10160945616938,-26.87403959802695],[-49.1015977059343,-26.87391910359091],[-49.1015872542585,-26.87379431948638],[-49.10157735114119,-26.87368224476757],[-49.10156331093835,-26.87351737216103],[-49.10155112996144,-26.87340892860161],[-49.10153453928334,-26.87321689736644],[-49.10152650647168,-26.8731117353633],[-49.10152280476831,-26.87306281810307],[-49.1015210123786,-26.87304733010499],[-49.10151742340633,-26.87303208693591],[-49.10151207732458,-26.87301725610353],[-49.10150503380634,-26.87300300087401],[-49.10149636877486,-26.87298947570598],[-49.10148681557942,-26.87297754519695],[-49.10147758321092,-26.87296695391504],[-49.10146716591446,-26.87295728629721],[-49.1014556796546,-26.87294864950337],[-49.10144325068418,-26.87294113729296],[-49.10143001348666,-26.87293483270505],[-49.10142134293961,-26.87293151745098],[-49.10140336579887,-26.87292500565835],[-49.10138473234365,-26.87292012683842],[-49.10136847312085,-26.87291729538274],[-49.10129581826858,-26.87290519474794],[-49.10112682040165,-26.87288005223587],[-49.10099748527511,-26.87286078588371],[-49.10095732237868,-26.87285533333278],[-49.10095321550251,-26.87285536658699],[-49.10094904374372,-26.8728556688406],[-49.10094483809921,-26.87285625224375],[-49.10094063264489,-26.87285712537766],[-49.100936465572,-26.87285829146341],[-49.10093237414105,-26.87285974919663],[-49.10092839468163,-26.87286149274756],[-49.10092456664766,-26.87286351001039],[-49.10092092250977,-26.87286578517509],[-49.10091749385302,-26.87286829519912],[-49.10091430721629,-26.87287101787469],[-49.10091138625549,-26.87287392283204],[-49.10090874756793,-26.8728769805091],[-49.10090640172861,-26.8728801603603],[-49.10090435633912,-26.87288342909234],[-49.10090261089094,-26.87288675691324],[-49.10090058694936,-26.87289928099378],[-49.10089994502532,-26.87291607119367],[-49.10090054526096,-26.8729465196907]]
     ]
    },
    "properties": {
    "OBJECTID": 61197,
    "SHAPE.LEN": 1096.00515172424
    }
  },
  {
   "type": "Feature",
    "geometry": {
    "type": "LineString",
     "coordinates": [
      [[-49.10478184474744,-26.87322598700379],[-49.10478194424194,-26.87317452222977],[-49.10477933315874,-26.8731476290834],[-49.10477029502364,-26.87311245879846],[-49.10475809583951,-26.87307576678036],[-49.10470864209987,-26.87293671417962],[-49.10463370222189,-26.87273616706776],[-49.10457584352532,-26.87259243010236]]
     ]
    },
    "properties": {
    "OBJECTID": 61209,
    "SHAPE.LEN": 73.4772500367306
    }
  },
  {
   "type": "Feature",
    "geometry": {
    "type": "LineString",
     "coordinates": [
      [[-49.10708426652315,-26.87126667473805],[-49.10707961113762,-26.87126598597933],[-49.10707240919638,-26.87126259416838],[-49.10707023482761,-26.87125935906569],[-49.10706855486032,-26.87125580746176],[-49.10706872204181,-26.87125163164665],[-49.10707036552623,-26.87124704146689],[-49.10707375598859,-26.87123968390543],[-49.10715140413291,-26.87115917667316],[-49.10719568212103,-26.87111701538092],[-49.1072432139451,-26.87104868575669],[-49.1072663242794,-26.87101276024292]]
     ]
    },
    "properties": {
    "OBJECTID": 62974,
    "SHAPE.LEN": 35.7342600046754
    }
  },
  {
   "type": "Feature",
    "geometry": {
    "type": "LineString",
     "coordinates": [
      [[-49.10700525343231,-26.87121728652316],[-49.10700061631878,-26.87122619516717],[-49.10695239608439,-26.87128164284428],[-49.10693410735322,-26.87130458426202]]
     ]
    },
    "properties": {
    "OBJECTID": 61202,
    "SHAPE.LEN": 12.005790250133
    }
  },
  {
   "type": "Feature",
    "geometry": {
    "type": "LineString",
     "coordinates": [
      [[-49.10663867966137,-26.87052607564636],[-49.10643244752195,-26.87040316030855],[-49.10628162390265,-26.87026949018237]]
     ]
    },
    "properties": {
    "OBJECTID": 61158,
    "SHAPE.LEN": 45.6781567382255
    }
  },
  {
   "type": "Feature",
    "geometry": {
    "type": "LineString",
     "coordinates": [
      [[-49.1058233179962,-26.87009400746239],[-49.10582494021695,-26.87008749451237],[-49.10583306534139,-26.87005137106755]]
     ]
    },
    "properties": {
    "OBJECTID": 61164,
    "SHAPE.LEN": 4.82275934092813
    }
  },
  {
   "type": "Feature",
    "geometry": {
    "type": "LineString",
     "coordinates": [
      [[-49.10478528569164,-26.86870605187512],[-49.10478701766008,-26.86870792720287],[-49.10483705165175,-26.86876659005723],[-49.10492444318029,-26.86886995967268],[-49.10500577014452,-26.86897532384904],[-49.10509648396562,-26.86908920877765],[-49.10518960653348,-26.86921400748451],[-49.10529022127708,-26.86934766976715],[-49.10539662368792,-26.86947617009579],[-49.10551378087368,-26.86963039643268],[-49.10560637171017,-26.86975641527412],[-49.10572599943349,-26.86991690870935],[-49.10579537269766,-26.87000752739778],[-49.10592623084422,-26.87015973749672],[-49.10599547163172,-26.87023434882711],[-49.10606979294473,-26.870309082378],[-49.10612950137006,-26.87036398345363],[-49.10619559184242,-26.87042261647498],[-49.10627022123173,-26.8704852188368],[-49.10634550310757,-26.87054309586129],[-49.10641141788622,-26.87059277642644],[-49.1065007394048,-26.87065072869681],[-49.10659416074616,-26.87070309200259],[-49.10677555447943,-26.87080596824424],[-49.10698602014026,-26.87090644657372],[-49.10713511502851,-26.87097747707553]]
     ]
    },
    "properties": {
    "OBJECTID": 65960,
    "SHAPE.LEN": 348.898547205715
    }
  },
  {
   "type": "Feature",
    "geometry": {
    "type": "LineString",
     "coordinates": [
      [[-49.10595914710782,-26.86749493738229],[-49.10587185719501,-26.86743342070872],[-49.10583512010498,-26.86748078411856],[-49.10590010281701,-26.86751737304491],[-49.10599875733476,-26.86757930106524],[-49.1060060259237,-26.86758658936231],[-49.1060108627497,-26.86759540472912],[-49.10601347612163,-26.86760297000323],[-49.10601530812537,-26.8676140620262],[-49.10601391506002,-26.86762518664072],[-49.10597757900302,-26.86768985345799],[-49.1059349444448,-26.86776831124451],[-49.10593064690656,-26.86777949440628],[-49.10592948797536,-26.86778568773835],[-49.10592067670575,-26.86785333644124],[-49.10591426064372,-26.86788143087667]]
     ]
    },
    "properties": {
    "OBJECTID": 61223,
    "SHAPE.LEN": 72.97507375439649
    }
  },
  {
   "type": "Feature",
    "geometry": {
    "type": "LineString",
     "coordinates": [
      [[-49.10208415000683,-26.88364382703073],[-49.10213202457393,-26.88368188761898],[-49.10222021262436,-26.88375120099763],[-49.10225909215409,-26.88378116550018],[-49.10229619489487,-26.88381542225792],[-49.10233087309572,-26.88384749739176],[-49.1023713986342,-26.88388286967188],[-49.10241030621598,-26.88391067824953],[-49.10250312395512,-26.88398262962082],[-49.10252887404214,-26.88400296315775],[-49.10254507469547,-26.88396583564469],[-49.1024906672617,-26.88392211760954],[-49.10237700240361,-26.8838303173375],[-49.10231731602388,-26.88377748627785],[-49.10228188200292,-26.88374691280799],[-49.10223896416994,-26.88370676982037],[-49.1021937726471,-26.88367156226588],[-49.10214109054899,-26.88362743224235],[-49.10211340417474,-26.88360492087385]]
     ]
    },
    "properties": {
    "OBJECTID": 62916,
    "SHAPE.LEN": 122.589143066303
    }
  },
  {
   "type": "Feature",
    "geometry": {
    "type": "LineString",
     "coordinates": [
      [[-49.10109257224858,-26.88399867880706],[-49.10111543549517,-26.88404109509895],[-49.10115377022549,-26.88411272465951],[-49.10115747256432,-26.88411855003489],[-49.1011613371224,-26.88412430538452],[-49.10116536197763,-26.88412998526713],[-49.10116954519282,-26.88413558514371],[-49.1011738838697,-26.88414109775471],[-49.1011783730219,-26.88414652032529],[-49.1011830107575,-26.88415184560941],[-49.10118779209011,-26.88415707083227],[-49.10119271310005,-26.88416218962312],[-49.10119776880098,-26.88416719920716],[-49.10120295627951,-26.88417209322717],[-49.10120826952787,-26.88417686979722],[-49.10121370360494,-26.88418152343539],[-49.10121925251804,-26.88418605135338],[-49.10122491228711,-26.88419045078993],[-49.1012306759433,-26.88419471713844],[-49.10126972354203,-26.88422142405055],[-49.10130661970308,-26.88424466591347],[-49.10132945905632,-26.88425763068988],[-49.10133433991709,-26.88426021449372],[-49.10133928253038,-26.88426271699272],[-49.10134428392249,-26.8842651354392],[-49.10134934209584,-26.8842674689037],[-49.10135445206404,-26.88426971461147],[-49.10135961282077,-26.88427187254896],[-49.10136482037087,-26.88427394085731],[-49.10137007274692,-26.88427591680233],[-49.10137536590855,-26.88427780123229],[-49.10138069787326,-26.88427959231538],[-49.10138606463081,-26.8842812890951],[-49.10139146218604,-26.8842828897126],[-49.10139688851122,-26.8842843950432],[-49.10140234061753,-26.88428580324156],[-49.10140781447963,-26.88428711425356],[-49.10141330707854,-26.88428832803864],[-49.10148047471048,-26.88430420282441],[-49.10148650469397,-26.88430536335672],[-49.10149258426767,-26.88430638736325],[-49.10149870539606,-26.8843072738334],[-49.10150486409908,-26.88430802000593],[-49.10151105232605,-26.88430862577263],[-49.1015172650906,-26.88430908835873],[-49.101523494327,-26.8843094085584],[-49.10152973402742,-26.88430958448575],[-49.1015359781539,-26.8843096160596],[-49.10154221964702,-26.88430950408766],[-49.1015484524688,-26.88430924848878],[-49.10155466856862,-26.88430884915476],[-49.10156086286956,-26.88430830872509],[-49.1015670283273,-26.8843076271051],[-49.10157315887371,-26.8843068060184],[-49.1015792474343,-26.88430584717507],[-49.10158736275582,-26.88430443269117],[-49.10159545455221,-26.88430285993923],[-49.10160351779179,-26.8843011288516],[-49.10161154742779,-26.88429924026307],[-49.10161953640083,-26.88429719498133],[-49.10162748067049,-26.88429499385467],[-49.10163537316226,-26.88429263859318],[-49.10164320882942,-26.88429013003159],[-49.10165098259505,-26.88428747080946],[-49.1016586884061,-26.884284661748],[-49.10166632118562,-26.88428170548673],[-49.10167387686306,-26.8842786046787],[-49.10168134834885,-26.88427536193637],[-49.10168873158752,-26.88427197901044],[-49.10169602148707,-26.88426845944277],[-49.10170321397691,-26.88426480588641],[-49.10171160721018,-26.88425941024182],[-49.10171982291267,-26.88425373602157],[-49.10172784489261,-26.88424778842352],[-49.10173565587655,-26.88424157714395],[-49.10174324063381,-26.88423511010145],[-49.10175058286709,-26.88422839881053],[-49.10175766830685,-26.88422145391045],[-49.10176448367477,-26.88421428695632],[-49.10177101666874,-26.88420691132157],[-49.10177725399538,-26.88419933946367],[-49.10178318733264,-26.88419158751729],[-49.10178880637599,-26.88418366978524],[-49.10179410181215,-26.88417560148626],[-49.10179906835317,-26.88416739789318],[-49.10180369868334,-26.88415907515415],[-49.10180799048844,-26.8841506512897],[-49.10181139959185,-26.88414469404632],[-49.10181463411112,-26.88413864329618],[-49.1018176878726,-26.88413250707956],[-49.10182055670018,-26.88412629436614],[-49.10182323545669,-26.88412001140496],[-49.10182572296996,-26.88411366810865],[-49.10182801507896,-26.88410727254452],[-49.10183010862902,-26.88410083279341],[-49.1018549370896,-26.88403471041441],[-49.10188279902049,-26.88394734145426],[-49.10188364601834,-26.88394484276234],[-49.10188432625698,-26.88394226420771],[-49.10188483045334,-26.88393961920431],[-49.10188514728146,-26.88393692294381],[-49.1018852714534,-26.88393419069898],[-49.10188519563837,-26.88393143952035],[-49.1018849185435,-26.88392868653956],[-49.10188443986724,-26.88392594980412],[-49.10188376132064,-26.88392324738864],[-49.10188288864001,-26.88392059742177],[-49.10188182862838,-26.88391801443621],[-49.10188059107752,-26.88391551480997],[-49.10187918882836,-26.88391311315686],[-49.10187763377584,-26.88391082046769],[-49.10187594184018,-26.88390864778732],[-49.1018741279654,-26.88390660434237],[-49.10184100809555,-26.88387717474303],[-49.10179189418968,-26.88383594017969],[-49.10178840929122,-26.88383306285887],[-49.10178478066153,-26.88383029372115],[-49.10178101520913,-26.88382764098257],[-49.10177712084888,-26.88382511287269],[-49.10177310551071,-26.88382271671873],[-49.1017689771547,-26.8838204580431],[-49.10176474470202,-26.88381834508892],[-49.10176041815557,-26.88381638160089],[-49.10175600849438,-26.88381457314205],[-49.10175152569118,-26.88381292526188],[-49.10174697979411,-26.88381143899798],[-49.10174238382501,-26.88381011813566],[-49.10173774882324,-26.88380896462843],[-49.10173308384569,-26.88380797859799],[-49.10172840298087,-26.8838071602337],[-49.10172371629196,-26.88380650967077],[-49.10171893581908,-26.88380586958087],[-49.10171411021518,-26.88380540037439],[-49.10170925454493,-26.88380510405895],[-49.10170438184525,-26.8838049835175],[-49.10169950419198,-26.88380503891231],[-49.10169463671013,-26.88380526864148],[-49.10168979248181,-26.88380567288083],[-49.10168498564082,-26.88380624911257],[-49.10164665213099,-26.88381179656453],[-49.10159968349971,-26.88382089332757],[-49.10152735782556,-26.88383655761472],[-49.101469747022,-26.88385197196314],[-49.10141506234962,-26.88386828306818],[-49.10140843224828,-26.8838708701003],[-49.10140169379352,-26.88387325530305],[-49.10139485916682,-26.88387543252214],[-49.10138793949813,-26.88387739829681],[-49.10138094794508,-26.88387914829102],[-49.10137389662886,-26.88388067995994],[-49.10136679866187,-26.88388199167466],[-49.10135966718668,-26.88388308000152],[-49.10130776887323,-26.88389383613471],[-49.10119929231736,-26.88391657973096],[-49.10109525268459,-26.8839378728741],[-49.1010932563023,-26.88393807709631],[-49.10109121137671,-26.88393847562303],[-49.10108914986877,-26.88393908332517],[-49.10108710884649,-26.88393991062946],[-49.10108513254281,-26.88394096083827],[-49.10108326232258,-26.88394222818962],[-49.10108154169907,-26.88394369882722],[-49.1010800113326,-26.88394534892804],[-49.10107870294718,-26.88394714732832],[-49.10107764032196,-26.88394905643939],[-49.10107683721801,-26.88395103583019],[-49.10107629736342,-26.88395304312962],[-49.10107601233494,-26.88395504031611],[-49.1010759676412,-26.88395699109168],[-49.10107614060447,-26.8839588671715],[-49.10107650444629,-26.88396064472851],[-49.10107740161474,-26.88396417684878],[-49.10107841488761,-26.88396768796543],[-49.10107954331895,-26.88397117445538],[-49.10108078498664,-26.88397463087736],[-49.10108213995102,-26.88397805362183],[-49.10108360426226,-26.8839814381228],[-49.10108517799579,-26.88398477986838],[-49.10108685720176,-26.88398807429258],[-49.10109257224858,-26.88399867880706]]
     ]
    },
    "properties": {
    "OBJECTID": 58131,
    "SHAPE.LEN": 213.545479948849
    }
  },
  {
   "type": "Feature",
    "geometry": {
    "type": "LineString",
     "coordinates": [
      [[-49.10208415000683,-26.88364382703073],[-49.10207349544457,-26.88364197528973],[-49.10206692365975,-26.88364137522629],[-49.10206084745184,-26.88364213930108],[-49.10205218836332,-26.8836442333712],[-49.10204736273386,-26.88364719939402],[-49.10204370585582,-26.8836507587716],[-49.10204016126136,-26.88365826032037],[-49.10203633939543,-26.88367157256131],[-49.10201692815125,-26.88373794919094],[-49.1020070866825,-26.88377032155206],[-49.10199788083784,-26.88378212454099],[-49.10198128806364,-26.88380235223257],[-49.10196626010812,-26.88381706001263],[-49.10196447049842,-26.88381850355976],[-49.1019600419726,-26.88382228091865],[-49.10195550855568,-26.88382595036355],[-49.10195087329682,-26.88382951013027],[-49.10194452845192,-26.88383339893064],[-49.101938080834,-26.88383717352726],[-49.10193153756276,-26.88384082950288],[-49.10192490373013,-26.88384436331562],[-49.10191818645578,-26.88384777054822],[-49.10191139484187,-26.88385104861525],[-49.10190453297405,-26.88385419396126],[-49.10189760995449,-26.88385720400084],[-49.10189177627784,-26.88386013842037],[-49.1019094001003,-26.88387410257508],[-49.10191332696886,-26.88387751654884],[-49.10191705407588,-26.88388113904181],[-49.10192056152106,-26.8838849562479],[-49.1019238304708,-26.88388895076505],[-49.1019268451406,-26.883893103427],[-49.10192959175857,-26.88389739509454],[-49.1019320576195,-26.88390180303244],[-49.10193423604102,-26.88390630548906],[-49.10194371276826,-26.88392918956967],[-49.10194458515494,-26.88393131513354],[-49.10194528524512,-26.88393351149115],[-49.10194580225578,-26.88393576134858],[-49.10194612845298,-26.88393804564776],[-49.10194626212567,-26.88394034631408],[-49.10194620058662,-26.88394264345471],[-49.10194594921428,-26.88394491638257],[-49.10194551334185,-26.88394714711774],[-49.10193810088885,-26.88397143340818],[-49.10191809142051,-26.88402842688522],[-49.10189858938624,-26.88408456792129],[-49.10187736448012,-26.88414122915463],[-49.10187515552883,-26.88414686496256],[-49.10187284934073,-26.88415247689929],[-49.10187044695231,-26.88415806317358],[-49.10186794943019,-26.88416362018946],[-49.10186535779577,-26.88416914705805],[-49.10186267311569,-26.88417464018337],[-49.10185989538994,-26.88418009956542],[-49.10185702570025,-26.88418552070582],[-49.10185406706557,-26.88419090364513],[-49.10185101753355,-26.88419624474682],[-49.1018478811597,-26.88420154226019],[-49.10184465797413,-26.8842067943805],[-49.10184134899824,-26.88421200021887],[-49.1018379552987,-26.88421715617933],[-49.10183447992461,-26.88422226049768],[-49.10183092389741,-26.88422731228506],[-49.10182628693288,-26.88423290011989],[-49.10182149145503,-26.88423839646903],[-49.10181654055823,-26.88424379686114],[-49.10181143934949,-26.88424909685193],[-49.10180618993201,-26.8842542910542],[-49.10180079742783,-26.88425937412126],[-49.10179526694404,-26.88426434160884],[-49.10178960157502,-26.88426918904561],[-49.10178380741905,-26.88427391290318],[-49.10177788860701,-26.88427850691901],[-49.10177185221336,-26.88428296938298],[-49.1017657013325,-26.88428729582377],[-49.10175944407538,-26.88429148274005],[-49.10175308452764,-26.88429552657638],[-49.10174662976377,-26.88429942562269],[-49.10174008586697,-26.88430317725297],[-49.10173374401108,-26.88430700560965],[-49.10172731229835,-26.88431072986438],[-49.10172079583585,-26.88431434557289],[-49.10171419564501,-26.88431785184632],[-49.10170751681779,-26.88432124514277],[-49.10170076340967,-26.88432452371157],[-49.10169393746352,-26.88432768577499],[-49.10168704404111,-26.88433072959592],[-49.10168008620671,-26.88433365250777],[-49.10167306900706,-26.8843364536758],[-49.10166599648256,-26.8843391322517],[-49.10165887069113,-26.88434168555538],[-49.10165169869219,-26.88434411277915],[-49.10164448251346,-26.88434641304767],[-49.10163722720172,-26.88434858552617],[-49.10162993679736,-26.88435062936638],[-49.10162404538067,-26.88435207825426],[-49.10161812319426,-26.88435344098331],[-49.10161217023812,-26.88435471755351],[-49.10160619155898,-26.88435590713013],[-49.10160018819337,-26.88435700792191],[-49.10159416213884,-26.8843580208583],[-49.10158811743582,-26.88435894509102],[-49.10158205611205,-26.88435977974472],[-49.1015759791739,-26.88436052483294],[-49.10156989168315,-26.88436117861854],[-49.10156379461599,-26.88436174291983],[-49.10155769201284,-26.88436221688849],[-49.10155158387369,-26.88436260052455],[-49.1015454752453,-26.88436289299324],[-49.10153936812524,-26.88436309522402],[-49.10153326452618,-26.8843632072439],[-49.10152521254775,-26.88436257823357],[-49.10151716518729,-26.88436185361142],[-49.10150912448763,-26.88436103159979],[-49.10150109445904,-26.88436011315512],[-49.10149307610785,-26.88435909829097],[-49.10148507144672,-26.88435798703438],[-49.10147708248837,-26.88435677941241],[-49.101469113243,-26.88435547638153],[-49.10146116371065,-26.88435407794177],[-49.10145323791663,-26.88435258414721],[-49.10144533785854,-26.88435099592731],[-49.10143746454274,-26.88434931329558],[-49.10142962197944,-26.88434753720853],[-49.1014218101536,-26.88434566856851],[-49.10141403307546,-26.88434370833204],[-49.10140629176643,-26.88434165561026],[-49.10139507900708,-26.88433869065347],[-49.10138391479136,-26.88433553139117],[-49.10137280712471,-26.88433218063872],[-49.10136176402761,-26.8843286403091],[-49.101350791523,-26.88432491138586],[-49.10133989657976,-26.8843209984756],[-49.10132908823981,-26.88431690260245],[-49.10131837147448,-26.88431262744357],[-49.10130714490635,-26.88430753852524],[-49.10129600217929,-26.88430225126303],[-49.10128495428746,-26.88429677031761],[-49.10127401021246,-26.88429110032268],[-49.10126317895088,-26.88428524500949],[-49.10125247047552,-26.88427920992761],[-49.10124189474408,-26.88427300152896],[-49.10123145973175,-26.8842666244337],[-49.10122579516689,-26.88426305350062],[-49.10122019867936,-26.88425938419875],[-49.10121467225168,-26.88425561835988],[-49.10120921888772,-26.884251756927],[-49.10120384256756,-26.88424780266135],[-49.10119854527365,-26.88424375739475],[-49.10119333000991,-26.88423962207017],[-49.1011882007413,-26.88423540035123],[-49.10118315847414,-26.88423109225148],[-49.10117820615197,-26.88422670232338],[-49.10117334776993,-26.88422223242581],[-49.10116858532558,-26.88421768348822],[-49.1011639197498,-26.88421306003601],[-49.10115935403142,-26.88420836391456],[-49.10115489115922,-26.88420359696918],[-49.10115053105775,-26.88419876371178],[-49.10114452645528,-26.88419289475056],[-49.10113864760779,-26.88418690924176],[-49.10113289951673,-26.88418080905778],[-49.10112728614709,-26.88417459786227],[-49.10112181144869,-26.88416828022124],[-49.10111647941667,-26.88416185799356],[-49.10111129296436,-26.88415533753648],[-49.10110625608689,-26.88414872070888],[-49.10110137271904,-26.88414201297913],[-49.10109664380674,-26.88413521797029],[-49.10109207430617,-26.8841283402619],[-49.10108766516331,-26.88412138347701],[-49.1010834202978,-26.88411435398639],[-49.10107934065561,-26.88410725541306],[-49.10107542918024,-26.88410009230953],[-49.10107168680257,-26.88409286920122],[-49.10102779485123,-26.88400589507412],[-49.10100019634505,-26.88395610331389],[-49.10099891673978,-26.88395365185456],[-49.10099738281686,-26.88395124029998],[-49.10099559101422,-26.88394890109507],[-49.10099354786313,-26.88394666501537],[-49.10099126392021,-26.88394456289043],[-49.10098875477362,-26.88394262561756],[-49.10098604413762,-26.88394087969032],[-49.10098316077312,-26.88393935076761],[-49.10098013757194,-26.88393805824577],[-49.10097701056553,-26.88393701434276],[-49.1009738178433,-26.88393622859642],[-49.10097059965816,-26.88393570154792],[-49.10096739130685,-26.88393542915892],[-49.10096422918293,-26.88393540199031],[-49.10096114371747,-26.88393560600995],[-49.10095816241313,-26.88393602173086],[-49.10089454853973,-26.88394835947133],[-49.10080564006544,-26.8839653321049],[-49.10071082620622,-26.88398416672488],[-49.10061181512007,-26.88400510110217],[-49.10053542002721,-26.88402050706938],[-49.1004540869342,-26.88403843157504],[-49.10037030896399,-26.88405611194926],[-49.10027479469344,-26.88407751732406],[-49.10020781151403,-26.88409582692818],[-49.10012458546009,-26.88412533745819],[-49.10010401396239,-26.88413325708343],[-49.10009370077761,-26.88413741283679],[-49.1000834688176,-26.88414176734667],[-49.10007332822101,-26.88414631623656],[-49.10006328706861,-26.88415105781003],[-49.10005335552925,-26.88415598588581],[-49.10004353968613,-26.88416109783803],[-49.10003385071445,-26.88416638749895],[-49.10002429472761,-26.88417185043794],[-49.10001498594845,-26.88417751797657],[-49.10000579207043,-26.88418335674494],[-49.09999671818553,-26.88418936320123],[-49.09998777243489,-26.88419553203952],[-49.09997896090172,-26.88420186063392],[-49.0999702917423,-26.88420834277612],[-49.09996176907244,-26.88421497310602],[-49.09995340101827,-26.88422174722005],[-49.09994416100218,-26.88422871900258],[-49.09993512514287,-26.88423594173988],[-49.09992630868613,-26.88424340661131],[-49.0999177239041,-26.88425110204847],[-49.09990938506649,-26.88425901741239],[-49.09990130447564,-26.88426713932992],[-49.09989349339741,-26.88427545621915],[-49.0998859621366,-26.88428395377748],[-49.0998818549155,-26.8842884953611],[-49.0998778251609,-26.88429309936203],[-49.09987387493075,-26.88429776310025],[-49.09987000623769,-26.88430248660281],[-49.09986622013336,-26.88430726717613],[-49.09986251765427,-26.88431210302901],[-49.09985890084327,-26.88431699238379],[-49.09985537174322,-26.88432193346278],[-49.0998519303692,-26.88432692536364],[-49.09984857980061,-26.88433196451745],[-49.09984532005254,-26.88433705002187],[-49.09984215217661,-26.88434217918329],[-49.09983907719425,-26.88434735111289],[-49.09983609717852,-26.88435256222826],[-49.09983321212943,-26.8843578125294],[-49.0998304231288,-26.88436309751798],[-49.09982569663806,-26.88437234584091],[-49.09982127281396,-26.88438173271952],[-49.09981715894239,-26.88439124381059],[-49.0998133632703,-26.88440086749159],[-49.0998098900495,-26.88441059028103],[-49.09980674356203,-26.88442039689273],[-49.09980392804464,-26.88443027474759],[-49.09980144677305,-26.88444020854585],[-49.09980023308281,-26.88444561039915],[-49.0997991296808,-26.88445103810574],[-49.09979813862496,-26.88445648898557],[-49.0997972599606,-26.88446196033151],[-49.09979649573059,-26.8844674503659],[-49.09979584500412,-26.8844729545633],[-49.0997953088328,-26.88447847023015],[-49.09979488724686,-26.88448399556169],[-49.0997945813281,-26.88448952605958],[-49.09979439110678,-26.88449505991908],[-49.09979431664328,-26.88450059353066],[-49.09979435697657,-26.8845061241737],[-49.09979451216708,-26.88451164823866],[-49.099794782245,-26.88451716392081],[-49.09979516725566,-26.88452266851301],[-49.0997956652619,-26.88452815747633],[-49.0997966046163,-26.88453620486988],[-49.09979788976026,-26.88454421990951],[-49.09979951797682,-26.8845521845071],[-49.09980148450615,-26.88456008235218],[-49.09980575789406,-26.88457647290715],[-49.09981013229331,-26.88459284225641],[-49.09981460771908,-26.88460918949758],[-49.09981918417136,-26.88462551463065],[-49.09982125155953,-26.88463255818757],[-49.09982342907558,-26.88463957705119],[-49.09982571472197,-26.88464657029206],[-49.0998281075377,-26.8846535351895],[-49.09983060756804,-26.88466046903638],[-49.09983321482815,-26.88466737093031],[-49.09983592733556,-26.88467423903947],[-49.09983874412927,-26.88468107064319],[-49.099842424391,-26.88469116043865],[-49.09984620679079,-26.88470122182295],[-49.09985009440806,-26.88471125122716],[-49.0998540832175,-26.88472124859715],[-49.09985817625324,-26.88473121307113],[-49.09986237054158,-26.88474114190138],[-49.09986666608257,-26.88475103508786],[-49.09987106190008,-26.8847608908123],[-49.0998900812216,-26.88480460402985],[-49.09992108299112,-26.8848753689642],[-49.09994979458251,-26.88493706646642],[-49.0999765913324,-26.88499680217422],[-49.10000528958573,-26.88505936054737],[-49.10003681513079,-26.88512776504084],[-49.10008335383086,-26.88523165327674],[-49.10011931214379,-26.88531216500128],[-49.10016133593476,-26.88540911032225],[-49.10020178420001,-26.88549807189066],[-49.10023706042812,-26.88557556250928],[-49.10028644733823,-26.88568400640223],[-49.10031533489955,-26.8857500097022],[-49.10035061386009,-26.88582728551903],[-49.10038605147373,-26.88590994283182],[-49.10040551346849,-26.8859564590342],[-49.1004099074709,-26.88596865510655],[-49.10041400208792,-26.88598093741025],[-49.100417793445,-26.88599329686744],[-49.10042127966521,-26.8860057253297],[-49.10042382153618,-26.88601587832632],[-49.1004261846361,-26.88602606772955],[-49.10042836710319,-26.88603628448853],[-49.10043036614476,-26.88604651502706],[-49.10043186232262,-26.88605407258476],[-49.10043321914249,-26.88606165715076],[-49.10043443567349,-26.88606926419967],[-49.10043551196086,-26.88607689102437],[-49.10043644705861,-26.88608453400179],[-49.10043724002073,-26.88609218950893],[-49.10043789192903,-26.88609985304742],[-49.10043840081605,-26.88610752188308],[-49.10043929726316,-26.88611651279346],[-49.10044006163804,-26.88612551636889],[-49.10044069499227,-26.88613452991577],[-49.10044119535843,-26.8861435506999],[-49.10044156378809,-26.88615257602769],[-49.10044180029632,-26.88616160499677],[-49.10044190494347,-26.88617063399764],[-49.10044187675334,-26.886179661212],[-49.10044158263032,-26.88618779761489],[-49.10044117883091,-26.88619593164018],[-49.10044066639167,-26.88620406149664],[-49.10044004333005,-26.88621218535247],[-49.10043931168889,-26.88622030142996],[-49.10043847047694,-26.88622840881321],[-49.10043751975452,-26.88623650389272],[-49.10043646153434,-26.88624458669554],[-49.10043479343875,-26.88625488976333],[-49.10043298062556,-26.88626517915128],[-49.10043102317018,-26.88627545034748],[-49.10042892114805,-26.88628569884006],[-49.10042667667749,-26.88629591833943],[-49.10042428879736,-26.88630610612494],[-49.10042176163869,-26.88631625593408],[-49.10041909425546,-26.88632636414379],[-49.10041654991679,-26.8863360967303],[-49.10041386207794,-26.88634580301719],[-49.1004110297929,-26.88635547938138],[-49.10040805409817,-26.88636512403167],[-49.10040493808823,-26.88637473249675],[-49.10040167978055,-26.88638430294481],[-49.10039828123305,-26.88639383269576],[-49.10039474451879,-26.88640331816715],[-49.10039119917931,-26.88641265730467],[-49.10038744647673,-26.88642193679073],[-49.10038348952062,-26.88643115125166],[-49.10037933140542,-26.88644029621616],[-49.10037497325821,-26.88644936447875],[-49.10037041716711,-26.88645835155459],[-49.10036566724803,-26.88646725208357],[-49.10036072659546,-26.88647606159435],[-49.10035436195501,-26.8864865975404],[-49.10034789644227,-26.88649708609787],[-49.10034133210007,-26.8865075254891],[-49.10033466793715,-26.88651791479817],[-49.10032790598129,-26.88652825314974],[-49.10032104626264,-26.88653853873906],[-49.10031409079389,-26.88654877159317],[-49.10030703861397,-26.88655894899141],[-49.10030211643776,-26.88656508892029],[-49.10029710156142,-26.88657117435001],[-49.10029199505163,-26.88657720168461],[-49.10028679791478,-26.88658317093761],[-49.10028151222391,-26.88658907852656],[-49.10027614102825,-26.88659492268731],[-49.10027068536433,-26.88660070162862],[-49.10026514727503,-26.88660641357282],[-49.10025212744719,-26.88661909839519],[-49.10023892866285,-26.8866316499353],[-49.10022555611977,-26.88664405833462],[-49.10021201997202,-26.88665631831421],[-49.10018970964138,-26.88667212113286],[-49.10016366469089,-26.8866869747454],[-49.10010839927163,-26.88671245578822],[-49.10010228439515,-26.88671497927965],[-49.10009327922622,-26.88671909214424],[-49.10008413978006,-26.88672298838828],[-49.10007487919962,-26.88672666457823],[-49.10006550663265,-26.88673011542164],[-49.10005603424595,-26.88673333566667],[-49.10004647318485,-26.88673632095037],[-49.10003683654706,-26.8867390705463],[-49.10002713549303,-26.88674157918911],[-49.09996555290887,-26.88675694393681],[-49.09988097473184,-26.88677955117573],[-49.09983869182747,-26.88679042432887],[-49.09975435096006,-26.88681346430979],[-49.09965709350207,-26.88683741805977],[-49.09954978115275,-26.88686619431327],[-49.09946033865262,-26.88688852463877],[-49.09935868439511,-26.88691349849837],[-49.09924355947141,-26.88694368210258],[-49.09915238988657,-26.88696749719397],[-49.09910178513288,-26.88698127815048],[-49.0990882010708,-26.88698496558423],[-49.09907452636855,-26.88698841532122],[-49.09906077212624,-26.88699162570566],[-49.0990469484981,-26.88699459145873],[-49.09903306554772,-26.88699731271586],[-49.09901913338394,-26.88699978690533],[-49.09900516211571,-26.8870020114555],[-49.09899116080025,-26.88700398648823],[-49.0989504079977,-26.88701057466392],[-49.09894215427621,-26.88701194560536],[-49.09893387627771,-26.88701320339726],[-49.09892557500856,-26.88701434805316],[-49.09891725453953,-26.88701537692013],[-49.09890891685311,-26.88701629182999],[-49.09890056600493,-26.88701709103218],[-49.09889220400773,-26.88701777455379],[-49.09888383386546,-26.88701834333782],[-49.09886682750154,-26.88701992229399],[-49.09884977883915,-26.88702120192533],[-49.09883270096093,-26.88702218240795],[-49.0988156089774,-26.88702286304265],[-49.09880440064037,-26.88702359128283],[-49.09879318193414,-26.88702421739121],[-49.09878195386511,-26.88702474138132],[-49.09877071846113,-26.88702516237787],[-49.0987594777349,-26.88702548040797],[-49.0987482347055,-26.88702569551226],[-49.09873698935787,-26.88702580859311],[-49.09872574474131,-26.8870258178864],[-49.09871305177673,-26.88702582031826],[-49.09870035821967,-26.88702573789865],[-49.09868766708918,-26.88702557066822],[-49.0986749783853,-26.88702531862696],[-49.09866229412077,-26.88702498180198],[-49.09864961630829,-26.88702456022036],[-49.09863694496301,-26.88702405297974],[-49.09862428307379,-26.88702346192552],[-49.09854450717783,-26.88701965766721],[-49.09843484285056,-26.88701267825144],[-49.09833100866236,-26.88700641807842],[-49.09822451096769,-26.88699926361428],[-49.09810365911673,-26.88699171270358],[-49.0980226702013,-26.88698767700406],[-49.09794582723194,-26.88698304903962],[-49.0978405401044,-26.88697633931422],[-49.0977464647737,-26.88696869561436],[-49.09763659828353,-26.88695913058368],[-49.09750976618494,-26.88694504789607],[-49.09744977732469,-26.88693675747579],[-49.0974077756733,-26.88692998647593],[-49.09731822548904,-26.88691336052224],[-49.09728352501241,-26.88690668152288],[-49.09727650889126,-26.88690537755165],[-49.09726942216339,-26.88690432264295],[-49.09726228184595,-26.88690352244146],[-49.0972551050468,-26.88690297717768],[-49.09724790881332,-26.88690269069151],[-49.09724071025335,-26.88690266321345],[-49.09723352752647,-26.88690289228042],[-49.09722637775565,-26.8869033772205],[-49.09721721395182,-26.88690439552824],[-49.09720807340327,-26.88690564791632],[-49.09719896824662,-26.88690713093794],[-49.09718990853013,-26.88690884563101],[-49.09718090538408,-26.88691078853521],[-49.0971719689021,-26.88691295798136],[-49.09716311021446,-26.88691535050912],[-49.0971543404514,-26.88691796265813],[-49.09714866777784,-26.88691950184818],[-49.09714303069934,-26.88692119946863],[-49.09713743629054,-26.88692305380968],[-49.09713189565147,-26.88692506321568],[-49.09712641483532,-26.88692722686566],[-49.09712100395092,-26.88692954218803],[-49.09711567010314,-26.88693200566824],[-49.09711042138813,-26.88693461470763],[-49.09710526593224,-26.88693736490281],[-49.09710021084037,-26.88694025273919],[-49.09709526324765,-26.88694327289746],[-49.09709043126536,-26.88694642187659],[-49.09708571903985,-26.88694969251184],[-49.09708113468236,-26.88695308130219],[-49.0970766833607,-26.88695658019407],[-49.09707236916076,-26.88696018563223],[-49.09706818922817,-26.88696376760706],[-49.09706407765974,-26.88696741458583],[-49.09706003748965,-26.88697112570685],[-49.09705606975445,-26.88697489917895],[-49.09705217652734,-26.88697873141974],[-49.09704836186398,-26.88698262067874],[-49.0970446267858,-26.88698656606711],[-49.09704097235964,-26.88699056398893],[-49.09703781601692,-26.8869941516305],[-49.09703457299874,-26.88699768575471],[-49.09703124536314,-26.88700116368152],[-49.09702783416186,-26.88700458271738],[-49.09702434145294,-26.88700794018227],[-49.09702077030078,-26.88701123340973],[-49.0970171217571,-26.88701445970621],[-49.09701339986243,-26.88701761822354],[-49.09700960568357,-26.88702070536581],[-49.09700574326106,-26.88702372028485],[-49.09700181466808,-26.8870266593983],[-49.09699782193245,-26.88702952183087],[-49.0969937691098,-26.88703230583207],[-49.09698965824309,-26.88703500962425],[-49.09698549338796,-26.88703763145689],[-49.09698127658734,-26.88704016955236],[-49.09697191797058,-26.88704470346652],[-49.09696267285351,-26.8870494320609],[-49.09695354934734,-26.8870543518345],[-49.09694455455698,-26.88705945927276],[-49.09693569763028,-26.8870647490835],[-49.09692698568725,-26.88707021684981],[-49.09691842685426,-26.88707585816828],[-49.09691002727524,-26.88708166680372],[-49.09690400542278,-26.88708608230637],[-49.09689813552315,-26.8870906803717],[-49.09689243181643,-26.88709545216583],[-49.09688690552366,-26.88710038881421],[-49.09688156887228,-26.88710548145582],[-49.09687643111598,-26.88711071848189],[-49.09687150352122,-26.88711608831071],[-49.09686679432027,-26.8871215802223],[-49.09686501241976,-26.88712501940254],[-49.09686348204733,-26.88712858562507],[-49.09686222172559,-26.8871322547699],[-49.09686124194147,-26.88713600170616],[-49.09686055124483,-26.88713979676403],[-49.09686015512113,-26.88714361294007],[-49.09686005102015,-26.88714742222002],[-49.09686023639165,-26.88715119658962],[-49.09685995368391,-26.88715383101463],[-49.09686004917516,-26.8871565418393],[-49.09686024677611,-26.88715790468632],[-49.09686054612419,-26.88715926258628],[-49.09686094639455,-26.88716060469715],[-49.09686144671693,-26.88716192288398],[-49.09686204423863,-26.88716320718],[-49.09686273302742,-26.88716445118722],[-49.09686350922426,-26.88716564492529],[-49.09686436686665,-26.88716678380097],[-49.09686629274104,-26.88716886853056],[-49.0968684448213,-26.88717066928844],[-49.09689148730104,-26.8871909754749],[-49.09694940900615,-26.88723733157225],[-49.09702106689504,-26.88729225495932],[-49.09710886238487,-26.8873579270076],[-49.09718674794462,-26.88741916922624],[-49.09727476914541,-26.88748592009125],[-49.09734013897015,-26.88753839657012],[-49.09740891180943,-26.88759113096759],[-49.09749403341881,-26.88765655376391],[-49.0975738605016,-26.88771825156229],[-49.09764155226997,-26.88776871575017]]
     ]
    },
    "properties": {
    "OBJECTID": 62961,
    "SHAPE.LEN": 1045.71530034095
    }
  },
  {
   "type": "Feature",
    "geometry": {
    "type": "LineString",
     "coordinates": [
      [[-49.10120108563395,-26.88040157918208],[-49.10123366507359,-26.88040287634738],[-49.10130384429259,-26.88040397576674],[-49.10137911915408,-26.88040750568875],[-49.10143654056514,-26.88041102578417],[-49.1014787747781,-26.88041586169425],[-49.10144670056477,-26.88034820107212],[-49.10132128859718,-26.88034205046292],[-49.10121063194161,-26.88034271939914]]
     ]
    },
    "properties": {
    "OBJECTID": 61759,
    "SHAPE.LEN": 59.2760227935712
    }
  },
  {
   "type": "Feature",
    "geometry": {
    "type": "LineString",
     "coordinates": [
      [[-49.10272133473788,-26.87831652819179],[-49.1027426709944,-26.87835362557485],[-49.10274609279884,-26.87835864564966],[-49.10275204166232,-26.87836259670879],[-49.10284062025401,-26.87836033660333],[-49.10290901527402,-26.87836562355869],[-49.10294072756042,-26.8783716228413],[-49.10295331231351,-26.87837744108489],[-49.1029636716129,-26.87838368614929],[-49.10297129780962,-26.87838989812274],[-49.10297716582669,-26.87839622006869],[-49.10298208182928,-26.87840259421647],[-49.10298291321021,-26.87840422099943]]
     ]
    },
    "properties": {
    "OBJECTID": 61194,
    "SHAPE.LEN": 30.4990162511251
    }
  },
  {
   "type": "Feature",
    "geometry": {
    "type": "LineString",
     "coordinates": [
      [[-49.10116184364667,-26.87747906578495],[-49.10111345836123,-26.87755699947839],[-49.10104865285558,-26.87765861095298],[-49.10099031937559,-26.87775664671948],[-49.10093666302471,-26.87784010818985],[-49.10088012143609,-26.87793407839892],[-49.10082239641615,-26.87802501985976],[-49.10075325732333,-26.87813518442854],[-49.10073044733922,-26.87817255506662],[-49.100727645433,-26.87817892571466],[-49.10072559660734,-26.87818552400878],[-49.10072432120355,-26.87819227711353],[-49.1007238335403,-26.87819911120988],[-49.1007241409226,-26.87820595057938],[-49.10072523752866,-26.87821272203474],[-49.10072711253545,-26.87821935051636],[-49.10072768587346,-26.87822093773901],[-49.10072845555287,-26.87822336339019],[-49.10072950241431,-26.87822570521756],[-49.10073081477475,-26.87822793959697],[-49.10073237796251,-26.87823004105893],[-49.10073417425695,-26.87823198589813],[-49.10073618587704,-26.87823375401873],[-49.10073838900413,-26.87823532524378],[-49.10074076078058,-26.87823668211695],[-49.10074246453799,-26.8782374794356],[-49.10078381329899,-26.87825844445362],[-49.10086893869789,-26.87830277365738],[-49.10099052132073,-26.87836542424987],[-49.10104533005949,-26.87839301544867],[-49.1011069714695,-26.87842521227001],[-49.10117399667987,-26.8784600591973],[-49.10119405248514,-26.87847064164282],[-49.10119657066666,-26.87847173060509],[-49.10119920164341,-26.87847257467903],[-49.10120191633897,-26.8784731671558],[-49.101204685692,-26.87847350042412],[-49.10120747957459,-26.87847357046873],[-49.10121026578589,-26.87847337685684],[-49.10121301608987,-26.87847292281925],[-49.10121569822538,-26.87847221153267],[-49.10121828285962,-26.87847125162866],[-49.10122074364843,-26.8784700535841],[-49.10122305218985,-26.87846863055595],[-49.1012251840769,-26.87846699756004],[-49.1012271138209,-26.87846517411054],[-49.10122882300724,-26.87846317801157],[-49.10123029111831,-26.87846103245446],[-49.10123150365903,-26.87845876161402],[-49.10123175146688,-26.87845820715028],[-49.1012632345661,-26.87840330033856],[-49.10131473382485,-26.87831593769171],[-49.10138045299315,-26.87818851467047],[-49.10144057858477,-26.878071349176],[-49.10150162749718,-26.8779580690285],[-49.10157042133434,-26.87782358300706],[-49.10161774753968,-26.87771981300455],[-49.10166337821927,-26.87761408506646],[-49.10167240525956,-26.8775920507281],[-49.10167881443938,-26.87756929164142],[-49.10168253614604,-26.87754605869132],[-49.10168355427643,-26.87752632752747],[-49.10168404545615,-26.87748952239383],[-49.10168040056733,-26.87745286115398],[-49.10167266022896,-26.8774167441966],[-49.10166994937354,-26.87740736967586],[-49.10165380859622,-26.87736434160608],[-49.10163288484306,-26.8773230688663],[-49.10161094535877,-26.87728891556635],[-49.10158831065294,-26.87726083089636],[-49.10156257709631,-26.87723502782294],[-49.10153402582432,-26.87721178811705],[-49.10152375904114,-26.87720453511259],[-49.10144388335625,-26.8771559688536],[-49.10142114258426,-26.87714363095229],[-49.10141707438004,-26.87714182256752],[-49.10141281646125,-26.87714040515806],[-49.1014084169023,-26.87713939290863],[-49.10140392379268,-26.87713879910164],[-49.10139938636384,-26.87713862891158],[-49.10139485290127,-26.87713888388994],[-49.10139037476959,-26.87713956201925],[-49.10138600142646,-26.87714065493837],[-49.10138177833463,-26.87714215242733],[-49.10137775411139,-26.87714403618532],[-49.10137397135151,-26.87714628692803],[-49.10137047275536,-26.87714887905451],[-49.10136729603723,-26.87715178418906],[-49.10136447593787,-26.87715497120828],[-49.10136219521062,-26.87715816457355],[-49.1013143238528,-26.87723481366436],[-49.10125861500228,-26.87732319925135],[-49.10116184364667,-26.87747906578495]]
     ]
    },
    "properties": {
    "OBJECTID": 61721,
    "SHAPE.LEN": 365.416782001032
    }
  },
  {
   "type": "Feature",
    "geometry": {
    "type": "LineString",
     "coordinates": [
      [[-49.10406112018104,-26.86799259072491],[-49.10401039187479,-26.86794959073702],[-49.10395957469876,-26.86790781795385],[-49.10395095010729,-26.86789893003799],[-49.10394410429969,-26.86789116082078],[-49.10394173585814,-26.86788641666114],[-49.10394155005174,-26.86787456958446],[-49.10394425044063,-26.86786544822043],[-49.10394903140025,-26.86785872044012],[-49.10395268385257,-26.86785551112631],[-49.1039597434572,-26.86785100719382],[-49.10396359493043,-26.86784950191717],[-49.10396761523933,-26.86784819205831],[-49.10397550342831,-26.86784783216555],[-49.10398304053196,-26.86784981608011],[-49.10406329028213,-26.86788898356695],[-49.10416138605337,-26.86794707659267],[-49.10420131346226,-26.86797500291778],[-49.10425000440512,-26.86801604037184],[-49.10427539503831,-26.86804567069038],[-49.10430533489667,-26.86808771657719],[-49.1043232149735,-26.86812994275449],[-49.10432692053969,-26.86814852969588],[-49.1043257821556,-26.86816320033753]]
     ]
    },
    "properties": {
    "OBJECTID": 61212,
    "SHAPE.LEN": 74.6131248958262
    }
  },
  {
   "type": "Feature",
    "geometry": {
    "type": "LineString",
     "coordinates": [
      [[-49.10387998485224,-26.86770017789359],[-49.10388324409251,-26.86769067682159],[-49.10388442894254,-26.86768052332851],[-49.10387894126139,-26.86745633316445],[-49.10387689872985,-26.86730090189037],[-49.10387521550059,-26.86719342961939],[-49.10387567396792,-26.86707991983004],[-49.10387336096454,-26.86702099711928],[-49.10386730220764,-26.86693703435788],[-49.10386452520819,-26.8668601368161],[-49.1038589641408,-26.86679152643201],[-49.10385353205245,-26.8667224240656],[-49.10383757057176,-26.86658282684767],[-49.10382973878027,-26.86647550493324]]
     ]
    },
    "properties": {
    "OBJECTID": 61163,
    "SHAPE.LEN": 135.937555098899
    }
  },
  {
   "type": "Feature",
    "geometry": {
    "type": "LineString",
     "coordinates": [
      [[-49.10389146673018,-26.8664591750993],[-49.1038898648013,-26.86644094040016],[-49.1038854788515,-26.86636897192881],[-49.10388189799623,-26.86630026265249],[-49.10387805570694,-26.86625693860161],[-49.10386962616579,-26.86621048422113],[-49.10385038240823,-26.86614216229301],[-49.10379121588852,-26.86615571765023],[-49.10379839725467,-26.86617515815149],[-49.10380925992886,-26.86621541646375],[-49.10381648405414,-26.86625027183588],[-49.10382045747316,-26.8662780723316],[-49.10382433865234,-26.8663682309895],[-49.10382973878027,-26.86647550493324]]
     ]
    },
    "properties": {
    "OBJECTID": 61159,
    "SHAPE.LEN": 77.3315491420765
    }
  },
  {
   "type": "Feature",
    "geometry": {
    "type": "LineString",
     "coordinates": [
      [[-49.10241721139731,-26.86717533712657],[-49.10241991958779,-26.86716967278737],[-49.10242086797825,-26.86716651655854],[-49.10242025242945,-26.86716299815294],[-49.10241744191435,-26.8671586361442],[-49.10241133181191,-26.86715352671657],[-49.10238507195488,-26.8671353724724],[-49.10236167299583,-26.86711916560164],[-49.10234915021761,-26.86710940841057],[-49.10232253987318,-26.86708982427253],[-49.10220342776393,-26.8669981217672],[-49.1021244881404,-26.86693101791297],[-49.10207429020283,-26.86688989905534],[-49.10199077144289,-26.86683262953459],[-49.10190657804244,-26.86677255380567],[-49.10180811515342,-26.86670475702209],[-49.10176239937633,-26.86666843140396],[-49.10175195403074,-26.86666035379289],[-49.10172681283489,-26.86663790102364],[-49.10170441934539,-26.86661326481012],[-49.10168501864585,-26.8665867147074],[-49.10166012281127,-26.86655324831414],[-49.1016525983888,-26.86654352300947],[-49.10163313082631,-26.86652200208848],[-49.10161127516598,-26.86650246545092],[-49.101574566072,-26.86647292994375],[-49.10151602177279,-26.86642890257869],[-49.10146129866823,-26.86638578668781],[-49.10140659717467,-26.86634137947347],[-49.10133508721629,-26.86628297843211],[-49.10128870682454,-26.86624320129635],[-49.10126379697802,-26.86622263434372],[-49.1012258181109,-26.86618556138328],[-49.10119590359926,-26.86615095160548],[-49.10115899494198,-26.8661035548418],[-49.10115828425091,-26.86610272213821],[-49.10114386270822,-26.86608374293281],[-49.10113171979663,-26.8660634892114],[-49.10112198765415,-26.86604218388249],[-49.10111230043552,-26.86601752696958],[-49.10109338124192,-26.86596993957923],[-49.10107462289764,-26.86592730320152],[-49.10105589949984,-26.86588251553734],[-49.10103643614254,-26.86583900952161],[-49.10102328832259,-26.86581065786755],[-49.10100640064309,-26.86578279570073],[-49.10098634155139,-26.86575669788287],[-49.10098260153727,-26.86575183506128],[-49.10095240392785,-26.8657168928935],[-49.1009184046586,-26.86568457398025],[-49.10086637735641,-26.86563783684518],[-49.10081028134687,-26.86559061357884],[-49.10073561494448,-26.86553475302657],[-49.10065236767418,-26.8654755494787],[-49.1005695469437,-26.8654197940625],[-49.10049116599988,-26.86537141369765],[-49.10041607581838,-26.8653273801299],[-49.10043646727867,-26.86529623898478],[-49.10052362124039,-26.86535097684023],[-49.10058891482087,-26.86539654665126],[-49.10065180241066,-26.86544144055656],[-49.10072315140744,-26.86549267867279],[-49.10078408309931,-26.86553754804127],[-49.10084423147403,-26.86558563358632],[-49.10091854111196,-26.86565110719632],[-49.1009226850172,-26.8656545042395],[-49.10096192951969,-26.86569013931975],[-49.10099706571109,-26.86572868145519],[-49.10100565517117,-26.86573826315148],[-49.10104081050482,-26.86578295030792],[-49.10107057108251,-26.86583050106255],[-49.10108027425043,-26.86584727414422],[-49.10109937212724,-26.86588663420034],[-49.10111340668065,-26.86592811407533],[-49.10112591660737,-26.86596621766529],[-49.10116117300184,-26.86605004478793],[-49.10117001376706,-26.86606561035605],[-49.10120421986588,-26.86611688620182],[-49.10124426391823,-26.8661646770891],[-49.10128469654982,-26.86620692050641],[-49.10132958887274,-26.86624534814751],[-49.1013716104173,-26.8662796530247],[-49.10142041024456,-26.86631834434158],[-49.10148082074175,-26.86636535818447],[-49.10153904156036,-26.86641169814346],[-49.10160350540341,-26.86646543105195],[-49.10163070523843,-26.86648784651027],[-49.10165819303658,-26.86651495474264],[-49.10168250408319,-26.866544086305],[-49.10169359656803,-26.86655969382508],[-49.10171162620578,-26.86658078113774],[-49.10173191850517,-26.86660004403756],[-49.10175425054432,-26.86661727193535],[-49.1017965132835,-26.86665179384653],[-49.10187243510355,-26.86670782327775],[-49.10197258121411,-26.86677878541468],[-49.10204145988412,-26.86683171366299],[-49.10212651840068,-26.86689796737133],[-49.10223173980127,-26.86697286596229],[-49.1023266371411,-26.86704809879239],[-49.1023472056478,-26.86706770739751],[-49.10239232346377,-26.86709948211506],[-49.10241616594658,-26.86711323540163],[-49.10242836138137,-26.86711981381184],[-49.10243907922307,-26.86712501760481],[-49.10244810605495,-26.8671283077816],[-49.10245767999545,-26.86713095725077],[-49.10246676170106,-26.86713198539112],[-49.10247346805519,-26.86713091833346],[-49.10247858936101,-26.86712737767748],[-49.10248048792595,-26.86712276660917],[-49.10248589395315,-26.86710880225046],[-49.10249171094724,-26.86708221719524],[-49.10249715749768,-26.86703725060308],[-49.10250146508358,-26.86698563564417],[-49.10250560654679,-26.86692811647253],[-49.1025052841651,-26.86686513902092],[-49.10249923699951,-26.86678458183532],[-49.10248974878029,-26.86668052485894],[-49.10248641240765,-26.86658022128539],[-49.10248688788682,-26.86657018644853],[-49.1025221994587,-26.86656933289431],[-49.10252605766823,-26.86666164930915],[-49.10253362316888,-26.86678141246652],[-49.10253929861707,-26.86689942992335],[-49.10253999593698,-26.86698606727012],[-49.1025337249616,-26.86705823472952],[-49.10253648581536,-26.86708667153232],[-49.102543571388,-26.86709694959902],[-49.10255001240441,-26.86710237214727],[-49.10269279009725,-26.86718046979482],[-49.10270871926455,-26.86718711094797],[-49.10286339557774,-26.86725774949104],[-49.10310241687031,-26.8673757151364],[-49.10320629377324,-26.86741388969581],[-49.10330383200423,-26.86746360796792],[-49.1034757715228,-26.86755658812247],[-49.10358217708058,-26.86760530240604],[-49.10369961959879,-26.86766109745368],[-49.10379498976513,-26.86770621292459],[-49.1038564228202,-26.86772955938991],[-49.10386696617125,-26.86772013439625],[-49.10387220716986,-26.86771400307986],[-49.10387829335195,-26.86770510856693],[-49.10387998485224,-26.86770017789359]]
     ]
    },
    "properties": {
    "OBJECTID": 61213,
    "SHAPE.LEN": 863.582068523686
    }
  },
  {
   "type": "Feature",
    "geometry": {
    "type": "LineString",
     "coordinates": [
      [[-49.09857862698764,-26.88343682043701],[-49.09858708382911,-26.88343875297024],[-49.09859547355096,-26.88344096710657],[-49.09860377808484,-26.88344345989507],[-49.09861197940776,-26.88344622567769],[-49.0986200624854,-26.88344926064174],[-49.09862800932495,-26.88345255732445],[-49.09863580595884,-26.88345610831717],[-49.09864343540057,-26.88345990617067],[-49.09864973026569,-26.88346357775025],[-49.09865591036348,-26.88346743100821],[-49.09866196570633,-26.88347146129719],[-49.09866788635191,-26.88347566126279],[-49.09867366331888,-26.88348002627124],[-49.09867928768637,-26.88348454807926],[-49.09868475050323,-26.88348922024834],[-49.09869004385487,-26.88349403454873],[-49.09885014864486,-26.88363343922515],[-49.09893097249635,-26.88369861371739],[-49.0990665194122,-26.88382122100407],[-49.09912837848377,-26.88387536879387],[-49.0992089817608,-26.88394977354958],[-49.09929156870218,-26.88403063492601],[-49.09934287297635,-26.88407968995693],[-49.09942603775436,-26.88415496395037],[-49.09950608998997,-26.88422611094855],[-49.09953221041727,-26.88425062893559]]
     ]
    },
    "properties": {
    "OBJECTID": 58126,
    "SHAPE.LEN": 131.433618615332
    }
  },
  {
   "type": "Feature",
    "geometry": {
    "type": "LineString",
     "coordinates": [
      [[-49.10097120606536,-26.87842777477043],[-49.10089314273662,-26.87838961131076],[-49.10075280237508,-26.87831670426571],[-49.10063799222088,-26.87825636848537],[-49.10052856309843,-26.87819975499872],[-49.10043608558604,-26.87815066220845],[-49.10037274520799,-26.87811999108781],[-49.10026565596583,-26.87807093096889],[-49.10013438075475,-26.87800351107358],[-49.10004605853138,-26.87795747951029],[-49.09992730277312,-26.8778962344689],[-49.09988560770718,-26.87787378702966],[-49.09988289440571,-26.87787202931684],[-49.09987998642197,-26.87787053795424],[-49.09987691672136,-26.8778693278265],[-49.09987371929061,-26.87786841292942],[-49.09987042921325,-26.87786780185808],[-49.09986708257912,-26.8778675032211],[-49.09986371457742,-26.87786751929692],[-49.09986036346142,-26.87786784969748],[-49.09985706650831,-26.87786849221641],[-49.09985385809724,-26.87786943738775],[-49.09985077458969,-26.87787067757734],[-49.09984784946416,-26.87787219698905],[-49.09984674108523,-26.87787287255461],[-49.099795089947,-26.87790770336299],[-49.09974619718231,-26.87794063251272],[-49.0996915354512,-26.87797757543753],[-49.09960503188672,-26.87803583495583],[-49.09949647445129,-26.87810843937917],[-49.09943023009532,-26.87815577211567],[-49.09938139742907,-26.87819351900444],[-49.09934242182567,-26.87822997512263],[-49.09932229181567,-26.87825307929665],[-49.09930496663891,-26.87827794422796],[-49.09929063503373,-26.87830429807284],[-49.09928434122456,-26.8783186862546],[-49.09926352048485,-26.87837410971295],[-49.09923285118488,-26.87846724761501],[-49.09920444054185,-26.87855869377604],[-49.09917371114977,-26.87865505576649],[-49.09913805517957,-26.87876361028949],[-49.09913669548576,-26.87876992088002],[-49.09913607805606,-26.87877632359276],[-49.09913620908458,-26.87878274901245],[-49.09913708772151,-26.87878912762907],[-49.09913870407565,-26.87879538890832],[-49.09914104019048,-26.87880146310998],[-49.09914407198121,-26.87880728582681],[-49.09914776430909,-26.87881279160025],[-49.09915207790453,-26.87881792123424],[-49.09915696441126,-26.87882261721555],[-49.09916217038432,-26.87882668749489],[-49.09917038094432,-26.87883086770013],[-49.09917902727706,-26.87883426852435],[-49.09918801538124,-26.87883685350208],[-49.09919724710957,-26.87883859333271],[-49.09920662112988,-26.87883946860116],[-49.09920750722208,-26.87883950669832],[-49.09931911711695,-26.8788443361734],[-49.09948337715279,-26.87885476585457],[-49.09966349975283,-26.87886453232136],[-49.09987921946682,-26.87887796706937],[-49.10012784408141,-26.87889331612153],[-49.10026163242203,-26.87890422504418],[-49.10039570830818,-26.87891298776272],[-49.10057652763417,-26.87892534291432],[-49.10073611074567,-26.87893420727293],[-49.10081055851171,-26.87893964883546],[-49.10085235357636,-26.8789429635763],[-49.10089171211937,-26.87894409741061],[-49.10090164220688,-26.87894434372377],[-49.10091154872282,-26.87894365193896],[-49.10094113833624,-26.87893935448731],[-49.10094829365113,-26.87893826648942],[-49.1009712017259,-26.87891285632418],[-49.10098180503905,-26.87890130864507],[-49.10099113393461,-26.87888892880427],[-49.10099179863098,-26.87888794129122],[-49.10101359912952,-26.87884671927733],[-49.10103308097242,-26.87881041403455],[-49.10103841244908,-26.87879909243485],[-49.10104242356788,-26.87878733880254],[-49.10104506989342,-26.87877528251195],[-49.10104632203932,-26.87876305584738],[-49.10104642534977,-26.87875747748737],[-49.1010459191533,-26.87875235486043],[-49.10104599125388,-26.87874719848826],[-49.10104664172251,-26.87874206433174],[-49.1010478615737,-26.87873700823003],[-49.10104963979433,-26.87873208689761],[-49.1010516688577,-26.87872787475441],[-49.10111202595348,-26.87862285134128],[-49.10114423966814,-26.87856735506874],[-49.10114655160461,-26.87856319997821],[-49.10114837555525,-26.87855885420223],[-49.10114969260778,-26.87855436532337],[-49.10115048784484,-26.87854978278304],[-49.10115075238671,-26.87854515610379],[-49.10115048436748,-26.8785405367076],[-49.10114968495512,-26.87853597515463],[-49.10114836440427,-26.87853152032206],[-49.10114653696447,-26.87852722294584],[-49.10114422200714,-26.87852312841536],[-49.10114144492627,-26.87851928310349],[-49.10113823625277,-26.87851572713406],[-49.10113463254011,-26.8785125016145],[-49.1011306714687,-26.87850964044669],[-49.1011263968018,-26.87850717490656],[-49.10112185538186,-26.87850513270108],[-49.10112135035015,-26.87850493817618],[-49.10105558483274,-26.87847144216926],[-49.10097120606536,-26.87842777477043]]
     ]
    },
    "properties": {
    "OBJECTID": 61753,
    "SHAPE.LEN": 512.535364614913
    }
  },
  {
   "type": "Feature",
    "geometry": {
    "type": "LineString",
     "coordinates": [
      [[-49.09963894749731,-26.87537782312457],[-49.0996092229232,-26.87537291311267],[-49.09944620480233,-26.87535027142343],[-49.09923686424053,-26.87532297453022],[-49.09923904144544,-26.87529312121288],[-49.09930841451997,-26.87530106484614],[-49.09947791463522,-26.87532019169009],[-49.09955614925734,-26.87532870569677],[-49.09955639506317,-26.875328752327]]
     ]
    },
    "properties": {
    "OBJECTID": 61736,
    "SHAPE.LEN": 75.5119881545599
    }
  },
  {
   "type": "Feature",
    "geometry": {
    "type": "LineString",
     "coordinates": [
      [[-49.09957648173707,-26.87600687616214],[-49.09957490330969,-26.87600623034492],[-49.09957349753005,-26.87600549207916],[-49.09948036209999,-26.8759649337044],[-49.09936306689816,-26.87591115961134],[-49.09925625896619,-26.87586354221011],[-49.09914721775596,-26.87581718808047],[-49.0990521180001,-26.87577638909393],[-49.09895679134772,-26.87573429720652],[-49.09886119707795,-26.87569370715876],[-49.09873601611238,-26.87564069202501],[-49.09863476998159,-26.87559960065619],[-49.09856262277901,-26.87557049718694],[-49.09846803410699,-26.87552841310896],[-49.09835200351855,-26.87547250257743],[-49.0982896852508,-26.87543554795542],[-49.09825354382352,-26.87540993095825],[-49.09817802963487,-26.87535326143148],[-49.09814558428802,-26.87532486277011],[-49.09808733817588,-26.87527162438905],[-49.09799831484639,-26.87517109168687],[-49.09794215766923,-26.87509378250477],[-49.0978932004771,-26.8750283994404],[-49.09783031136841,-26.87494067768926],[-49.09777498375737,-26.8748573558019],[-49.09768845992176,-26.87473813617827],[-49.09760754181183,-26.87462243081436],[-49.09753887323757,-26.87452646007661],[-49.0974731538,-26.87443487223254],[-49.09747180893706,-26.87443266175795],[-49.09747072665376,-26.87443033748389],[-49.09746991761073,-26.87442792392355],[-49.09746939240818,-26.87442544919964],[-49.0974691556391,-26.8744229395488],[-49.09746921087515,-26.87442042209651],[-49.09746955764792,-26.87441792481641],[-49.09747019045781,-26.87441547561439],[-49.09747110383544,-26.87441310059163],[-49.09747228627405,-26.87441082576794],[-49.09747372728818,-26.87440867627435],[-49.0974742888262,-26.87440795906474],[-49.09747824008535,-26.87440315729753],[-49.09748273028795,-26.8743987472862],[-49.09748771033382,-26.87439477620622],[-49.09749312410941,-26.87439128933349],[-49.09749891363979,-26.87438832289304],[-49.09750501495797,-26.87438591032149],[-49.09750971272964,-26.87438449154418],[-49.09759584148312,-26.87435692128162],[-49.09772579010885,-26.87432300734484],[-49.09781129238473,-26.87430447686993],[-49.09787324458933,-26.87429146717592],[-49.09795329705041,-26.8742739454355],[-49.09799440002698,-26.87426528433679],[-49.09801533783737,-26.87426075274406],[-49.09801854789478,-26.87426487471381],[-49.09804295217285,-26.87429622669852],[-49.09807942992146,-26.87428134410959],[-49.09801748288377,-26.87417565664587],[-49.09798710371076,-26.87412443697456],[-49.09798538164894,-26.87412022853128],[-49.09798415806257,-26.87411588328835],[-49.09798344625336,-26.87411144835896],[-49.09798325345549,-26.87410697257981],[-49.09798358287816,-26.87410250473339],[-49.09798442968069,-26.8740980934938],[-49.09798578499748,-26.87409378748099],[-49.09798763494688,-26.87408963434478],[-49.09798995764267,-26.87408567891947],[-49.0979927292164,-26.87408196420755],[-49.09799591776484,-26.87407853220074],[-49.09799948947808,-26.87407541854705],[-49.09800340449369,-26.87407265971558],[-49.09800762107272,-26.87407028402696],[-49.09801209145396,-26.87406831881818],[-49.09801511428525,-26.87406727100012],[-49.09808264218976,-26.87404463714751],[-49.09811212829713,-26.87403442514664],[-49.09814265356108,-26.87402700977993],[-49.09820223316733,-26.87401575510378],[-49.09828101691409,-26.873999756793],[-49.09837496731776,-26.873977424283],[-49.09835711549707,-26.87393540179685],[-49.09825146264478,-26.87395841798504],[-49.09815918769694,-26.87397944527096],[-49.09810780711308,-26.87399344312211],[-49.09805911706236,-26.87400940869264],[-49.0979761571428,-26.87403570865991],[-49.09792961423318,-26.87405225185745],[-49.09790139662075,-26.8740625016559],[-49.09795897623884,-26.87415593652228],[-49.09796463904361,-26.87417490915897],[-49.09796637834204,-26.87418806871469],[-49.09796420780475,-26.87419910782598],[-49.09796135355172,-26.87420421410413],[-49.0979569854596,-26.87420722316729],[-49.09794791238801,-26.87421316455157],[-49.09793546248765,-26.87421773187809],[-49.09790306705856,-26.87422876031747],[-49.09781592798468,-26.87425350473523],[-49.09769878598043,-26.87428433558616],[-49.09753985771968,-26.87433229062482],[-49.09745048127981,-26.87435786754937],[-49.09744670406432,-26.87435870662889],[-49.09744285032075,-26.87435918725638],[-49.0974389614106,-26.8743593036708],[-49.09743508063228,-26.87435905465001],[-49.09743124919618,-26.87435844345671],[-49.09742751128611,-26.87435747610137],[-49.09742390495774,-26.87435616392738],[-49.09742047223124,-26.87435452194188],[-49.09741725008057,-26.87435256598664],[-49.0974142733462,-26.87435031909531],[-49.09741157383489,-26.87434780516327],[-49.09740918327779,-26.87434505259781],[-49.09740841641827,-26.8743440268695],[-49.09735298933331,-26.87426487702074],[-49.0972905288378,-26.87417661115465],[-49.09723752892541,-26.87410050044317],[-49.09717212894417,-26.87401047913994],[-49.09712055723578,-26.87393804126427],[-49.09711198758774,-26.87392575998241]]
     ]
    },
    "properties": {
    "OBJECTID": 61751,
    "SHAPE.LEN": 597.259899396245
    }
  },
  {
   "type": "Feature",
    "geometry": {
    "type": "LineString",
     "coordinates": [
      [[-49.09969854582637,-26.87401897387036],[-49.09969086672685,-26.87392333520359],[-49.09968687742204,-26.87385964604799],[-49.09968125725308,-26.873772931803],[-49.09967603438928,-26.87369267183508],[-49.09967232906981,-26.87364317595791],[-49.09967231535152,-26.87364176955373],[-49.0996720884161,-26.87363963189972],[-49.09967161131659,-26.87363752788681],[-49.09967129336046,-26.87363662012773]]
     ]
    },
    "properties": {
    "OBJECTID": 61745,
    "SHAPE.LEN": 42.4600233185769
    }
  },
  {
   "type": "Feature",
    "geometry": {
    "type": "LineString",
     "coordinates": [
      [[-49.09934169397453,-26.87243220837606],[-49.09933795893965,-26.87246765660629],[-49.09933834908697,-26.87247032536823],[-49.09933944823782,-26.87247489186503],[-49.09934107186623,-26.87247933093261],[-49.0993432026602,-26.87248359450131],[-49.09934581725535,-26.87248763532265],[-49.09934888618953,-26.87249140967646],[-49.0993523769518,-26.8724948756067],[-49.09935625090325,-26.87249799649035],[-49.09936046536501,-26.87250073655268],[-49.09936497453388,-26.87250306629497],[-49.0993697285063,-26.87250496067621],[-49.09941528472434,-26.87251528794492],[-49.09956860752767,-26.87254221363349],[-49.09972977603127,-26.87256923835823],[-49.09989410097557,-26.87259824138411],[-49.10010494391615,-26.87263170840736],[-49.10028276245298,-26.87266023444765],[-49.10039045205983,-26.8726774801839],[-49.10051302299219,-26.87269623554315],[-49.10064711121969,-26.87271707172792],[-49.10068719442602,-26.87272307296502],[-49.10068719944206,-26.87272307393501]]
     ]
    },
    "properties": {
    "OBJECTID": 61737,
    "SHAPE.LEN": 142.56356002722
    }
  },
  {
   "type": "Feature",
    "geometry": {
    "type": "LineString",
     "coordinates": [
      [[-49.09967129336046,-26.87363662012773],[-49.099670892762,-26.87363547839147],[-49.09966993737603,-26.87363350784555],[-49.09966875789257,-26.87363163717966],[-49.09966736605442,-26.87362988640847],[-49.09966577762926,-26.87362827560082],[-49.09966401045762,-26.87362682124312],[-49.09966208236492,-26.87362554072411],[-49.0996600162832,-26.87362444698834],[-49.09965783415333,-26.87362355206447],[-49.09965555893755,-26.87362286709229],[-49.09965321670728,-26.87362239783791],[-49.09965083252775,-26.87362215005396],[-49.09964941009427,-26.87362210835766],[-49.0995647680779,-26.8736190365655],[-49.09946352262629,-26.87361776496892],[-49.09938489294483,-26.87362000349135],[-49.09932842410969,-26.87362316467206],[-49.09932834053215,-26.87362316715805],[-49.09932475177416,-26.87362345193282],[-49.09932121681408,-26.87362407048318],[-49.09931777602186,-26.87362501613159],[-49.09931446479665,-26.87362627852329],[-49.09931132163186,-26.87362784283226],[-49.09930837899851,-26.87362969324889],[-49.09930567046448,-26.87363180856286],[-49.0993032245816,-26.87363416659376],[-49.09930106997716,-26.87363674064933],[-49.09929922826502,-26.87363950213778],[-49.09929772005285,-26.87364242245379],[-49.09929656302016,-26.87364546753717],[-49.09929576876384,-26.87364860595365],[-49.09929534593751,-26.87365180171646],[-49.09929530014596,-26.87365502060294],[-49.09929563097166,-26.87365822740688],[-49.09930002493938,-26.87369440234907],[-49.09930644538347,-26.87376027235337],[-49.09930742803891,-26.8737666893769],[-49.09930992979245,-26.87378541997423],[-49.09931189353923,-26.87380418395005],[-49.09931329654331,-26.87382277611289],[-49.09931412510978,-26.87384099229547],[-49.09931365821985,-26.87388936158851],[-49.09931037507532,-26.87392823486091],[-49.09926569931469,-26.87391692383745],[-49.09927963292297,-26.87387431455697],[-49.09928271521576,-26.87386182911629],[-49.09928488376204,-26.87384554596311],[-49.0992850330653,-26.873829099356],[-49.09928293843782,-26.87378735393561],[-49.09928269819667,-26.87378119871925],[-49.09928045823868,-26.87374940499451],[-49.09927656933396,-26.8737178138292],[-49.09927265398233,-26.87369905518882],[-49.09926258078833,-26.87366322895978],[-49.09926211498585,-26.87366153306388],[-49.09926089695709,-26.87365823670264],[-49.09925930130981,-26.8736550724535],[-49.09925734459144,-26.87365207393449],[-49.09925504938683,-26.87364927484492],[-49.09925243934742,-26.87364670528806],[-49.09924954417711,-26.87364439454607],[-49.09924639467661,-26.87364236650036],[-49.09924302669286,-26.87364064419767],[-49.09923947614826,-26.87363924617282],[-49.09923578202919,-26.87363818829417],[-49.09923198440372,-26.87363748193167],[-49.09922812641899,-26.87363713488643],[-49.09922424928516,-26.87363715042058],[-49.09912386158747,-26.87363845073823],[-49.09912453652631,-26.87359287051048],[-49.09918178529987,-26.8735903742742],[-49.09933971977163,-26.87358314008472],[-49.09944979573596,-26.87357701657437],[-49.09956249230999,-26.8735771632492],[-49.09964168779796,-26.87357473186387],[-49.09964175921016,-26.87357473462954],[-49.099644012719,-26.87357473154398],[-49.09964613358611,-26.87357453532738],[-49.09964834157721,-26.87357412456596],[-49.09965048957133,-26.87357350991702],[-49.09965255430445,-26.87357269828832],[-49.09965451348854,-26.8735716984059],[-49.09965634680281,-26.87357052172997],[-49.09965803189888,-26.87356918059609],[-49.09965955243563,-26.87356768922574],[-49.09966089001415,-26.87356606452048],[-49.0996620302303,-26.87356432524078],[-49.0996629617288,-26.87356248838291],[-49.09966367408519,-26.87356057546862],[-49.09966415678443,-26.87355861343386]]
     ]
    },
    "properties": {
    "OBJECTID": 61747,
    "SHAPE.LEN": 178.515523055274
    }
  },
  {
   "type": "Feature",
    "geometry": {
    "type": "LineString",
     "coordinates": [
      [[-49.120337993956,-26.87873931096117],[-49.12022324253223,-26.87869869132036],[-49.1202277732626,-26.87868996673885],[-49.12022920858542,-26.87868515880841],[-49.12022847707448,-26.87868052242008],[-49.12022606878085,-26.87867563897656],[-49.12022340532832,-26.87867139477894],[-49.1202207114824,-26.87866843997196],[-49.12019776781371,-26.87865799503115],[-49.12012907964844,-26.87862569361344],[-49.12003396826908,-26.87858277182454],[-49.11993065288095,-26.87853614218538],[-49.11983625194159,-26.87849366476939],[-49.11974898542946,-26.87845433569481],[-49.11962641286928,-26.8783989444753],[-49.11947948080525,-26.8783370570207],[-49.11937660073221,-26.87829237063764],[-49.1192893051504,-26.87825433069766],[-49.11921739206247,-26.87822121421138],[-49.11915843132336,-26.87819426239608],[-49.11908081016947,-26.87815866897138],[-49.11907518298354,-26.87815780699651],[-49.11907006352222,-26.8781609303782],[-49.11906683443875,-26.87816538135921],[-49.11904261370852,-26.87842296726694],[-49.11904271046113,-26.87844435802555],[-49.11904403709385,-26.87845943081435],[-49.11904843444139,-26.87847347853418],[-49.11905206422495,-26.87848257798924],[-49.11909471916285,-26.87855855872439],[-49.11918122008782,-26.87871032661758],[-49.11927603531307,-26.87887149997626],[-49.11935919039733,-26.87902428015774],[-49.11945821184723,-26.87919800840633]]
     ]
    },
    "properties": {
    "OBJECTID": 61374,
    "SHAPE.LEN": 268.6337655600991
    }
  },
  {
   "type": "Feature",
    "geometry": {
    "type": "LineString",
     "coordinates": [
      [[-49.11829863775404,-26.87905448284174],[-49.11810354694254,-26.87901885312822],[-49.11797283137167,-26.87898488498098],[-49.11786764972751,-26.8789606573254],[-49.11775034546127,-26.87893365057935],[-49.11763362016887,-26.87890821292436],[-49.11757119738969,-26.87889381711275],[-49.11751824742497,-26.87888066490255],[-49.11745513956721,-26.87886612813441],[-49.1173395472257,-26.87884309087042],[-49.11715282359819,-26.87880331026917],[-49.11699677084012,-26.8787675142802],[-49.11684391578141,-26.87873469866104],[-49.11681396686649,-26.87872736668496],[-49.11672139886026,-26.87870255899464],[-49.11661650734918,-26.87867822869121],[-49.11654597856993,-26.87866200314028],[-49.11650338954445,-26.87865208636081],[-49.11648490374764,-26.87864572849888],[-49.11647088157916,-26.87863895989997],[-49.11646243656603,-26.87863188205979],[-49.11645568542062,-26.87862347382863],[-49.11644866998292,-26.87861364411295],[-49.1164459084049,-26.87860561400379],[-49.11644797377529,-26.87859990651806],[-49.11648266951559,-26.87854154044106],[-49.11655290002303,-26.87841863312635],[-49.11665061440795,-26.87825040783849],[-49.1167733305634,-26.87804559732478],[-49.11678432261688,-26.87802841151527],[-49.11679088360808,-26.87802315296452],[-49.11680053722493,-26.87801967672455],[-49.11680688846169,-26.87801802481369],[-49.11681349759319,-26.87801818060735],[-49.11686008688634,-26.87802939527259],[-49.11693160428766,-26.87804746878681],[-49.11701159935294,-26.87806646126956],[-49.11720821956492,-26.87811462985127],[-49.11732762428344,-26.87814267770488],[-49.11740623877171,-26.87816433044295],[-49.11748193096609,-26.8781880752011],[-49.11761395749662,-26.87822905626722],[-49.1177296137439,-26.87826369416104],[-49.11787187994165,-26.87830702636498],[-49.11799063276037,-26.87834236960762],[-49.11798586532998,-26.8783515205888],[-49.11811833993905,-26.8783887469958],[-49.11814509989198,-26.87832069472161],[-49.11804670094548,-26.87829231722452],[-49.1178218255003,-26.87823405882376],[-49.11765516554627,-26.8781833902701],[-49.1175573181973,-26.87815460099062],[-49.11749109169511,-26.87813513700473],[-49.11748980835689,-26.87813349976384],[-49.11748902624908,-26.87813101264876],[-49.11748567868269,-26.8781048291793],[-49.11748575523848,-26.87810160616571],[-49.11748705801204,-26.87809733263628],[-49.11749751014423,-26.87807700850526],[-49.11756697595262,-26.87795412383072],[-49.11765115195147,-26.87780874231863],[-49.11772141438365,-26.87768264864405],[-49.11777804149807,-26.8775844472731],[-49.1178415662444,-26.87747402199329],[-49.11790917677012,-26.87735335712471],[-49.11796688521164,-26.87724496724272],[-49.11799988753161,-26.87718048121368],[-49.118035935552,-26.87711422786846],[-49.1180729019912,-26.87704466071892],[-49.11810107106752,-26.87699147292454],[-49.11812477013886,-26.87694443085562],[-49.11815511711871,-26.87689064115105],[-49.11827751137645,-26.87668872124059],[-49.11833161599822,-26.87660068160518],[-49.11841345070779,-26.87646782783087],[-49.11854397614989,-26.87624209922214],[-49.11856613434789,-26.87621448184507],[-49.11859094130749,-26.8761867002656],[-49.11862073396613,-26.87615633056935],[-49.11864741654605,-26.87613052083265],[-49.11868178972122,-26.87610464742356],[-49.11870082845515,-26.87609212303927],[-49.11871459031188,-26.8760843319469],[-49.11873181042014,-26.87607757613619],[-49.11874223543563,-26.87607369573871],[-49.11875808290284,-26.87607422175977],[-49.11877674208704,-26.87607781158796],[-49.1187928770447,-26.87608145986664],[-49.11881314657479,-26.87608809118398],[-49.11889244664534,-26.87611866612025],[-49.11900056647527,-26.87616012449828],[-49.11915376101228,-26.87622127527019],[-49.11926040426768,-26.87626420848072],[-49.11935854908633,-26.87630074107516],[-49.11944517255002,-26.8763315666353],[-49.11948829773786,-26.87634724452979],[-49.11956926842176,-26.87637323002417],[-49.11966841290647,-26.87640301083427],[-49.11971416014141,-26.8764145481968],[-49.11972722365049,-26.87642103835326],[-49.11973573890315,-26.87642679464794],[-49.11974290546321,-26.87643370635449],[-49.1197491101367,-26.8764405989412],[-49.11975574610236,-26.87644964993495],[-49.11976530613151,-26.87646714201578],[-49.11976801556224,-26.87647450346163],[-49.11976830402209,-26.8764826775083],[-49.11976222848914,-26.8765110407441],[-49.11974275252921,-26.87658793729555],[-49.11973355016682,-26.87662655741997],[-49.11972508303097,-26.8766544438487],[-49.11970589704424,-26.87669867244774],[-49.11967547816506,-26.87677084091643],[-49.11964161654371,-26.87685143161536],[-49.11960069064523,-26.87695133928943],[-49.11953838504473,-26.87708661812626],[-49.11946911079622,-26.87723713007446],[-49.11943019015019,-26.87732331889692],[-49.11937154515896,-26.87744598669845],[-49.11936641559445,-26.87744954049161],[-49.11935373060697,-26.87744735706094]]
     ]
    },
    "properties": {
    "OBJECTID": 61386,
    "SHAPE.LEN": 973.205637050978
    }
  },
  {
   "type": "Feature",
    "geometry": {
    "type": "LineString",
     "coordinates": [
      [[-49.12150946154327,-26.87644796699559],[-49.12151612607339,-26.87644829840405],[-49.12152125684153,-26.87645026566529],[-49.12152230742201,-26.8764531995011],[-49.12152171860535,-26.876457705507],[-49.1215197179446,-26.87646024766705],[-49.12151601530006,-26.87646297298694],[-49.12150699519168,-26.8764647349467],[-49.12143174632443,-26.87647597437622],[-49.12136212073549,-26.87648538588711],[-49.12132137741354,-26.87648943917457],[-49.12122296087489,-26.87648979842239],[-49.12112791591796,-26.87648602888074],[-49.12109624135015,-26.87648616995138],[-49.12107215263534,-26.87648893192265],[-49.12104519655412,-26.87649497275993],[-49.12102185852106,-26.87650194353763],[-49.12099634307465,-26.87651392719911],[-49.12096921322506,-26.87652749237735],[-49.12095302014464,-26.87653513943676],[-49.12094583665802,-26.87653618386151],[-49.12093807406661,-26.8765360336827],[-49.12092894547212,-26.87653285250223],[-49.12085914932501,-26.87649622147163],[-49.1207827241785,-26.8764690407649],[-49.12072503195629,-26.87645566694738],[-49.12068028910931,-26.87644899466932],[-49.12061741288685,-26.87644466255555],[-49.12028403898892,-26.87642564346761],[-49.12013082066667,-26.87640827260689],[-49.1200165986176,-26.87638896727168],[-49.11991041009577,-26.87636852498829],[-49.1197777929896,-26.87633660292416],[-49.11965612585714,-26.87630338504503],[-49.11949513777815,-26.87624940410644],[-49.11930912625238,-26.87618084979131],[-49.11911113081138,-26.87610055642429],[-49.11879790630427,-26.87597630520087],[-49.11878461884018,-26.87597368226736],[-49.11877759945048,-26.875972901934],[-49.11874628334115,-26.87596283179106],[-49.11873624329879,-26.8759614552411],[-49.11872874807607,-26.8759602353282],[-49.11853087173198,-26.87588532036631],[-49.11835590662141,-26.87581846529219],[-49.11825846388547,-26.87578309939498],[-49.11816862697262,-26.87574975273371],[-49.11809036167721,-26.8757184700243],[-49.11797319697738,-26.87566536898609],[-49.11783743943369,-26.87560310713241],[-49.11774424920454,-26.87556283422683],[-49.11769942748711,-26.87554455362693],[-49.11766595069692,-26.87553399685467],[-49.11762157974113,-26.87552016115125],[-49.11755016446149,-26.87550311834643],[-49.11747490329282,-26.87549130889903],[-49.11745791221525,-26.87548879896053],[-49.11741260106331,-26.87548050246747],[-49.11738249306882,-26.87547067106769],[-49.11735295020765,-26.8754574083423],[-49.11732202043357,-26.87544110798191],[-49.11729031426982,-26.87542167342147],[-49.11725987582884,-26.87539989729257],[-49.11723839202613,-26.87537915480689],[-49.11723170980919,-26.87536902359538],[-49.11722971062256,-26.87536102532096],[-49.11722708797895,-26.87534849859124],[-49.11722631744457,-26.87532933997667],[-49.11722791314637,-26.87531807712027],[-49.11723042828101,-26.87531425389042],[-49.11723554730109,-26.87531327781582],[-49.11723770952083,-26.87531392760838]]
     ]
    },
    "properties": {
    "OBJECTID": 61394,
    "SHAPE.LEN": 463.324642486797
    }
  },
  {
   "type": "Feature",
    "geometry": {
    "type": "LineString",
     "coordinates": [
      [[-49.11644039186248,-26.87477554974728],[-49.11667751668368,-26.87490314749088],[-49.11683541970653,-26.8749801965884],[-49.11694321221069,-26.87502562348991],[-49.11698803761249,-26.87505592951057],[-49.11714392483444,-26.8751299575363],[-49.11734322303833,-26.87522200271785],[-49.11752672518495,-26.87530449269711],[-49.11772033758012,-26.87538534897824],[-49.1179325725526,-26.87547420177591],[-49.11814021894503,-26.87556210500338],[-49.11832574411163,-26.87564016847522],[-49.11849792001716,-26.87570969509177],[-49.11865626218723,-26.87577836125738],[-49.11887830468101,-26.87587342490598],[-49.11905637966905,-26.87594408453267],[-49.11926035528477,-26.87602815095525],[-49.11945803338013,-26.87610639462916],[-49.11959610121974,-26.87615455574431],[-49.11972599479761,-26.87619406225608],[-49.11985175570986,-26.87622864961893],[-49.11997127965007,-26.87625483383934],[-49.12007897723596,-26.87627293859882],[-49.1202403243373,-26.87629562829285],[-49.1203674975142,-26.87630582716515],[-49.12056329173697,-26.8763133708725],[-49.12070548552396,-26.8763194494805],[-49.12095301703609,-26.8763197101011],[-49.12145115978945,-26.8763045984783],[-49.12155590331436,-26.8762931383359],[-49.12165849678053,-26.87628034980512],[-49.12166925965877,-26.87627624081292],[-49.12168485166486,-26.87626780945212],[-49.12169298966383,-26.87625687901238],[-49.12171303729083,-26.87621916921201]]
     ]
    },
    "properties": {
    "OBJECTID": 65950,
    "SHAPE.LEN": 565.4742114459279
    }
  },
  {
   "type": "Feature",
    "geometry": {
    "type": "LineString",
     "coordinates": [
      [[-49.11714364129831,-26.86994887890641],[-49.11709485014416,-26.86992509006998],[-49.11705469184569,-26.86990569451178],[-49.11702027325936,-26.86989085315701],[-49.11698850170004,-26.86987685578529],[-49.1169270004856,-26.86985051108177],[-49.11682071233506,-26.86980496357438],[-49.11667676139756,-26.86974309620494],[-49.11654630273311,-26.86969016000492],[-49.11647117599514,-26.86966063961753],[-49.11646548851521,-26.86965797699522],[-49.11645995631717,-26.86965286772761],[-49.11645497886619,-26.86964598505286],[-49.11645203316871,-26.86963802289061],[-49.11645384253759,-26.86963068642278],[-49.11646369964909,-26.86961185178177],[-49.11647335359638,-26.86959586299223],[-49.11648790076067,-26.86957647530187],[-49.11650702023854,-26.86955525854104],[-49.11652179079744,-26.86954079111126],[-49.11653455618627,-26.86953150758002],[-49.11655086396712,-26.86952138763256],[-49.11656765928007,-26.86951136353731],[-49.11664111249814,-26.8694761290188],[-49.11667311659756,-26.86946011136558],[-49.11672142877339,-26.86943607947292],[-49.11674738611172,-26.86941921942986],[-49.11680282996342,-26.86937464763856],[-49.11684895747229,-26.86933304121828],[-49.11688432274067,-26.86929031115036],[-49.11691499102653,-26.86924442080441],[-49.11693825165525,-26.86920043457357],[-49.1170011021885,-26.869067747165],[-49.1170038807099,-26.86906186773985],[-49.11700586314355,-26.86906078758663],[-49.11705908783227,-26.86905064232808],[-49.11706837544234,-26.86905098631798],[-49.11707628670413,-26.8690527010471],[-49.11713390059021,-26.86907789994128],[-49.11727592456239,-26.86914366288834],[-49.11738019557073,-26.86919284766461],[-49.11747385971337,-26.86923530308385],[-49.11756016704784,-26.86927532274032],[-49.11762478208199,-26.86930451839395],[-49.11776134154166,-26.86936755898785],[-49.11797260153636,-26.86947008067452],[-49.11808916808957,-26.86952288742096],[-49.11819679620515,-26.86957395940987],[-49.11832350378662,-26.86963569943211],[-49.11848073940533,-26.86971337393478],[-49.11856848014177,-26.86975421358289],[-49.11870069927031,-26.86982367969514],[-49.1187401543384,-26.8697681101483],[-49.11860479657319,-26.86970068816186],[-49.11857615310465,-26.86968472904896],[-49.1183921710954,-26.86959687384876],[-49.11833395570079,-26.86956700106807],[-49.11817229648447,-26.86949234441756],[-49.11802812222215,-26.86942430716296],[-49.1179020103503,-26.86936539269763],[-49.11776726570008,-26.86930111820564],[-49.11761404324265,-26.86922870161959],[-49.11747535151345,-26.8691648048136],[-49.11732646858437,-26.86909728179648],[-49.11724228628326,-26.86905846187497],[-49.11710641969555,-26.8689940373442],[-49.11709526856325,-26.86898650289588],[-49.11708835377102,-26.8689787676589],[-49.11708510098036,-26.86897451736245],[-49.11706894385409,-26.86894007510659],[-49.11706702276485,-26.86893526580241],[-49.11706733769124,-26.86893107929231],[-49.11706909699441,-26.86892730826388],[-49.11709019431511,-26.86888231206423],[-49.11716331577251,-26.86873074483849],[-49.11720617053789,-26.86864360253528],[-49.11722744199312,-26.86860364054662],[-49.11726917988372,-26.86853324526361],[-49.11729413595026,-26.86849406344934],[-49.11731449945829,-26.86846498265895],[-49.11733758708849,-26.86843421512182],[-49.11737651963395,-26.86839130227506],[-49.11744047542017,-26.86832890199321],[-49.11754886268255,-26.86822729133362],[-49.11761822698858,-26.86816475541695],[-49.1177243888088,-26.86807365446282],[-49.11778923762744,-26.86802330459702],[-49.11786130253034,-26.86796565231129],[-49.11792893041011,-26.86791253866516],[-49.11800209912757,-26.86786419042128],[-49.11814170319518,-26.86777304260012],[-49.11820112736685,-26.86773294948782],[-49.11824349006997,-26.86770171549094],[-49.11826003768931,-26.86768930234136],[-49.11830315290575,-26.86765589498912],[-49.118330250379,-26.86763365414618],[-49.1183851944219,-26.86758538162596],[-49.1183892051366,-26.86758391236638],[-49.11839852804224,-26.86758418452736],[-49.11841218860958,-26.86758688644163],[-49.11842065681931,-26.86759015283386],[-49.1184328947252,-26.86759708608324],[-49.11845384848721,-26.86761445555628],[-49.11860128369289,-26.86775264865134],[-49.11870153433374,-26.86784641000678],[-49.11875702125882,-26.86789782803615],[-49.11884545008863,-26.86797813410718],[-49.1189230984843,-26.86804444462498],[-49.11896359698154,-26.86807555703801],[-49.11901116075708,-26.86811103452661],[-49.11903435642015,-26.86812770898442],[-49.11904543798104,-26.86813403830542],[-49.11909127023792,-26.86815775006837],[-49.11911377293709,-26.86816843836129],[-49.11913579924165,-26.86817860132255],[-49.11921652051227,-26.86820635437272],[-49.11931500757225,-26.86823492960197],[-49.11937395488696,-26.86825959385342],[-49.11953419529872,-26.86833102152494],[-49.11970284430092,-26.86841018957253],[-49.11986657757717,-26.86848398029899],[-49.11995933365131,-26.86852477568522],[-49.11999085114599,-26.86854214829513],[-49.12000488988694,-26.8685528447913],[-49.1200135603854,-26.86856275050481],[-49.12001974146894,-26.86857329733094],[-49.12002275583723,-26.86858454485572],[-49.12002414866232,-26.86859708226611],[-49.12002559424092,-26.86861239312525],[-49.12002435459409,-26.86863215140906],[-49.12000408894838,-26.8687153458059],[-49.12000060526057,-26.86872942855293],[-49.1199992421897,-26.86874204573184],[-49.11999960775696,-26.86875024518161],[-49.1200021775479,-26.8687575831037],[-49.12000896473629,-26.86876416119645],[-49.12003676497831,-26.86877761585591],[-49.12017560787981,-26.86884442664929],[-49.12029177329914,-26.86889869747563],[-49.12045315857609,-26.8689757200798],[-49.1206582564588,-26.86907542281981],[-49.12067438928392,-26.86908699643877],[-49.12068436660337,-26.86909785276945],[-49.12069030906466,-26.86910725462285],[-49.12069613281222,-26.86911878410001],[-49.12069822418471,-26.86913174688898],[-49.12069795423924,-26.86914356809163],[-49.12069419658082,-26.86915590341602],[-49.12062998683365,-26.86926337522938],[-49.12049688848668,-26.86949296056038],[-49.12048660556096,-26.86950295622767],[-49.12047496725563,-26.86951305661781],[-49.12046202371738,-26.86951882979314],[-49.12044982603242,-26.86952173724616],[-49.12043858803816,-26.86952302829397],[-49.12043145944396,-26.86952284953274],[-49.12042257748146,-26.86952091628698],[-49.12041159994011,-26.86951625643126],[-49.12039398000584,-26.86950830854893],[-49.12032296028595,-26.8694736910367],[-49.12018497807832,-26.86940833865714],[-49.12003479715082,-26.86933970000135],[-49.12003432956755,-26.86933584244259],[-49.11994472457374,-26.86929409616234],[-49.11982113127456,-26.86923387835121],[-49.11969571896369,-26.8691744837606],[-49.11962635435898,-26.86914064971971],[-49.11951117357908,-26.86908368730372],[-49.11936464732702,-26.86901337626989],[-49.11938318317016,-26.86898244581159],[-49.11929787985474,-26.86893719026874],[-49.11924206025524,-26.86903075048881],[-49.11931780585317,-26.86906546932989],[-49.11938212512928,-26.8690955312523],[-49.11947718198123,-26.86913986684237],[-49.11961819102979,-26.86920806179553],[-49.11969916418415,-26.86924661649826],[-49.119766846511,-26.86927884588717],[-49.11990595458558,-26.86934388870983],[-49.11998683388286,-26.86938332293031],[-49.12007412082502,-26.86942618463264],[-49.12016324260247,-26.86946879991675],[-49.12026929169109,-26.86951870938585],[-49.12039813918754,-26.86957928734649],[-49.12049704322621,-26.86962807807632],[-49.12063220172639,-26.8696920378276],[-49.12071697428075,-26.86973294048953],[-49.12081992768496,-26.86978171806581],[-49.12095210647239,-26.86984482827625],[-49.12108375471002,-26.86990771378987],[-49.12120711624227,-26.86996614846354],[-49.1213238470915,-26.87002235664801],[-49.12151857867713,-26.8701160111649],[-49.12164467961619,-26.87017314064499]]
     ]
    },
    "properties": {
    "OBJECTID": 61398,
    "SHAPE.LEN": 1526.0394404079
    }
  },
  {
   "type": "Feature",
    "geometry": {
    "type": "LineString",
     "coordinates": [
      [[-49.11989803807759,-26.86572745133545],[-49.11982822174141,-26.86575511915293],[-49.11978542578723,-26.86577288672934],[-49.11971463803004,-26.8658076846382],[-49.11963421005294,-26.86584783113694],[-49.11956760206,-26.86588857306149],[-49.11954530497099,-26.86590307518393],[-49.11949969739081,-26.86593785512553],[-49.11942860130814,-26.8660047213066],[-49.11935957602927,-26.86608322227456],[-49.11931208705462,-26.86614849447975],[-49.11929490709976,-26.86617584980302],[-49.11922745046548,-26.86630642285772],[-49.11916256784028,-26.86643962326266],[-49.11909811127048,-26.86657650282883],[-49.119096473552,-26.86658394091111],[-49.11909926205437,-26.86659307790633],[-49.11911337437657,-26.86660630270374],[-49.1191192183998,-26.8666099610485]]
     ]
    },
    "properties": {
    "OBJECTID": 61450,
    "SHAPE.LEN": 132.711387441397
    }
  },
  {
   "type": "Feature",
    "geometry": {
    "type": "LineString",
     "coordinates": [
      [[-49.12067338583837,-26.86556436201954],[-49.12059360114306,-26.86556703138043],[-49.12039799194206,-26.86556816203979],[-49.12031979082136,-26.86557165200002],[-49.12018384197668,-26.86558121989922],[-49.120156773595,-26.86558532313002],[-49.1200724759041,-26.86560413721436],[-49.12000325467409,-26.86562376015677],[-49.11996164419025,-26.86563806769707],[-49.11983625506632,-26.86568574035925],[-49.11981199520982,-26.86569478915705],[-49.11968278557206,-26.8657517165204],[-49.11965479505339,-26.86576641909959],[-49.11960006371908,-26.86579565493613],[-49.1195426551079,-26.86582940687159],[-49.11949145527593,-26.86586398874397],[-49.11944737075264,-26.86589825911738],[-49.11937089041209,-26.86597121016562],[-49.11933968406948,-26.8660062466863],[-49.11930452566057,-26.86604699632954],[-49.11927182488318,-26.86608908200586],[-49.11921936937628,-26.86617131809034],[-49.11918906246972,-26.86622625414329],[-49.11916631159286,-26.86627194446687],[-49.11913463069437,-26.86634088119778],[-49.11909531539943,-26.86642215214844],[-49.11908568289572,-26.86644120300854],[-49.11908252694899,-26.86644435796559],[-49.11907825422222,-26.86644530386959],[-49.11905003406051,-26.86644558894957],[-49.1190447863025,-26.86644445675598],[-49.11904177343951,-26.86644182352201],[-49.11900207359128,-26.86639684269957],[-49.11892467987227,-26.86631161652117],[-49.11888694558195,-26.86626712395722],[-49.1188467220143,-26.86621955923813],[-49.11877950129131,-26.86614077297407],[-49.11869568078705,-26.86604583413657],[-49.11861584001392,-26.86595586282116],[-49.11855129790882,-26.86588137593851],[-49.11848782321595,-26.86580813256358],[-49.11838968284851,-26.86569965816008],[-49.11828515173248,-26.86559479108145],[-49.11824229337183,-26.86562689674689],[-49.11823820556392,-26.86562919716362],[-49.11823386361545,-26.8656299489678],[-49.11818719051,-26.86562974356668],[-49.11817900685823,-26.8656288114335],[-49.11813401347632,-26.86561699223512],[-49.11802096924138,-26.86558350910424],[-49.11798723394633,-26.8655728118719],[-49.11788027052501,-26.86553938343718],[-49.11778835711313,-26.86551371273023],[-49.11775165493112,-26.86550739679653],[-49.11767556072594,-26.86549979529147],[-49.11760142843543,-26.86549873023518],[-49.11759429743641,-26.86549968495711],[-49.11758444421519,-26.86550695582169],[-49.11754355652783,-26.86553509267107],[-49.11754624637767,-26.86554027234171],[-49.11749055269745,-26.86557867473199],[-49.11748335560388,-26.86558842066226],[-49.11744059385033,-26.86560945443209],[-49.11738134717598,-26.86563554329619],[-49.11737284922017,-26.86563803314745],[-49.11736510884378,-26.86563950414206],[-49.11735483357874,-26.86563944307317],[-49.11734210309291,-26.86563765784811],[-49.11730785572498,-26.86563315079162],[-49.11724494857789,-26.86561902754244],[-49.11719278294914,-26.86560391553305]]
     ]
    },
    "properties": {
    "OBJECTID": 61432,
    "SHAPE.LEN": 444.563774190322
    }
  },
  {
   "type": "Feature",
    "geometry": {
    "type": "LineString",
     "coordinates": [
      [[-49.11799170524104,-26.8823845445886],[-49.11803472665216,-26.88246286279753],[-49.11810321391572,-26.88260629154681],[-49.11811556115607,-26.88262069160723],[-49.11813940539401,-26.88264595129182],[-49.11815804626796,-26.88266079442223],[-49.11818061778896,-26.88267326286371],[-49.11822250456138,-26.88268429355882],[-49.11827237746392,-26.88269051244289],[-49.11846879373535,-26.88271468344207],[-49.11866934048246,-26.88274155736648],[-49.11868934339184,-26.8827531133042],[-49.11878799836288,-26.88281902428506],[-49.11905850902369,-26.88299325666359],[-49.11917016147167,-26.88306795112338]]
     ]
    },
    "properties": {
    "OBJECTID": 61433,
    "SHAPE.LEN": 148.462601176171
    }
  },
  {
   "type": "Feature",
    "geometry": {
    "type": "LineString",
     "coordinates": [
      [[-49.11723770952083,-26.87531392760838],[-49.11725350193411,-26.87531867986727],[-49.11726150308783,-26.87532192026611]]
     ]
    },
    "properties": {
    "OBJECTID": 61395,
    "SHAPE.LEN": 2.52761047459704
    }
  },
  {
   "type": "Feature",
    "geometry": {
    "type": "LineString",
     "coordinates": [
      [[-49.11750143917189,-26.867719564995],[-49.11756025201787,-26.86778603146975],[-49.11764402162141,-26.86788180789581],[-49.11767076698096,-26.86791237823367]]
     ]
    },
    "properties": {
    "OBJECTID": 61438,
    "SHAPE.LEN": 27.1954725657241
    }
  },
  {
   "type": "Feature",
    "geometry": {
    "type": "LineString",
     "coordinates": [
      [[-49.11366412005292,-26.8748902899906],[-49.11366432732633,-26.87488598923643],[-49.11366280860823,-26.87488198495295],[-49.11365966500863,-26.87487946177797],[-49.1136568550754,-26.87487866518848],[-49.11361453540334,-26.87488221052887],[-49.11361181283431,-26.87488324464311],[-49.11361078800432,-26.87488538091554],[-49.11361112724794,-26.8748868927606],[-49.11364484311322,-26.87494024157253],[-49.11364727739922,-26.87494135536946],[-49.11364936887551,-26.87494117208882],[-49.11365124665914,-26.87493937123191],[-49.11366412005292,-26.8748902899906]]
     ]
    },
    "properties": {
    "OBJECTID": 66662,
    "SHAPE.LEN": 19.7387445104708
    }
  },
  {
   "type": "Feature",
    "geometry": {
    "type": "LineString",
     "coordinates": [
      [[-49.11101047993989,-26.87111614214547],[-49.1110486125908,-26.87112724194192],[-49.11114739594061,-26.87115913300535],[-49.11127366003325,-26.87120586968494],[-49.11141869982322,-26.87126408625727],[-49.11154621742726,-26.87132116411356],[-49.11167353562192,-26.87138813061226],[-49.11180259423099,-26.87146544762541],[-49.11193927480959,-26.87155148785684],[-49.11203689844225,-26.87161669344849],[-49.11216137212793,-26.87170382947696],[-49.11230405740843,-26.87180630803683],[-49.11240183457583,-26.87187859531197],[-49.11251018820061,-26.87195836091539],[-49.11261779976792,-26.8720387600711],[-49.11274291076035,-26.87213405807624],[-49.11284238941609,-26.87220658621683],[-49.11293508080551,-26.87227728977994],[-49.113065874767,-26.87236858644206],[-49.11319876519943,-26.8724648643686],[-49.11331517320632,-26.87254410694337],[-49.11342319998267,-26.87261569010958],[-49.11354506470656,-26.87270254645716],[-49.11364822891693,-26.8727736249806],[-49.11376360810002,-26.87285564787287],[-49.11387061055871,-26.87292979753081],[-49.11402905163469,-26.87304066670449],[-49.1141454053774,-26.87312270411666],[-49.11424853219709,-26.87319571777171],[-49.11436486663283,-26.87329131067424],[-49.11448060992522,-26.87339227410038],[-49.11460566140668,-26.87349079740484],[-49.11474245025756,-26.8735998280609],[-49.11487484160897,-26.87370943624279],[-49.11500928196146,-26.87381391247087],[-49.1151761780673,-26.87394126251434],[-49.11532839239541,-26.87405913525129],[-49.11549128551809,-26.87417932279096],[-49.11567546324635,-26.87430779724422],[-49.11580936222096,-26.87440258260676],[-49.11596706306864,-26.87451408340833],[-49.11604260143383,-26.8745647274352],[-49.11616487247552,-26.87464341146064],[-49.11626823948407,-26.87470416350913],[-49.11641720621343,-26.87478863500779]]
     ]
    },
    "properties": {
    "OBJECTID": 65951,
    "SHAPE.LEN": 676.6407235150721
    }
  },
  {
   "type": "Feature",
    "geometry": {
    "type": "LineString",
     "coordinates": [
      [[-49.11202032177732,-26.87155996297193],[-49.11202976904635,-26.8715725764544],[-49.11204443256865,-26.87159107498303],[-49.11205205339719,-26.87159785773656],[-49.11212493628724,-26.87164994307739],[-49.11219973528881,-26.87170313257112],[-49.11228570964968,-26.8717672445743],[-49.11235071212317,-26.87181340195323],[-49.11243836121027,-26.87187861483067],[-49.11251673482489,-26.87193486925822],[-49.11262248033766,-26.87201648543833],[-49.11271773893579,-26.87208912517141],[-49.11282013460544,-26.87216853929269],[-49.11290519872104,-26.8722296277633],[-49.11302353619628,-26.87231144342605],[-49.11312226400569,-26.87238005406564],[-49.11321262822159,-26.87244273038474],[-49.11331785274553,-26.87251359385223],[-49.11339340020411,-26.87256572047502],[-49.11348612762588,-26.87263144281539],[-49.11358313258612,-26.8727015302437],[-49.11367008917455,-26.8727650119287],[-49.11375808092906,-26.87282507214619],[-49.11383343258781,-26.87287483116197],[-49.11391255034088,-26.87293023733921],[-49.11400720001511,-26.87299684969314],[-49.11403026771286,-26.87301142114599]]
     ]
    },
    "properties": {
    "OBJECTID": 65952,
    "SHAPE.LEN": 256.670568075949
    }
  },
  {
   "type": "Feature",
    "geometry": {
    "type": "LineString",
     "coordinates": [
      [[-49.11298431475586,-26.87400716416151],[-49.11299364528568,-26.87395531076369],[-49.11300172901807,-26.87389205010127],[-49.11301187966898,-26.87382323455938],[-49.11302471035186,-26.87374242877739],[-49.11303697316372,-26.87366569599162],[-49.11304999846378,-26.87358747148648],[-49.11306051990129,-26.87353735521171],[-49.11307185133127,-26.87350852456483],[-49.11312719692543,-26.87340668048349],[-49.11319367796082,-26.87328610211357],[-49.1132675683577,-26.87314952324982],[-49.11329893003399,-26.87308512113599],[-49.11330897026388,-26.87305779407721],[-49.11335153672497,-26.87298430181139],[-49.11339729212327,-26.8730097094662],[-49.11335514500232,-26.87308940719744],[-49.11334256230109,-26.87310704536593],[-49.11332379964665,-26.87315294938002],[-49.11329116459063,-26.8732199095678],[-49.11323883975107,-26.87331750317784],[-49.11317464013154,-26.87343403596584],[-49.11312738522302,-26.8735226840233],[-49.11310512100405,-26.87357240159044],[-49.11309387538055,-26.8736093990649],[-49.11308185691597,-26.87366099544421],[-49.11306938538407,-26.8737233283277],[-49.11305553874165,-26.87379337438008],[-49.11305264219307,-26.87384167539528],[-49.11305117436606,-26.87390461013328],[-49.11305227179398,-26.87394889112593],[-49.11305633751928,-26.87397903667696],[-49.11306264058319,-26.87399482040401]]
     ]
    },
    "properties": {
    "OBJECTID": 60304,
    "SHAPE.LEN": 242.068143298619
    }
  },
  {
   "type": "Feature",
    "geometry": {
    "type": "LineString",
     "coordinates": [
      [[-49.11111665461975,-26.87039428133737],[-49.11111931397785,-26.870391897962],[-49.11112559813967,-26.87038626680526],[-49.1111423194779,-26.87037988070745],[-49.11123562412261,-26.87036399779029],[-49.11131230256376,-26.87034956326286],[-49.11138916290462,-26.87033835334919],[-49.11147991413344,-26.87032822621603],[-49.11159906683319,-26.87031361907971],[-49.11174364574887,-26.87029684695018],[-49.11187334047649,-26.87027983426511],[-49.11198205913079,-26.87026906055344],[-49.11198369682332,-26.8702723182],[-49.11206038431867,-26.87026466088585],[-49.11217438620246,-26.87025288805153],[-49.1122772674135,-26.87024351365126],[-49.11227487062163,-26.87019943280902],[-49.11220680904268,-26.87020777230715],[-49.11211950065596,-26.87021719044959],[-49.11202975936659,-26.87022656881025],[-49.11198929259977,-26.87023009245596],[-49.11198292753191,-26.87023035851418],[-49.11197930023287,-26.87022951757886],[-49.11197706362865,-26.87022699204891],[-49.11197403418037,-26.87022251446659],[-49.11197172912173,-26.87021429542321],[-49.1119689979512,-26.87019210590315],[-49.11196652660443,-26.87017335960316],[-49.11196309461742,-26.87015415910369],[-49.11195176988227,-26.87007451899816],[-49.11195344073182,-26.87007166117728],[-49.11195775846016,-26.87006983517613],[-49.111987964668,-26.87006564191685],[-49.1120228575755,-26.87005952468311],[-49.1120970263704,-26.87004729098358],[-49.11210767472671,-26.87004551435827],[-49.11209820333436,-26.87000479408631],[-49.11203051705977,-26.87001611433825],[-49.11198441029168,-26.87003054527374],[-49.11195458944813,-26.87003807692534],[-49.1119462594904,-26.87003969677938],[-49.11194140608437,-26.87003941801687],[-49.11193792855232,-26.87003707447393],[-49.11193654823691,-26.87003413617044],[-49.11191324166757,-26.86990974739873],[-49.11188467471585,-26.86991456186352],[-49.11190384434433,-26.870029408298],[-49.11191426097001,-26.87011391112954],[-49.11191975040229,-26.87015902072379],[-49.11192126981194,-26.87018563296215],[-49.11192324408498,-26.87020128307499],[-49.11192376555802,-26.87021635868625],[-49.11192350771975,-26.87022485126616],[-49.11191953528995,-26.87023066949687],[-49.11191517738219,-26.87023303560761],[-49.11190877653073,-26.87023345642883],[-49.1118990567097,-26.87023386268652],[-49.11182849881949,-26.87023925329726],[-49.11172837826174,-26.87025050372716],[-49.11164679773122,-26.8702594791317],[-49.1114852173541,-26.87027945195258],[-49.11139217970634,-26.87029047819261],[-49.11132185809242,-26.87029884752518],[-49.11121700180406,-26.87031012093714],[-49.1111333866658,-26.87032021873686],[-49.11112180038776,-26.87032089874585],[-49.11111430361084,-26.87032022448773]]
     ]
    },
    "properties": {
    "OBJECTID": 60200,
    "SHAPE.LEN": 339.582369472833
    }
  },
  {
   "type": "Feature",
    "geometry": {
    "type": "LineString",
     "coordinates": [
      [[-49.11111665461975,-26.87039428133737],[-49.1111125548372,-26.87040430749245],[-49.11111331409269,-26.87041548531303],[-49.11111031968902,-26.87050669290926],[-49.11110859794099,-26.87060779900557],[-49.11110252589248,-26.87068156454241],[-49.11109048103578,-26.87078636861798],[-49.11109223011084,-26.87080217909443],[-49.11109705006746,-26.87081706666292],[-49.11110003001319,-26.87082100927157]]
     ]
    },
    "properties": {
    "OBJECTID": 60299,
    "SHAPE.LEN": 47.6154485400063
    }
  },
  {
   "type": "Feature",
    "geometry": {
    "type": "LineString",
     "coordinates": [
      [[-49.11101047993989,-26.87111614214547],[-49.11081799689617,-26.87107113288036],[-49.11071434744385,-26.87104893706946]]
     ]
    },
    "properties": {
    "OBJECTID": 64616,
    "SHAPE.LEN": 30.3561308792423
    }
  },
  {
   "type": "Feature",
    "geometry": {
    "type": "LineString",
     "coordinates": [
      [[-49.11083489104713,-26.87105054427121],[-49.1108690367447,-26.8710466539502],[-49.11090575855643,-26.87103951626741],[-49.11091882217565,-26.87103321668665],[-49.11093073814055,-26.87102475631961],[-49.11093935108335,-26.87101659206684],[-49.11094433117538,-26.87101016004318],[-49.11094777310744,-26.87100356574979],[-49.11094837161642,-26.87099789379139],[-49.11094731086127,-26.87099438029254],[-49.11094511979329,-26.87099141669983],[-49.11093177674002,-26.87098722091324],[-49.11081179412901,-26.87096991272928],[-49.11070628463521,-26.87095160565002],[-49.11057259482737,-26.87093366811176],[-49.11045835365393,-26.87091759532202],[-49.11035048818415,-26.87090146870771],[-49.11023622012989,-26.87088550369109],[-49.11012624155083,-26.87087286691746],[-49.11004928783604,-26.8708670304868],[-49.10994598781693,-26.87085791542793],[-49.10987660550136,-26.87085214227159],[-49.10981688933588,-26.87084931444727],[-49.10976119227405,-26.87084979056645],[-49.10968792313563,-26.87085121667726],[-49.10960993314004,-26.87085322764662],[-49.10952773802153,-26.87085567602497],[-49.10948866122909,-26.87086208233785],[-49.10946392825531,-26.87086563975173],[-49.10939945983137,-26.87087097160438],[-49.10930901284116,-26.87087517959645],[-49.10926498787551,-26.87087375290709],[-49.10921342241806,-26.8708693785543],[-49.10899116917673,-26.87086011873422],[-49.10886086688719,-26.87085443416644],[-49.10871080451211,-26.87085320911291],[-49.10860396985,-26.870852693414],[-49.10852714631621,-26.87085204414173]]
     ]
    },
    "properties": {
    "OBJECTID": 61901,
    "SHAPE.LEN": 256.177679918696
    }
  },
  {
   "type": "Feature",
    "geometry": {
    "type": "LineString",
     "coordinates": [
      [[-49.10942545172843,-26.87532167777599],[-49.10943449986506,-26.87550568747109],[-49.109458977183,-26.87578146704207],[-49.1094605998164,-26.87580153782701],[-49.10946033291254,-26.87580378710218],[-49.10945937849399,-26.87580567878053]]
     ]
    },
    "properties": {
    "OBJECTID": 62982,
    "SHAPE.LEN": 53.77412686935539
    }
  },
  {
   "type": "Feature",
    "geometry": {
    "type": "LineString",
     "coordinates": [
      [[-49.10945937849399,-26.87580567878053],[-49.1094039771425,-26.87582198902024],[-49.10933986213253,-26.87583675925702],[-49.10929769929723,-26.87584591403107],[-49.10928340432091,-26.87584857127922],[-49.10925814673845,-26.87585219740858],[-49.10921279872368,-26.87585800517484],[-49.10916099094268,-26.87586279500713],[-49.1091034518515,-26.87586700447209],[-49.10905168287097,-26.8758681321027],[-49.10899614861417,-26.87586750794918],[-49.10893845349315,-26.87586331311633],[-49.10890346258384,-26.87585917756423],[-49.10887323613612,-26.87585475286849],[-49.10884240969355,-26.87584924786688],[-49.10878459233688,-26.87583794620527],[-49.10871457183526,-26.87582329414312],[-49.10857162803439,-26.87579158177597],[-49.1084229482647,-26.8757623558045],[-49.1084232197733,-26.87575934752185],[-49.10837556190376,-26.87575409182737],[-49.10829010020856,-26.87574396776338],[-49.10828207979382,-26.87574262473773],[-49.10827819933802,-26.8757412026596],[-49.10827298513305,-26.87573912549965],[-49.10826972238962,-26.87573663130109],[-49.10826622516505,-26.87573316819961],[-49.10826394463793,-26.87572971326609],[-49.10826179081236,-26.87572572118733],[-49.10826012977052,-26.87572108765261],[-49.10825931934376,-26.87571656659668],[-49.10825484719587,-26.87564719199364],[-49.10824899021569,-26.87554329582764],[-49.10824265548364,-26.87539875809777],[-49.10823542195239,-26.87527259844915],[-49.10823076433519,-26.87517053794446],[-49.10822050623692,-26.87494996286365],[-49.10822056554027,-26.87494362030774],[-49.10822109772623,-26.87493867767104],[-49.10822211854437,-26.87493352405464],[-49.10822437912006,-26.87492590493635],[-49.10822798485724,-26.87491765035962],[-49.10823542410743,-26.8749027544629],[-49.10825541884635,-26.8748724580322],[-49.10826059909643,-26.8748649655567],[-49.10826342733066,-26.87486175864104],[-49.10826649596518,-26.87485898367087],[-49.10827677275581,-26.87485313714878],[-49.10828239398199,-26.8748505931188],[-49.10828702885268,-26.87484944030045],[-49.1082909276118,-26.87484903579529],[-49.10832378332,-26.87484925005994],[-49.1083285228448,-26.87485003287586],[-49.10833629474219,-26.87485191141099],[-49.10841847418278,-26.87487470074362],[-49.10849903899337,-26.87490113470383],[-49.10858884894827,-26.87492795233002],[-49.1086412919555,-26.87494205412697],[-49.10869021492733,-26.87495527389511],[-49.10873307390272,-26.87496619663256],[-49.10877218565191,-26.87497440657839],[-49.10881846282629,-26.87498416829307],[-49.10885869332927,-26.8749898054859],[-49.10888044812181,-26.87499295696334],[-49.10891910825355,-26.87499740156713],[-49.10903701901807,-26.87501225131595],[-49.10918563688229,-26.87502289340757],[-49.10926131303452,-26.87502510479104],[-49.10933055258712,-26.87502587702806],[-49.10934308528586,-26.87502617380909],[-49.10934892052704,-26.87502685662599],[-49.10935572243109,-26.87502829881438],[-49.10936323841822,-26.87503146546557],[-49.10937317483146,-26.87503615286491],[-49.10938213785662,-26.87504072705137],[-49.10938964089026,-26.87504539813353],[-49.10939556246006,-26.87504984497177],[-49.10940171382219,-26.87505590599519],[-49.10940771627195,-26.87506486773222],[-49.10941140529514,-26.87507392306856],[-49.10941305083991,-26.87508027670716],[-49.10941437116098,-26.87508784809101],[-49.10941557195621,-26.87509721943083],[-49.10942545172843,-26.87532167777599]]
     ]
    },
    "properties": {
    "OBJECTID": 62994,
    "SHAPE.LEN": 366.049778444841
    }
  },
  {
   "type": "Feature",
    "geometry": {
    "type": "LineString",
     "coordinates": [
      [[-49.10815183848408,-26.87501924716814],[-49.1081481589592,-26.87494198647841],[-49.10814636718363,-26.87491504206024],[-49.10814552750772,-26.87490200203827],[-49.10814513887644,-26.87489251971805],[-49.10814759679693,-26.87482209072153],[-49.1081503212357,-26.87478419436703],[-49.10814992170797,-26.87477578958433],[-49.10814886655969,-26.87477158025207],[-49.10814780446922,-26.87476790876603],[-49.108146002227,-26.87476498644105],[-49.10814322182347,-26.87476205643369],[-49.10813873042692,-26.87475900513404],[-49.10806855792921,-26.87472463382847],[-49.10784223722489,-26.87461299167512],[-49.10768317353752,-26.87453408407621],[-49.10751631973805,-26.87445199054418],[-49.10746524549931,-26.87442649262076],[-49.10738583036475,-26.87439904996332],[-49.10733382565484,-26.87438065458643],[-49.10730983208531,-26.87437228032974],[-49.1072964437187,-26.87436668187359],[-49.10721532957097,-26.87432662263239],[-49.10712947880386,-26.87428361794356],[-49.10712157759149,-26.87427935569706],[-49.10711526303704,-26.87427542790329],[-49.1070248741673,-26.87421073648435],[-49.10702086438032,-26.87420844255197],[-49.10685874743222,-26.87414335681872],[-49.10675176231744,-26.87410554017866],[-49.10666195096142,-26.87407772675828],[-49.10665748905767,-26.8740768356881],[-49.10665418735453,-26.87407638257361],[-49.10664708781782,-26.87407595618771],[-49.10663324969833,-26.8740759106474],[-49.10662693723097,-26.8740765102127],[-49.1066246047415,-26.87407708458807],[-49.10662232872593,-26.87407819585398],[-49.10662078734011,-26.87407931245161],[-49.10661880918209,-26.87408139347187],[-49.10661639395468,-26.87408427554341],[-49.10661378627797,-26.87408801609926],[-49.10660973962504,-26.87409518342999],[-49.10660505269198,-26.87410513928218],[-49.10660239165751,-26.87411467911541],[-49.10659859063828,-26.87412818496133],[-49.10659785709726,-26.87413451667306],[-49.10659701954911,-26.87414551965856],[-49.10659730641543,-26.87416055781308],[-49.10659799819621,-26.87416512783105],[-49.10659918331258,-26.87416932537574],[-49.10660169849276,-26.87417530348749],[-49.10660422864676,-26.87417977900064],[-49.10660730435264,-26.87418479525072],[-49.10661045091197,-26.87418851905008],[-49.10664524029502,-26.87422271114011],[-49.10670303091923,-26.87427765403078],[-49.1068042708393,-26.87437149282047],[-49.10689858630618,-26.87445688175401],[-49.10699587733549,-26.87453584891085],[-49.10707525335026,-26.87460303556824],[-49.10716351406101,-26.87467804655887],[-49.10720345116071,-26.87471089043236],[-49.10723558777979,-26.87473849951727],[-49.10727537896001,-26.87477521168965],[-49.10732890993928,-26.87482645896966],[-49.10736913042499,-26.87487317206461],[-49.10741780283664,-26.87493888580372],[-49.10745187734076,-26.87499016304232],[-49.1074780492677,-26.87503308842624],[-49.10749356982208,-26.87505667049817],[-49.10757566678075,-26.87518061251667],[-49.10772561185798,-26.87541675253106],[-49.10781595373852,-26.87556140178114],[-49.10785872450619,-26.87562331950968],[-49.10788159847519,-26.87565240559024],[-49.10789130000081,-26.87566279607313],[-49.10790137716954,-26.87567232691225],[-49.10791183587367,-26.87568046295512],[-49.1079233900678,-26.87568935829868],[-49.10793861381221,-26.87569892285833],[-49.10795714392926,-26.87570872394521],[-49.107977393291,-26.87571821229292],[-49.1079864257463,-26.87572181992907],[-49.10800280502698,-26.87572612075248],[-49.1080238315164,-26.87573131057252],[-49.10804511934713,-26.87573488916933],[-49.10806212876036,-26.87573707013506],[-49.10807508705965,-26.8757383466173],[-49.10813963310206,-26.87574182031129],[-49.10814282305809,-26.8757407672918],[-49.10814589719363,-26.87573917478221],[-49.10815829957544,-26.87573025636508],[-49.108161925762,-26.8757275457271],[-49.10816476074761,-26.87572472069748],[-49.10816710757977,-26.87572183587886],[-49.10816964416344,-26.87571825409966],[-49.1081750416276,-26.87570926444641],[-49.10818425128318,-26.87569110776512],[-49.10818569097321,-26.87568751581072],[-49.1081862040455,-26.8756849909372],[-49.10818634754945,-26.87568284019968],[-49.10818627668188,-26.87567772702386],[-49.10818451496569,-26.87565060881197],[-49.10817862445731,-26.87554613093355],[-49.10817229137685,-26.87540162030366],[-49.10816506010138,-26.87527551122934],[-49.10816038951355,-26.87517314547825],[-49.10815183848408,-26.87501924716814]]
     ]
    },
    "properties": {
    "OBJECTID": 62983,
    "SHAPE.LEN": 529.719676338539
    }
  },
  {
   "type": "Feature",
    "geometry": {
    "type": "LineString",
     "coordinates": [
      [[-49.11013954202955,-26.86479597611457],[-49.11014590453923,-26.86480304900614],[-49.11015114795561,-26.86480891100802],[-49.110159834655,-26.86494422707505],[-49.11017369222079,-26.86510932265382],[-49.11017888896853,-26.86519438579835],[-49.11017821340627,-26.86520759872083],[-49.11017735769472,-26.86521439547062],[-49.11017456388432,-26.86522093794908],[-49.1101686831195,-26.8652291973807],[-49.11015837448225,-26.86523810883557],[-49.11014577322327,-26.8652454507246],[-49.11013486092532,-26.86524848008683],[-49.11010539351388,-26.86525262060094],[-49.10999229045689,-26.86525953724525],[-49.10981435213788,-26.86526807505214],[-49.10966042828082,-26.86527733460783],[-49.10947886716129,-26.86528706909583],[-49.1094265293957,-26.86528916333264],[-49.1094249131929,-26.86528867597778],[-49.10942190388366,-26.8652371956521],[-49.1092938878177,-26.86523965744808],[-49.10929777579054,-26.8653492741311],[-49.10948124290339,-26.86534045983901],[-49.10965223042726,-26.86533197028437],[-49.10978075655999,-26.86532522861761],[-49.10996197174249,-26.86531566331475],[-49.1101131073493,-26.86530765052105],[-49.1101382141234,-26.86530726149942],[-49.11015064747985,-26.86530911108891],[-49.11016110250067,-26.86531227907199],[-49.11016823032356,-26.86531660209507],[-49.11017546484122,-26.86532249794374],[-49.11018256051997,-26.86532996513974],[-49.1101864463157,-26.86533673684255],[-49.11018946470454,-26.86534416846845],[-49.11019039464524,-26.86535173282638],[-49.11020625781814,-26.86554268717746],[-49.11021120384174,-26.86561044713367],[-49.11021891126025,-26.86573003249198],[-49.11022711975762,-26.86583146455565],[-49.11023916046454,-26.86599900799956],[-49.110249831643,-26.86614402358018],[-49.1102482119393,-26.86615433921709],[-49.11024262724533,-26.86616464244851],[-49.11023533306411,-26.86617577034599],[-49.11023092952274,-26.86617967831668],[-49.11009522325455,-26.86620915158689],[-49.10998080778811,-26.86623568544613],[-49.10984358712899,-26.86626628720443],[-49.10969771431814,-26.86629961803666],[-49.10954223136278,-26.86633760746025],[-49.10936346323329,-26.86638298332054],[-49.10913487788764,-26.86644254169018],[-49.10901967682586,-26.86647307893232],[-49.10900952162833,-26.86647372287502],[-49.10899938909616,-26.86647233901465],[-49.10899164603394,-26.86646882092721],[-49.10898334242926,-26.86646257946402],[-49.10897779880244,-26.8664561908061],[-49.10897286536296,-26.86644603300036],[-49.10896879177115,-26.86643385588724],[-49.1089669550205,-26.8664242422591],[-49.10896378381079,-26.86634125057341],[-49.10895752108859,-26.86617477184517],[-49.10894931807537,-26.86600085061891],[-49.10894278826836,-26.8658443165889],[-49.10893714597733,-26.86572414599496],[-49.10893219167288,-26.86561918231191],[-49.1089274091674,-26.86548005812911],[-49.10892000144505,-26.86533764048702],[-49.10891333371799,-26.86518020291876],[-49.10890631407108,-26.86502123436925],[-49.10890022246113,-26.86488016293511],[-49.1088926877537,-26.86472529604993],[-49.10888820569941,-26.86461354312063],[-49.10888375569978,-26.86449478205477],[-49.10887701846757,-26.86434557691251],[-49.10887218303899,-26.86420249687918],[-49.10886791742218,-26.8640698700727],[-49.10886480943321,-26.86396081800195],[-49.10886195187747,-26.86385576772806],[-49.10885537322579,-26.86374627297772],[-49.10884534935862,-26.86344794043078],[-49.10877810823077,-26.86344917975471],[-49.10879044269066,-26.86389262366383],[-49.10879657438571,-26.86404736979603],[-49.10880326082592,-26.86423948581075],[-49.10881211305021,-26.86444908045854],[-49.10881795228524,-26.86459279399506],[-49.10882770950822,-26.86483933357456],[-49.1088437016293,-26.86519110669697],[-49.10885283793314,-26.86542736293709],[-49.1088645112033,-26.86564033938193],[-49.10886845163025,-26.86574127299912],[-49.10887456796105,-26.86586095351531],[-49.10887872157772,-26.86598409715352],[-49.10888520143929,-26.86613207401845],[-49.10889160201878,-26.8662977007472],[-49.10889803399014,-26.86646053349387],[-49.10889839241492,-26.86648078865818],[-49.10889530433992,-26.8664920666353],[-49.10888887096317,-26.86650679464891],[-49.1088842563512,-26.86651358621316],[-49.10887739861681,-26.86652024847496],[-49.10887218471392,-26.86652337926271],[-49.10867632753211,-26.86659233659567],[-49.1084799877305,-26.86665617314862],[-49.10823920766196,-26.86672929057869],[-49.10797190674901,-26.86680784348065],[-49.10779745642309,-26.86685499543512],[-49.10757569889548,-26.86689484537057],[-49.10750174332973,-26.86690845876254],[-49.10734809859192,-26.86692831756975],[-49.10726374174271,-26.86693939787715],[-49.10707939622384,-26.86697439127428],[-49.10707877201722,-26.86697452642364]]
     ]
    },
    "properties": {
    "OBJECTID": 61829,
    "SHAPE.LEN": 1335.35026947117
    }
  },
  {
   "type": "Feature",
    "geometry": {
    "type": "LineString",
     "coordinates": [
      [[-49.10552632208436,-26.87375504777376],[-49.10561782974844,-26.87380151663827],[-49.1056970767071,-26.87384889513601],[-49.10576662517543,-26.87389043473548],[-49.10582779843413,-26.87391678890349],[-49.105874458,-26.87393182415296],[-49.10593092525421,-26.87394826621481],[-49.10598436110644,-26.87396114303532],[-49.10603536454219,-26.87396585677139],[-49.10605485692506,-26.87396699086121]]
     ]
    },
    "properties": {
    "OBJECTID": 61183,
    "SHAPE.LEN": 58.3215641537957
    }
  },
  {
   "type": "Feature",
    "geometry": {
    "type": "LineString",
     "coordinates": [
      [[-49.10477095641532,-26.87362416105479],[-49.10477977128942,-26.87364417670686],[-49.10480191172982,-26.87375150723333],[-49.1048839136971,-26.87372612540726],[-49.1048767541782,-26.87364897688514],[-49.10488210505017,-26.87363735841918],[-49.10489160537067,-26.8736229145687],[-49.10489875401309,-26.87361496303484],[-49.10490422408955,-26.87361092153449],[-49.10490870776133,-26.8736088759502],[-49.10491514904054,-26.87360767255651],[-49.10493477544576,-26.87360734370588],[-49.10497307445029,-26.87361155526787],[-49.10502796263268,-26.87362157809981],[-49.10510403109715,-26.87363646918275],[-49.10519404486023,-26.87365602134138],[-49.10528590647261,-26.87367919771976],[-49.10530566784733,-26.87368707238842],[-49.10531743844724,-26.87369419184511],[-49.10532716886475,-26.87370288602492],[-49.10533003515313,-26.8737076007376],[-49.10533446616831,-26.87371861208399]]
     ]
    },
    "properties": {
    "OBJECTID": 61186,
    "SHAPE.LEN": 82.50848835743609
    }
  },
  {
   "type": "Feature",
    "geometry": {
    "type": "LineString",
     "coordinates": [
      [[-49.10460283763356,-26.87364979471233],[-49.10451382518811,-26.87369047043751],[-49.1045046644925,-26.8736843706459],[-49.10444546747907,-26.87371182636262],[-49.10435724000976,-26.87375358568529],[-49.10426404451899,-26.87379553011222],[-49.10426053403857,-26.87379908611558],[-49.10425850976234,-26.87380242107073],[-49.10425685019064,-26.87380657865802],[-49.10425591534359,-26.8738127226226],[-49.10425559112731,-26.87383378452281]]
     ]
    },
    "properties": {
    "OBJECTID": 61166,
    "SHAPE.LEN": 42.4157594629674
    }
  },
  {
   "type": "Feature",
    "geometry": {
    "type": "LineString",
     "coordinates": [
      [[-49.10658358618988,-26.87059846464596],[-49.10662951327877,-26.87062700596087],[-49.10667678239017,-26.87065461572695],[-49.10672023530831,-26.8706801606833]]
     ]
    },
    "properties": {
    "OBJECTID": 65957,
    "SHAPE.LEN": 16.3212036804795
    }
  },
  {
   "type": "Feature",
    "geometry": {
    "type": "LineString",
     "coordinates": [
      [[-49.10587346162406,-26.8700659675881],[-49.10577490388604,-26.86994853912265]]
     ]
    },
    "properties": {
    "OBJECTID": 64610,
    "SHAPE.LEN": 16.2857632458537
    }
  },
  {
   "type": "Feature",
    "geometry": {
    "type": "LineString",
     "coordinates": [
      [[-49.1051003078188,-26.86860029875743],[-49.10508423379186,-26.86860932745567],[-49.10507138331894,-26.86862402968788],[-49.10506510189536,-26.86863346950221],[-49.10505739045102,-26.86864676673037],[-49.10505335034969,-26.86866169722295],[-49.10504996122562,-26.86867947506622],[-49.10504774990735,-26.86870484046637],[-49.10504851820372,-26.86873566131695],[-49.10504906102591,-26.86876491496877],[-49.10504998455055,-26.86883718989261]]
     ]
    },
    "properties": {
    "OBJECTID": 61156,
    "SHAPE.LEN": 28.0205227170201
    }
  },
  {
   "type": "Feature",
    "geometry": {
    "type": "LineString",
     "coordinates": [
      [[-49.10477836926935,-26.86870788251446],[-49.10478528569164,-26.86870605187512]]
     ]
    },
    "properties": {
    "OBJECTID": 61162,
    "SHAPE.LEN": 0.716617924699069
    }
  },
  {
   "type": "Feature",
    "geometry": {
    "type": "LineString",
     "coordinates": [
      [[-49.10697779391206,-26.86699554609458],[-49.10686133685066,-26.86702650335825],[-49.10677846356622,-26.86705068077037],[-49.10674608879241,-26.86706281549914],[-49.10672417385079,-26.86707239434315],[-49.10667939396983,-26.86709287782289],[-49.10664306660497,-26.86711192570505],[-49.10660600410427,-26.86713275264693],[-49.10656511471529,-26.86716025705804],[-49.10652152672628,-26.86719104860757],[-49.10641933793991,-26.86726665971173],[-49.10641465473277,-26.86726746975455],[-49.10640683943176,-26.86726708161851],[-49.10639754975278,-26.86726476024962],[-49.10638767014256,-26.86726051659679],[-49.10637698363333,-26.86725402372524],[-49.10637134379129,-26.86724900741154],[-49.10636740179393,-26.86724398857694],[-49.1063649598459,-26.86723887882568],[-49.10636480135851,-26.86723594782064],[-49.10635751310489,-26.86709036012123],[-49.10634985650717,-26.86693154374217],[-49.10634492078931,-26.86679033169397],[-49.10633829418411,-26.8666411542558],[-49.10633135753183,-26.86645374376167],[-49.10632613354178,-26.86628761023643],[-49.10632377577267,-26.86615041130892],[-49.10631849930768,-26.86602959215448],[-49.10631214896526,-26.86587434402249],[-49.10630793783791,-26.8657528260996],[-49.1063053093533,-26.86564196451814],[-49.1063021707513,-26.86554746624749],[-49.1062958537776,-26.8654103315903],[-49.10629287063907,-26.86521474068593],[-49.10622712104925,-26.86521561243354],[-49.10623103101801,-26.86545227606032],[-49.10623705496239,-26.86571614839258],[-49.10624045757596,-26.86584372535077],[-49.10624544486907,-26.86598521880723],[-49.1062494126858,-26.86613818938282],[-49.10625544978443,-26.86628644009969],[-49.10626093803947,-26.86643724950236],[-49.10626928653195,-26.86667153560228],[-49.10627628453922,-26.86685169285475],[-49.10628234134867,-26.86697459929832],[-49.10629049602455,-26.86715920823963],[-49.10629911250491,-26.86730281090615],[-49.10630375324122,-26.86738126421651],[-49.10630167405449,-26.86738675835524],[-49.10623341387092,-26.86747390679168],[-49.10598247952633,-26.86779528122361],[-49.10596331681325,-26.86781948075947]]
     ]
    },
    "properties": {
    "OBJECTID": 61222,
    "SHAPE.LEN": 600.841835654386
    }
  },
  {
   "type": "Feature",
    "geometry": {
    "type": "LineString",
     "coordinates": [
      [[-49.10596331681325,-26.86781948075947],[-49.1059594635518,-26.86781668616414],[-49.10595634547477,-26.86781210979618],[-49.10595530839191,-26.86780839440435],[-49.10595493109938,-26.86780313360868],[-49.10597535846603,-26.86776718134669],[-49.10601442399133,-26.86770269191751],[-49.10604380905045,-26.86764888025596],[-49.10605168832742,-26.86763262654844],[-49.10605505998241,-26.86762132085773]]
     ]
    },
    "properties": {
    "OBJECTID": 61225,
    "SHAPE.LEN": 24.5984518944422
    }
  },
  {
   "type": "Feature",
    "geometry": {
    "type": "LineString",
     "coordinates": [
      [[-49.1025143906472,-26.87662504601915],[-49.1024691685824,-26.87668390426007],[-49.10242531332487,-26.87674547143499],[-49.10236456143473,-26.87683751111101],[-49.10231326931738,-26.8769187105678],[-49.10227800982297,-26.87696783283972],[-49.10220508838202,-26.87706335809829],[-49.10214137485936,-26.8771394417742],[-49.10208374646567,-26.87721016460576],[-49.10200387981091,-26.87731629923971],[-49.10195263948454,-26.87739370659532],[-49.1019160469278,-26.87745380247489],[-49.10184867275507,-26.87758883939005],[-49.10180506967028,-26.87768792096058],[-49.10175238558691,-26.8778007558613],[-49.10174635581863,-26.87781327666619],[-49.10172247935125,-26.87786353734029],[-49.10171477521947,-26.87788199447961],[-49.1016901220549,-26.87793096936451],[-49.10161638091979,-26.8780441584759],[-49.1015466202406,-26.87814386142763],[-49.10150384743927,-26.87820599699361],[-49.10147206256711,-26.87825319448571],[-49.10146936052504,-26.8782572053426],[-49.10146357758736,-26.87826741974727],[-49.10145901647298,-26.87827811991318],[-49.10145361942535,-26.87829463409647],[-49.10143564793499,-26.87834169770072],[-49.10141003061299,-26.87839185909671],[-49.1013960649955,-26.87841651672893],[-49.10133835360308,-26.87850424179],[-49.10133692921563,-26.87850636085854],[-49.10132661987797,-26.87851995595984],[-49.10131493556477,-26.87853259299492],[-49.10131027854955,-26.87853668407782],[-49.10129484170491,-26.87855216886132],[-49.10128126337013,-26.87856900812196],[-49.10126969260762,-26.87858701522453],[-49.10126025547144,-26.8786059951013],[-49.10123801453741,-26.87865201838093],[-49.10120082120661,-26.87873144915025],[-49.10119751013097,-26.87873913795131],[-49.10117365725775,-26.87880590430529],[-49.10115770630861,-26.87887454411638],[-49.10114945075401,-26.87891664771531],[-49.10113317723616,-26.87901614509902],[-49.10112660650461,-26.87906583857099],[-49.10112188628665,-26.87916975232253],[-49.10112946072194,-26.87925119553194],[-49.10115078681531,-26.8793598125246],[-49.10116267823935,-26.87940482245569],[-49.10119822345123,-26.87950638826455],[-49.10124455431503,-26.87961591357017],[-49.10133505378145,-26.87981771205203],[-49.10141827210742,-26.88000176358081],[-49.10149771587118,-26.88017758696628],[-49.10155611465726,-26.88031094632733],[-49.10160507545222,-26.88044123371669],[-49.10160694358782,-26.88044538722194]]
     ]
    },
    "properties": {
    "OBJECTID": 61196,
    "SHAPE.LEN": 467.853001755905
    }
  },
  {
   "type": "Feature",
    "geometry": {
    "type": "LineString",
     "coordinates": [
      [[-49.10393703712744,-26.87566232477828],[-49.10393395816732,-26.87560165979158],[-49.10393313181903,-26.87557675280662],[-49.10393383186888,-26.87556797467174],[-49.10393654879061,-26.87555685071824],[-49.10393978363895,-26.87554689714247],[-49.10395549332924,-26.87551344711006],[-49.10398320849985,-26.87546623045977],[-49.10402180288285,-26.87540060273031],[-49.10406402307836,-26.87532842848346],[-49.10409961951642,-26.87527140000474],[-49.10418109370734,-26.87513681547478],[-49.10419166951122,-26.87512126510797],[-49.10419664325612,-26.87511699674983],[-49.10420032929,-26.87511486557403],[-49.1042078723383,-26.87511398839093],[-49.10421263320875,-26.87511475718953],[-49.10421734585695,-26.8751172700305],[-49.10422087391676,-26.87511966047171],[-49.10422437971119,-26.87512368699389],[-49.10422673166659,-26.87512888492797],[-49.10422836570332,-26.87514236524295],[-49.10423642452184,-26.87538118174862],[-49.10424054397998,-26.87548137931466],[-49.10424204962377,-26.87551872125137],[-49.1042447200287,-26.87565980074242],[-49.10425122469302,-26.87578606616781],[-49.10425697675537,-26.87589983067188],[-49.10426668037047,-26.87614062602378],[-49.104270710094,-26.87623311252919],[-49.10427369793232,-26.87630594488772],[-49.10427764898552,-26.87637377001401],[-49.10428540279153,-26.87655275209745],[-49.10429013091736,-26.87666702093413],[-49.10429441165787,-26.87676243967808],[-49.10429483081135,-26.87680131947023],[-49.10429409229771,-26.87680757798638],[-49.10429190724939,-26.87681155702946],[-49.10428915148759,-26.87681475399992],[-49.10428582386545,-26.87681729795143],[-49.10428211730179,-26.87681914814873],[-49.10427839571724,-26.87682033023437],[-49.10421562384332,-26.87682191496464],[-49.10417509616475,-26.87682260585625],[-49.10414595212872,-26.87682322024171],[-49.10407103795792,-26.8768254100622],[-49.10404857800098,-26.87682427556908],[-49.10404015390187,-26.87682221294243],[-49.10403374343969,-26.87681980908546],[-49.10402391887141,-26.87681385288314],[-49.10401774387397,-26.87680843666232],[-49.10401075046661,-26.87679904802992],[-49.10400686965854,-26.87679228074573],[-49.10400468333796,-26.87678379061031],[-49.10399718766225,-26.87667000452209],[-49.10399136018381,-26.87655643306992],[-49.10398116670235,-26.87638067295453],[-49.10397408502791,-26.87625776100473],[-49.1039656254548,-26.87611850648016],[-49.10395773721622,-26.87599790965387],[-49.10395112787305,-26.87587769553456],[-49.1039424264371,-26.87575631337705],[-49.10393703712744,-26.87566232477828]]
     ]
    },
    "properties": {
    "OBJECTID": 61231,
    "SHAPE.LEN": 413.104432504322
    }
  },
  {
   "type": "Feature",
    "geometry": {
    "type": "LineString",
     "coordinates": [
      [[-49.1027792808444,-26.87827633555647],[-49.10276949364621,-26.87826223217364],[-49.10275843296809,-26.87824073128746],[-49.10275190494048,-26.87821209590118],[-49.10274652871193,-26.87815035128009],[-49.10273857099104,-26.87800916205753],[-49.10272330371469,-26.87785775042221],[-49.1027151233476,-26.87774881913975],[-49.10270514667297,-26.8776019020983],[-49.10269749052848,-26.87749515126677],[-49.10268812502835,-26.87737058129729],[-49.1026848008247,-26.87727672875097],[-49.10268028825287,-26.87718340088986],[-49.10267500352304,-26.87706892963661],[-49.10267066061792,-26.87695784848695],[-49.10266707114096,-26.87687813310378],[-49.10266160211879,-26.87679307988862],[-49.10265743150181,-26.87673827965738],[-49.10266858704038,-26.87665555091268],[-49.10267563517285,-26.87660361540498],[-49.10267531125074,-26.87659203365327],[-49.10267252841911,-26.87658395157977],[-49.10266682778116,-26.87657424268168],[-49.10266105510737,-26.87656625584236],[-49.10264682578622,-26.87654381432832],[-49.10263571603852,-26.87651712564555],[-49.10262449565374,-26.87648615363373]]
     ]
    },
    "properties": {
    "OBJECTID": 61190,
    "SHAPE.LEN": 200.451124178062
    }
  },
  {
   "type": "Feature",
    "geometry": {
    "type": "LineString",
     "coordinates": [
      [[-49.10400127750025,-26.87052758162163],[-49.10399658367145,-26.87052817481582],[-49.10398769376067,-26.87052631083836],[-49.10397829068172,-26.87052232883587],[-49.10396987817451,-26.87051839261761],[-49.1039645854211,-26.87051404516511],[-49.10395682008033,-26.87050624645713],[-49.10395361734769,-26.87049878245448],[-49.10394720073521,-26.87038474811978],[-49.10393540921442,-26.87021205417756],[-49.10392703995261,-26.86997575608851],[-49.10391825733329,-26.86970716799885],[-49.10391424855029,-26.86960559451505],[-49.1039135254945,-26.8695556729419],[-49.10390127748487,-26.86951036054763],[-49.10389112169627,-26.86948912551926],[-49.10388296701267,-26.86947915087547],[-49.10387092077042,-26.86947193465122],[-49.1038559964807,-26.86946638839327],[-49.10383506759941,-26.86946116049952],[-49.10380734904459,-26.86945824596886],[-49.10380756763051,-26.86950220824495],[-49.10380976321271,-26.86950223409756],[-49.1038183411303,-26.86950276619875],[-49.10382688316332,-26.86950418234802],[-49.10383894937496,-26.86950827139813],[-49.10385290101133,-26.86952415992694],[-49.10386486862284,-26.86955490991782],[-49.10387493550002,-26.8695853347452],[-49.10388677210703,-26.86970929440217],[-49.10391049801472,-26.87019559076803],[-49.10392686854833,-26.87052049074288],[-49.10393289227532,-26.87053851309231],[-49.10393864723883,-26.87055080766197],[-49.10394439414343,-26.87055791498629],[-49.10395368891035,-26.87056452836852],[-49.10396452178838,-26.87056726413888],[-49.10397921214628,-26.8705682609474],[-49.10399407008597,-26.87056753787715],[-49.10400796323924,-26.87056311210564]]
     ]
    },
    "properties": {
    "OBJECTID": 61178,
    "SHAPE.LEN": 260.2286376377421
    }
  },
  {
   "type": "Feature",
    "geometry": {
    "type": "LineString",
     "coordinates": [
      [[-49.1023695295741,-26.86715077571509],[-49.10231837873233,-26.86712259618773],[-49.10220919244313,-26.86706755716228],[-49.10212528274121,-26.86702253861909],[-49.1019676102707,-26.86694038363184],[-49.10180295187728,-26.86685146365879],[-49.10169876210578,-26.86678960106537],[-49.1015805359114,-26.86671829747213],[-49.10155220785112,-26.86670028137179],[-49.1015457099444,-26.86670857274041]]
     ]
    },
    "properties": {
    "OBJECTID": 65971,
    "SHAPE.LEN": 96.500484385793
    }
  },
  {
   "type": "Feature",
    "geometry": {
    "type": "LineString",
     "coordinates": [
      [[-49.1015457099444,-26.86670857274041],[-49.10148688274332,-26.8666693053842],[-49.10142702063802,-26.86662662588201],[-49.10135290031062,-26.86657042998076],[-49.10128752271289,-26.8665192886307],[-49.10121564774996,-26.86646032392609],[-49.10113702997184,-26.86639353075451],[-49.10105991634768,-26.8663252612746],[-49.10102372217677,-26.86628955438182],[-49.10101900305403,-26.86628468381918],[-49.10097668423968,-26.86624101146832],[-49.10092459873806,-26.86618551401391],[-49.10086019370536,-26.8661178096449],[-49.10076150786232,-26.86601590604699],[-49.1006881235802,-26.86594184318944],[-49.10059027894464,-26.86583303972323]]
     ]
    },
    "properties": {
    "OBJECTID": 61754,
    "SHAPE.LEN": 136.158312579663
    }
  },
  {
   "type": "Feature",
    "geometry": {
    "type": "LineString",
     "coordinates": [
      [[-49.09954313963512,-26.8841896876461],[-49.09958963882291,-26.88423206474866],[-49.09959300035317,-26.88423503342777],[-49.09959646764364,-26.88423793764146],[-49.09960003675959,-26.88424077192131],[-49.09960370073225,-26.88424353166066],[-49.09960745361427,-26.88424621136401],[-49.09961128942808,-26.88424880734064],[-49.09961520120491,-26.88425131498385],[-49.09961918194577,-26.88425373149177],[-49.09962246631274,-26.8842554165676],[-49.09962602831081,-26.88425687161067],[-49.0996298404725,-26.8842580538302],[-49.09963183052415,-26.88425852918571],[-49.09963386727971,-26.88425892032712],[-49.09963594575287,-26.88425922447962],[-49.09963805998116,-26.8842594370501],[-49.09964019996168,-26.88425955429366],[-49.09964235968671,-26.88425957432432],[-49.09964453014459,-26.88425949431309],[-49.09964670326964,-26.88425931505403],[-49.09964887104142,-26.88425903463411],[-49.09965102236016,-26.88425865470912],[-49.0996531501665,-26.88425817608668],[-49.09965524637959,-26.88425760046324],[-49.09965730188213,-26.88425693132643],[-49.09965930956947,-26.88425617219101],[-49.09966126232179,-26.88425532747407],[-49.09966315303445,-26.88425440069035],[-49.09966497454236,-26.88425339896409],[-49.09966672375109,-26.88425232676656],[-49.09966839450185,-26.88425119123553],[-49.09966998368511,-26.88424999774463],[-49.09967290581148,-26.88424746470799],[-49.09967547418981,-26.88424477798663],[-49.09967768593178,-26.88424198989128],[-49.09969435973522,-26.88421724797862],[-49.09970851830507,-26.88419785159535],[-49.09971435988748,-26.88419095956731],[-49.09972050733088,-26.88418425577987],[-49.0997269483027,-26.88417775541094],[-49.09973366841245,-26.88417147631845],[-49.0997406543514,-26.88416543186199],[-49.09974788776419,-26.88415963623586],[-49.09975535133195,-26.88415410184314],[-49.09976302776601,-26.88414883928214],[-49.09978637360506,-26.88413428606973],[-49.09980605353131,-26.8841213000561],[-49.09981412421305,-26.88411623685023],[-49.09982227489663,-26.88411126497796],[-49.0998305014813,-26.88410638889702],[-49.09983880193931,-26.88410160948271],[-49.09984717119379,-26.88409692937443],[-49.09985560618045,-26.88409235123871],[-49.09986410183753,-26.8840878768126],[-49.0998726561373,-26.88408350697138],[-49.09990241215226,-26.88406838289108],[-49.09991244249502,-26.88406374588274],[-49.09992264695071,-26.88405941087196],[-49.09993300725458,-26.88405538663882],[-49.09994350723009,-26.88405167747855],[-49.09995113253991,-26.88404886833104],[-49.09995879961171,-26.88404615000274],[-49.09996650643286,-26.88404352246659],[-49.09997425094544,-26.88404098840262],[-49.0999820311519,-26.8840385468814],[-49.0999898430119,-26.88403619875114],[-49.09999768649524,-26.8840339458166],[-49.10000555859806,-26.88403178713478],[-49.10001273005765,-26.88403017501675],[-49.10001990264414,-26.88402855569288],[-49.10002707332347,-26.88402693002492],[-49.10003424108931,-26.88402529799935],[-49.10004140188619,-26.88402366136678],[-49.10004855472285,-26.88402201921128],[-49.10005569757158,-26.88402037240817],[-49.1000628273983,-26.88401872181922],[-49.10009836006243,-26.88401141410774],[-49.10017284206256,-26.88399695201823],[-49.10024483042341,-26.88398299519038],[-49.1002539997405,-26.88398127093261],[-49.10025762056559,-26.88398059305413],[-49.10026126561233,-26.88397961042961],[-49.10026489079871,-26.88397831073264],[-49.10026844689033,-26.88397668878817],[-49.10027188154324,-26.88397474479481],[-49.10027514119592,-26.88397249157087],[-49.10027817619136,-26.88396994920784],[-49.10028094076203,-26.88396714597274],[-49.10028339402109,-26.88396411922401],[-49.10028550607582,-26.88396091098085],[-49.10028725398719,-26.88395756877145],[-49.10028862789837,-26.88395414029995],[-49.10028962598803,-26.88395067428115],[-49.10029025753462,-26.88394721777393],[-49.10029053997276,-26.88394381162885],[-49.10029049582911,-26.88394049315461]]
     ]
    },
    "properties": {
    "OBJECTID": 58139,
    "SHAPE.LEN": 89.64198472297679
    }
  },
  {
   "type": "Feature",
    "geometry": {
    "type": "LineString",
     "coordinates": [
      [[-49.09663691010066,-26.88407333058872],[-49.09665812899257,-26.88412691734625],[-49.09665874068428,-26.88412813594566],[-49.09665914086826,-26.88412948256882],[-49.0966592890565,-26.8841309106387],[-49.09665916107385,-26.88413236116197],[-49.09665875697255,-26.88413377095889],[-49.09665810092629,-26.8841350789799],[-49.09665723502602,-26.88413623615037],[-49.09665621615503,-26.88413721164658],[-49.09664813657302,-26.88414159671027],[-49.09663163018463,-26.88415006430661],[-49.09658967239633,-26.88417107143042],[-49.09654760197644,-26.88419285233766],[-49.0965447047808,-26.88418788792869],[-49.09639575977953,-26.88426198065877],[-49.09622562003671,-26.88435106188516],[-49.09612344859071,-26.88440578991345],[-49.09602925332551,-26.88446331866982],[-49.09597500305069,-26.88449136518197],[-49.09587040472848,-26.88454614333954],[-49.09585463881353,-26.88455432477652],[-49.095852693873,-26.88455590243772],[-49.09585084687205,-26.884557642078],[-49.09584912110746,-26.88455953498565],[-49.09584753885458,-26.88456157333776],[-49.09584612048194,-26.88456374296766],[-49.0958448853821,-26.88456602789042],[-49.09584384997397,-26.88456840937322],[-49.095843027718,-26.8845708650331],[-49.09584242603673,-26.88457337240569],[-49.09584205139171,-26.88457590630592],[-49.09584190214853,-26.88457844414731],[-49.09584197571186,-26.88458096062273],[-49.09584226338784,-26.8845834339531],[-49.09584275447002,-26.88458584233222],[-49.09584343515728,-26.88458816842507],[-49.09584428759296,-26.88459039664711],[-49.09588245300392,-26.88464971858448],[-49.09591735067745,-26.88470330661344],[-49.09591754778607,-26.88470427773628],[-49.09591789495843,-26.8847052436614],[-49.09591839165722,-26.88470617640166],[-49.0959190302554,-26.88470705058206],[-49.09591979606654,-26.88470784163504],[-49.09592066629306,-26.88470852849398],[-49.09592161498226,-26.88470909817295],[-49.09592261406288,-26.88470954397549],[-49.09592366841527,-26.88470987499318],[-49.09592479116705,-26.88471008869523],[-49.09592595738697,-26.88471017120691],[-49.09592713598482,-26.88471011579106],[-49.09592829576439,-26.88470992202716],[-49.0959294074061,-26.88470959764317],[-49.09593044152975,-26.88470915397654],[-49.09593137866719,-26.88470861152414],[-49.09600261935666,-26.88466947754238],[-49.09608738055928,-26.88462298653606],[-49.09619779876942,-26.88456322319807],[-49.09636337848729,-26.88447634513285],[-49.0963799711743,-26.88450020636158],[-49.09628930776456,-26.88454489498431],[-49.09615155068021,-26.88461924562131],[-49.09600281719582,-26.88470066607113],[-49.09595140781334,-26.884727721022],[-49.09595039918243,-26.88472850530418],[-49.09594944220764,-26.88472939046879],[-49.09594855306582,-26.88473037222101],[-49.09594775096799,-26.88473144540436],[-49.0959470491628,-26.88473260026905],[-49.09594646393301,-26.88473382620366],[-49.09594600660543,-26.88473510801707],[-49.09594568550297,-26.88473642957506],[-49.09594550798762,-26.88473777202275],[-49.09594547335562,-26.8847391172991],[-49.09594557988175,-26.88474044823189],[-49.09594582183064,-26.88474174669224],[-49.09594619041762,-26.88474299631533],[-49.09594667173567,-26.88474418608278],[-49.09594725491184,-26.88474530411451],[-49.09594792196841,-26.88474634204496],[-49.09594926686732,-26.8847476544706],[-49.09595094994431,-26.88474878823166],[-49.09595190534485,-26.88474925781479],[-49.09595292349292,-26.88474964701178],[-49.0959539894146,-26.88474994840015],[-49.0959550901638,-26.88475015368218],[-49.0959562086632,-26.88475026082252],[-49.09595732684429,-26.88475026686987],[-49.09595842854532,-26.88475017521669],[-49.09595949859573,-26.88474999017135],[-49.09596148782181,-26.88474937344831],[-49.09596321574942,-26.88474849235802],[-49.0960156838263,-26.88472156991164],[-49.09605149563999,-26.88470219953894],[-49.09616332002305,-26.88464184053116],[-49.09630304588176,-26.88456671312369],[-49.09635520555356,-26.88454064564143],[-49.09649260359391,-26.88447701438667],[-49.09652987707175,-26.88453474102018],[-49.09656473497497,-26.88458777598677],[-49.09659557239701,-26.88463428438235],[-49.09662631493452,-26.88467906847226],[-49.09665319678883,-26.8847195620277],[-49.09669626714435,-26.88478702070769],[-49.09673541616458,-26.88484864372159],[-49.09668675561745,-26.88487258508439],[-49.09659731403039,-26.88492129419507],[-49.09651867288896,-26.88496476852844],[-49.09646809940558,-26.88499263642058],[-49.09646647477935,-26.88499408031253],[-49.09646573708703,-26.88499491428119],[-49.09646506464791,-26.8849958186277],[-49.09646447069552,-26.88499678450466],[-49.0964639654444,-26.88499780302392],[-49.09646355814814,-26.88499886257671],[-49.09646325603256,-26.88499995242944],[-49.09646306339518,-26.88500105639365],[-49.09646298041753,-26.88500216364084],[-49.09646300836305,-26.88500325884424],[-49.09646314242693,-26.88500432840041],[-49.09646337571614,-26.88500536319069],[-49.09646370240441,-26.88500635050045],[-49.09646459315972,-26.88500815502412],[-49.09648373564605,-26.88503663479766],[-49.0965217851622,-26.88509100888984],[-49.09655515564668,-26.88513893147329],[-49.09659235727607,-26.88519243035542],[-49.09665318450851,-26.88528102842616],[-49.09661088509076,-26.88530473686157],[-49.09660976962968,-26.88530348710371],[-49.09660848610413,-26.88530229555378],[-49.09660703814624,-26.88530118572775],[-49.09660543236176,-26.88530018388937],[-49.09660368546515,-26.8852993137309],[-49.09660181921765,-26.88529859811003],[-49.09659985745365,-26.88529805630206],[-49.09659783417671,-26.88529770140132],[-49.09659578247482,-26.88529754107427],[-49.09659373554184,-26.88529757667084],[-49.09659172969646,-26.88529780326497],[-49.09658979434917,-26.88529820771431],[-49.09658795692804,-26.88529877504467],[-49.09658623990511,-26.88529948570218],[-49.09658465777737,-26.88530031551258],[-49.09658322098623,-26.88530124205215],[-49.09654922630111,-26.88531932740199],[-49.09643978632359,-26.88537552093793],[-49.09636838268535,-26.88540466049225],[-49.09638659130991,-26.885431747652],[-49.09642960737691,-26.8854972254247],[-49.09647734624697,-26.8855670892777],[-49.09652218256946,-26.88563303020879],[-49.09657751491736,-26.8857127523256],[-49.0966192594492,-26.88577459357489],[-49.09667538799504,-26.88585768668336],[-49.09672393916846,-26.88592558566506],[-49.09681004333058,-26.88604406114061],[-49.09683872583476,-26.88608596348594],[-49.09687646966847,-26.88614575425867],[-49.09691338833837,-26.88620355184364],[-49.09694339317471,-26.88625124306876],[-49.09694896279978,-26.88626251910107],[-49.09695465569856,-26.88627376700905],[-49.09696047293792,-26.88628498319675],[-49.0969664115291,-26.88629616581873],[-49.09697247051115,-26.8863073121543],[-49.09697864890801,-26.88631842038513],[-49.09698494476752,-26.88632948687462],[-49.09699135709847,-26.88634051070678],[-49.09699453448358,-26.88634617838095],[-49.09699757783728,-26.88635191555286],[-49.09700048619856,-26.88635771950186],[-49.09700325563275,-26.88636358475944],[-49.09700588415742,-26.88636950949376],[-49.09700837087201,-26.88637548737466],[-49.09701071179652,-26.88638151564079],[-49.09701290598507,-26.88638759066908],[-49.09701495151567,-26.88639370701819],[-49.09701684846392,-26.88639986017624],[-49.09701859385609,-26.88640604739548],[-49.09702018679169,-26.88641226234569],[-49.0970216283224,-26.88641850233332],[-49.097022915535,-26.8864247610011],[-49.09702405048751,-26.88643103566901],[-49.09702503124284,-26.88643732179807],[-49.09702671732463,-26.88644590726974],[-49.09702826404741,-26.88645451974629],[-49.0970296704653,-26.88646315560467],[-49.09703093665387,-26.88647181033301],[-49.09703206165208,-26.88648048121063],[-49.09703304347749,-26.88648916640567],[-49.0970338832271,-26.88649786051745],[-49.09703457893358,-26.88650656081171],[-49.09703513265491,-26.88651526460847],[-49.09703554143256,-26.88652396825755],[-49.09703580733962,-26.88653266817657],[-49.09703592842388,-26.88654136072892],[-49.09703590674334,-26.88655004323458],[-49.09703574234334,-26.88655871298644],[-49.0970354342931,-26.88656736545907],[-49.09703498465066,-26.88657599797245],[-49.09703256281151,-26.88663835241767],[-49.0970297582626,-26.88672378603347],[-49.09702954410909,-26.88673734708595],[-49.09702945189925,-26.88673870512562],[-49.09702948779096,-26.88674010731237],[-49.09702966006184,-26.88674154021906],[-49.09702997701969,-26.88674298861381],[-49.09703044302256,-26.8867444326986],[-49.09703105936411,-26.88674585534191],[-49.0970318223516,-26.88674723663727],[-49.09703272425183,-26.88674855752634],[-49.09703375528863,-26.88674980072843],[-49.09703489963265,-26.88675094978388],[-49.09703614238526,-26.88675199275846],[-49.09703746358588,-26.88675291945484],[-49.09703884322856,-26.8867537223829],[-49.09704026220784,-26.88675440038261],[-49.09704170041193,-26.88675495228045],[-49.09704314067246,-26.88675538145541],[-49.09708608988463,-26.88676494797398],[-49.09718748479731,-26.88678965195697],[-49.09728040529772,-26.88681123883074],[-49.09739011894134,-26.8868334607271],[-49.0974804637161,-26.88684855753858],[-49.09750218893803,-26.88685184222046],[-49.09752397698044,-26.88685480191461],[-49.09754581779482,-26.88685743558306],[-49.09756770438187,-26.88685974042378],[-49.09763771433423,-26.88686726950591],[-49.09769631594063,-26.88687250579181],[-49.09774204072337,-26.88687586275526],[-49.09780235694043,-26.88688047403907],[-49.09786219589228,-26.88688443352659],[-49.09793444061675,-26.88688919005445],[-49.09804900619982,-26.88689704636876],[-49.09816333445557,-26.88690446976784],[-49.0981647920911,-26.88690470330609],[-49.09825966112932,-26.88691081219923],[-49.09833725199277,-26.88691627953017],[-49.09845036720798,-26.88692347245474],[-49.09854210268141,-26.88692760564908],[-49.09854429714285,-26.88692741767061],[-49.09854817194997,-26.88692786877451],[-49.09855222441787,-26.88692798921872],[-49.09855430223677,-26.88692791429722],[-49.09855640483345,-26.88692774223082],[-49.09855852420241,-26.88692747020401],[-49.09856065232309,-26.88692709630365],[-49.09856278021392,-26.88692661589594],[-49.0985648987875,-26.8869260306637],[-49.09856699701937,-26.88692533775077],[-49.09856906583722,-26.88692453793762],[-49.09857109613863,-26.88692363380942],[-49.09857307682353,-26.88692262702191],[-49.09857499978071,-26.88692152107621],[-49.09857685386477,-26.88692032033516],[-49.09857863194063,-26.8869190301182],[-49.09858032586685,-26.88691765573116],[-49.09858192946935,-26.88691620521417],[-49.0985834345765,-26.88691468567784],[-49.09858483705712,-26.88691310338459],[-49.09858613371088,-26.8869114691223],[-49.09858732040663,-26.88690978915339],[-49.0985883949806,-26.88690807247452],[-49.09858935627534,-26.8869063280959],[-49.09859020516123,-26.88690456415243],[-49.09859094249354,-26.88690278968144],[-49.09859156918798,-26.88690101011072],[-49.09859250216531,-26.88689747012286],[-49.09859303542007,-26.88689399696015],[-49.0985998355543,-26.88680215189035],[-49.09861508984013,-26.88665271429013],[-49.09861702667763,-26.88663322391488],[-49.09861876104829,-26.88661368207475],[-49.09862029083376,-26.88659409505926],[-49.0986216159435,-26.88657446828267],[-49.09862273630206,-26.88655480625686],[-49.09862365078235,-26.88653511618732],[-49.09862435929381,-26.88651540348829],[-49.09862486173082,-26.8864956744764],[-49.098625403392,-26.88639923316034],[-49.0986257167699,-26.88639338145131],[-49.09862592673607,-26.88638751390891],[-49.09862603121744,-26.88638163411558],[-49.09862603119014,-26.88637574388957],[-49.09862592659375,-26.88636984684044],[-49.09862571639174,-26.88636394475935],[-49.09862540052369,-26.88635804125582],[-49.09862497996574,-26.88635213814814],[-49.09862445465748,-26.8863462390458],[-49.09862382354725,-26.88634034664239],[-49.09862308962389,-26.8863344627833],[-49.0986222508143,-26.88632859105094],[-49.09862130910096,-26.88632273327713],[-49.09862026440834,-26.88631689397376],[-49.09861911774281,-26.88631107315438],[-49.09861787102642,-26.88630527626033],[-49.09861649976514,-26.88629699830722],[-49.09861499039334,-26.88628873293614],[-49.09861334187451,-26.88628048193829],[-49.09861155513948,-26.88627224983909],[-49.09860963017316,-26.8862640375409],[-49.09860756790639,-26.88625584956916],[-49.09860536832409,-26.88624768682622],[-49.0986030323571,-26.88623955383751],[-49.09860056098155,-26.88623145242131],[-49.09859795515852,-26.8862233852983],[-49.09859521583392,-26.88621535609152],[-49.09859234297757,-26.88620736660569],[-49.0985893395783,-26.88619941868622],[-49.09858620455427,-26.88619151683142],[-49.09858294190063,-26.88618366290023],[-49.09857955058087,-26.88617585868382],[-49.09857095942741,-26.88615945149246],[-49.09856208353033,-26.88614315780259],[-49.09855292581808,-26.88612698306903],[-49.09854348920406,-26.886110933649],[-49.09853377861429,-26.88609501592683],[-49.09852379597088,-26.88607923534381],[-49.09851354618477,-26.8860635991866],[-49.09850303319074,-26.88604811292361],[-49.09849060967662,-26.88603299085331],[-49.09847807630253,-26.8860179377041],[-49.09846543508117,-26.88600295350307],[-49.09845268499109,-26.88598803913902],[-49.09843983001238,-26.88597319737323],[-49.09842686913869,-26.88595842819212],[-49.09841380334619,-26.88594373341399],[-49.0984006356539,-26.88592911307941],[-49.09839188812828,-26.88591994335306],[-49.09838302543722,-26.88591085872321],[-49.09837404956318,-26.88590186102171],[-49.09836496349499,-26.88589295209391],[-49.0983557671873,-26.88588413464692],[-49.0983464656265,-26.8858754114556],[-49.09833705879746,-26.8858667834223],[-49.09832754968901,-26.88585825239239],[-49.09831416905479,-26.8858452294546],[-49.09830064657826,-26.88583232194109],[-49.09828698219899,-26.88581953346127],[-49.09827317992724,-26.88580686497172],[-49.09825924073913,-26.88579431829068],[-49.09824516660202,-26.88578189615232],[-49.09823096050471,-26.88576960040202],[-49.09821662345351,-26.88575743105328],[-49.09812640295257,-26.88568140246029],[-49.09810235972294,-26.8856617743747],[-49.09808986819597,-26.885650118159],[-49.09807723197346,-26.88563856740072],[-49.09806445500522,-26.88562712666588],[-49.09805154026493,-26.88561579870223],[-49.0980384927087,-26.88560458808935],[-49.09802531531022,-26.88559349757498],[-49.09801201406218,-26.88558252994752],[-49.09799859189289,-26.88557169066184],[-49.09798746820498,-26.88556256473183],[-49.09797638438558,-26.88555340233217],[-49.09796534041958,-26.88554420436524],[-49.09795433931086,-26.88553497177407],[-49.09794338104432,-26.88552570546107],[-49.09793246659606,-26.88551640724453],[-49.09792159898508,-26.88550707716512],[-49.09791077917238,-26.88549771794353],[-49.09790220509476,-26.88548985565285],[-49.09789377203863,-26.88548186709466],[-49.09788548398401,-26.88547375503034],[-49.09787734189186,-26.88546552218058],[-49.09786935071828,-26.88545717312502],[-49.0978615144735,-26.88544870882029],[-49.09785383405804,-26.88544013559658],[-49.09784631348209,-26.88543145441051],[-49.09783065558547,-26.88541046980881],[-49.09781510922878,-26.88538937659316],[-49.09779968032913,-26.88536818206387],[-49.097784371845,-26.88534688987113],[-49.09777952665682,-26.88534025565605],[-49.09777481478008,-26.88533353478353],[-49.09777023918841,-26.88532673000134],[-49.09776580384671,-26.88531984497323],[-49.09776151070712,-26.8853128833358],[-49.09775736274332,-26.88530584783683],[-49.09775336187726,-26.8852987439177],[-49.09774951108256,-26.88529157432622],[-49.09774581331776,-26.88528434271253],[-49.09774226850726,-26.88527705358852],[-49.09773887959445,-26.88526971150675],[-49.09773564853153,-26.88526232010381],[-49.09773257626433,-26.88525488300276],[-49.09772966372361,-26.88524740472906],[-49.09772691283128,-26.88523989072404],[-49.09772432456344,-26.88523234280604],[-49.09771559720096,-26.88520635106222],[-49.09770686508253,-26.88518034300748],[-49.09769812814768,-26.88515432225131],[-49.09768938636618,-26.88512829059845],[-49.09768476121219,-26.88511398923526],[-49.09768007333417,-26.88509970688391],[-49.09767532373849,-26.88508544355791],[-49.09767051340126,-26.88507120107558],[-49.09766564130106,-26.88505698032575],[-49.0976607074228,-26.88504278221076],[-49.09765571377916,-26.88502860675773],[-49.09765065934872,-26.88501445485547],[-49.09764242549515,-26.88498988950972],[-49.09763432520597,-26.88496528263866],[-49.09762635942695,-26.88494063786539],[-49.09761852716677,-26.88491595427399],[-49.09760719700751,-26.88487974007004],[-49.09759609322478,-26.88484347205182],[-49.09758521578815,-26.88480715202411],[-49.09757456570373,-26.88477078000053],[-49.09756190059763,-26.88473265962017],[-49.09754898195869,-26.88469459268648],[-49.09753580969647,-26.88465658461363],[-49.09752238676973,-26.88461863905176],[-49.09751829458403,-26.88460875666408],[-49.09751437259558,-26.88459880887534],[-49.09751062476922,-26.88458879934922],[-49.09750705302687,-26.88457873352713],[-49.09750365733823,-26.88456861321381],[-49.09750044063156,-26.88455844386418],[-49.09749740386779,-26.88454822819893],[-49.09749454899907,-26.88453796985468],[-49.09749187591953,-26.88452767514805],[-49.09748938661156,-26.8845173459109],[-49.0974870809995,-26.88450698665514],[-49.09748496201162,-26.88449660283566],[-49.09748302758986,-26.88448619713248],[-49.09748127968633,-26.88447577318223],[-49.09747971718889,-26.88446533728797],[-49.09747834207988,-26.88445489128156],[-49.09747742384801,-26.88443141188296],[-49.09747650871076,-26.8844079280131],[-49.097475596653,-26.88438444057433],[-49.09747468767475,-26.88436094956668],[-49.09747342363364,-26.88433359796284],[-49.09747184737518,-26.88430625749746],[-49.09746995885423,-26.88427893087764],[-49.09746775900178,-26.88425162262881],[-49.09746755898218,-26.8842478200808],[-49.09746711095988,-26.88424398079702],[-49.09746640960095,-26.88424012275716],[-49.09746545050226,-26.8842362684664],[-49.09746423230982,-26.88423243866575],[-49.09746275764963,-26.88422865685764],[-49.09746102919302,-26.88422494383734],[-49.09745905763168,-26.88422132231329],[-49.09745685066856,-26.88421781314853],[-49.09745442408742,-26.8842144355098],[-49.09745179066815,-26.88421120762077],[-49.09744897028029,-26.88420814509289],[-49.0974459818021,-26.8842052626217],[-49.09744284519379,-26.88420257040436],[-49.0974395824282,-26.88420007866521],[-49.09743621555375,-26.88419779311666],[-49.09742555053388,-26.88419332340824],[-49.09741476666734,-26.88418909850205],[-49.09740387494804,-26.88418512305905],[-49.0973928873611,-26.88418140265613],[-49.09738181390923,-26.88417794103828],[-49.09737066863553,-26.8841747411024],[-49.09735946355538,-26.88417180662061],[-49.09734820969287,-26.88416914044912],[-49.09731910214379,-26.88416049609643],[-49.09728988194733,-26.88415202712581],[-49.09726055512623,-26.88414373452088],[-49.09723112567543,-26.88413562014054],[-49.09720990565489,-26.88413014897732],[-49.09718867448947,-26.88412456213085],[-49.09716743820209,-26.88411886058484],[-49.09714620179415,-26.88411304621184],[-49.0971369576404,-26.88411058310019],[-49.09712774636784,-26.88410795977201],[-49.09711857297787,-26.88410517809987],[-49.09710944248702,-26.8841022390539],[-49.09710036190933,-26.88409914453377],[-49.09709133623109,-26.88409589731441],[-49.09708236947763,-26.88409249745005],[-49.09707346761132,-26.88408894953391],[-49.09706395264242,-26.88408468754153],[-49.09705454062633,-26.88408022836836],[-49.09704524057461,-26.88407557484354],[-49.0970360594862,-26.88407072976914],[-49.09702700533611,-26.88406569776552],[-49.09701808410181,-26.88406048252351],[-49.09700930375831,-26.88405508866351],[-49.09700066927675,-26.88404951986281],[-49.09699403259914,-26.88404480383581],[-49.09698745034574,-26.88404002355613],[-49.09698092449897,-26.88403518085564],[-49.09697445705633,-26.88403027666386],[-49.09696804798762,-26.8840253127855],[-49.09696170131809,-26.88402028927483],[-49.09695541802384,-26.88401520795018],[-49.09694919908096,-26.88401007062982],[-49.09694389070508,-26.88400525516136],[-49.09693866520246,-26.88400035957721],[-49.09693352357942,-26.88399538389098],[-49.09692846879445,-26.88399033175283],[-49.09692350284509,-26.88398520409225],[-49.09691862771368,-26.88398000274113],[-49.09691384538268,-26.88397472953134],[-49.09690915681301,-26.88396938718356],[-49.09690456599973,-26.88396397755679],[-49.09690007291256,-26.8839585024558],[-49.09689568054025,-26.88395296372599],[-49.09689138982861,-26.88394736499045],[-49.09688720276004,-26.88394170808104],[-49.09688311931942,-26.88393599390016],[-49.09687914345641,-26.88393022701391],[-49.09687527414955,-26.8839244083111],[-49.09686653182401,-26.88391200102157],[-49.09685784123094,-26.88389957005895],[-49.0968492043678,-26.88388711635275],[-49.0968406212195,-26.88387464080535],[-49.0968320937684,-26.88386214524862],[-49.0968236220145,-26.88384962968259],[-49.09681520691873,-26.88383709682793],[-49.09680685046349,-26.88382454851653],[-49.09679837206438,-26.88381146874837],[-49.09678983766938,-26.88379842703614],[-49.09678124926091,-26.88378542521167],[-49.09677260680873,-26.88377246507973],[-49.09676391234063,-26.88375954576503],[-49.09675516579611,-26.88374667087708],[-49.09674636818153,-26.88373384042942],[-49.09673752047294,-26.88372105624034],[-49.09671837715835,-26.88369365507221],[-49.09669933430161,-26.88366614604343],[-49.09668039284857,-26.88363853277708],[-49.09666155575762,-26.8836108189234],[-49.09664610817919,-26.88358752192535],[-49.09663056062683,-26.88356430481067],[-49.09661491404639,-26.88354117120239],[-49.09659916938374,-26.88351812472352],[-49.0965930864161,-26.88350938071454],[-49.09658713545009,-26.88350056808296],[-49.09658131945925,-26.88349168957665],[-49.09657563940453,-26.88348274791628],[-49.09657009728342,-26.88347374403135],[-49.09656469501777,-26.88346468336327],[-49.09655943460507,-26.88345556684152],[-49.09655431598481,-26.88344639807563],[-49.09654866763432,-26.88343856791495],[-49.09654283316281,-26.88343085258114],[-49.09653681650483,-26.88342325754266],[-49.09653062356219,-26.88341579100222],[-49.09652425927576,-26.88340845844185],[-49.09651772858638,-26.88340126534356],[-49.09651103741099,-26.88339421900771],[-49.09650419072067,-26.88338732311156],[-49.09649771808152,-26.88338147112291],[-49.09649107307704,-26.88337575400307],[-49.09648426165435,-26.88337017724764],[-49.0964772897455,-26.88336474725455],[-49.0964701633279,-26.88335946771467],[-49.0964628903462,-26.88335434505306],[-49.09645547676265,-26.88334938386296],[-49.09644793158873,-26.8833445869735],[-49.09643834274325,-26.88333855218588],[-49.09642854657007,-26.88333275649453],[-49.0964185560454,-26.88332720639233],[-49.09640838210257,-26.88332191014977],[-49.09639803671145,-26.88331687424616],[-49.09638753385455,-26.88331210518795],[-49.09637688653827,-26.88330760766329],[-49.09636610776906,-26.88330338636029],[-49.09635459169193,-26.88329859552172],[-49.09634303660453,-26.88329385018799],[-49.09633144450437,-26.88328915128856],[-49.09631981839524,-26.88328449976652],[-49.09630815926833,-26.88327989653777],[-49.09629646913626,-26.88327534162944],[-49.09628474998139,-26.88327083687339],[-49.09627300282518,-26.88326638138079],[-49.09626606126885,-26.88326382559483],[-49.0962590136506,-26.8832614723617],[-49.09625187096423,-26.88325932634244],[-49.09624464520986,-26.88325739221165],[-49.09623735041536,-26.8832556737687],[-49.09622999963251,-26.88325417299464],[-49.09622260487657,-26.88325289366168],[-49.09621518025102,-26.88325183505735],[-49.09620891766465,-26.883250266814],[-49.09620259173509,-26.88324887462191],[-49.09619621348638,-26.88324766133737],[-49.09618979194509,-26.88324662888722],[-49.09618333712895,-26.88324578011418],[-49.09617685911619,-26.88324511425149],[-49.09617036792456,-26.88324463414193],[-49.09616387364741,-26.88324433811637],[-49.09615782104817,-26.88324459410307],[-49.09615175394225,-26.88324457460775],[-49.09614569748752,-26.88324427996949],[-49.09613967281666,-26.88324371047313],[-49.09612445216639,-26.88324399452209]]
     ]
    },
    "properties": {
    "OBJECTID": 58136,
    "SHAPE.LEN": 1275.15756808785
    }
  },
  {
   "type": "Feature",
    "geometry": {
    "type": "LineString",
     "coordinates": [
      [[-49.1007571589515,-26.87124518124973],[-49.10075409157209,-26.87122234354089],[-49.1007509722429,-26.87119912153692],[-49.10074235255223,-26.87114766779195],[-49.10073878167226,-26.87113032725164],[-49.10073003386314,-26.87109593416817],[-49.10071868016708,-26.87105986877563],[-49.10071198633229,-26.8710421062707],[-49.10069734254828,-26.87100736947758],[-49.10068923611772,-26.87099030373039],[-49.10066717429763,-26.87094627082852],[-49.10064557080133,-26.87090305821219],[-49.1006187326958,-26.87084648743611],[-49.10059301879814,-26.87078979638054],[-49.10057286636383,-26.8707409395668],[-49.10056367595759,-26.87071623153305],[-49.10053730404579,-26.8706411668152],[-49.10052441155172,-26.87060366006155],[-49.1005135585384,-26.87056678906278],[-49.10050872066279,-26.87054240038227],[-49.10050366643122,-26.8705080749907],[-49.10049852539514,-26.87047316265718],[-49.1004692639028,-26.87047662782499],[-49.1004795469506,-26.87054645340892],[-49.1004869288674,-26.87058109079484],[-49.10049371509555,-26.87060385936063],[-49.10050912619371,-26.87064904212426],[-49.1005326433913,-26.87071630627797],[-49.10054510481643,-26.87074967792986],[-49.10056544162555,-26.87079924484879],[-49.10058265797799,-26.87083758323427],[-49.10061852292385,-26.87091365466652],[-49.1006620284527,-26.87100058394638],[-49.10068183118201,-26.87104513795946],[-49.10069045142212,-26.87106783278832],[-49.10070142154002,-26.87110252020168],[-49.10071215517391,-26.87114684128889],[-49.1007164779442,-26.87116911461107],[-49.10072172021703,-26.87120267171957],[-49.10072785598443,-26.8712483462491]]
     ]
    },
    "properties": {
    "OBJECTID": 61763,
    "SHAPE.LEN": 182.489231777603
    }
  },
  {
   "type": "Feature",
    "geometry": {
    "type": "LineString",
     "coordinates": [
      [[-49.10007053141259,-26.86615962345678],[-49.10008036082039,-26.86615173707855],[-49.10009067833565,-26.8661451145572],[-49.10010170664039,-26.86613949894313],[-49.10011332494538,-26.86613495179291],[-49.10012540665069,-26.86613152104636],[-49.10013782026139,-26.86612924645427],[-49.10015042749585,-26.86612815233236],[-49.10016309130485,-26.86612824947427],[-49.10017567379893,-26.86612953873399],[-49.10017719358851,-26.86612977127222],[-49.10019732236711,-26.86613386882074],[-49.1002169176291,-26.86613978060268],[-49.10023576610272,-26.86614744147308],[-49.10025365885748,-26.86615676739131],[-49.10031010967702,-26.86618824199723],[-49.10038809933984,-26.86623332550378],[-49.10042558761855,-26.86625445250278],[-49.10053286330805,-26.86630592544025],[-49.10065276678706,-26.8663586348745],[-49.10070584271111,-26.86638081431755],[-49.10076580899867,-26.86640735645742],[-49.10086510949522,-26.86644370030956],[-49.1009328973371,-26.86646886996915],[-49.10094729377196,-26.86647441393674],[-49.10104702892458,-26.86651932539202],[-49.10104699898073,-26.86651931054835],[-49.10104887868323,-26.86652028893307]]
     ]
    },
    "properties": {
    "OBJECTID": 61755,
    "SHAPE.LEN": 108.624613707635
    }
  },
  {
   "type": "Feature",
    "geometry": {
    "type": "LineString",
     "coordinates": [
      [[-49.09615323298715,-26.88317927498463],[-49.09615797671429,-26.88318156287284],[-49.09616280071889,-26.88318374533868],[-49.09616769899333,-26.88318582049602],[-49.09617266557533,-26.88318778375162],[-49.09617769242949,-26.88318963409459],[-49.09618277458473,-26.88319136784761],[-49.09618790301449,-26.88319298308385],[-49.09619307171109,-26.8831944779172],[-49.09620664665534,-26.88319803742112],[-49.09622027699919,-26.88320141444714],[-49.09623395676523,-26.88320460530431],[-49.09624768191301,-26.8832076108408],[-49.0962616682062,-26.8832108897663],[-49.09627562754264,-26.88321427573391],[-49.09628955691851,-26.88321776780058],[-49.09630345734018,-26.88322136597987],[-49.09631056896684,-26.88322362349754],[-49.09631764495744,-26.88322596537691],[-49.09632468329937,-26.88322839159088],[-49.09633167999764,-26.88323090028045],[-49.09633863204844,-26.88323349050256],[-49.09634553646307,-26.88323616041178],[-49.09635239022263,-26.88323890996746],[-49.09635919134472,-26.88324173733771],[-49.09636746813353,-26.8832446802679],[-49.09637568954643,-26.88324774429936],[-49.09638385053673,-26.88325093026668],[-49.09639194913722,-26.8832542354356],[-49.09639997932512,-26.8832576588224],[-49.09640793712059,-26.88326119766573],[-49.09641582052612,-26.8832648510361],[-49.09642362452529,-26.88326861796335],[-49.09643281864241,-26.8832727402852],[-49.09644191710927,-26.8832770445408],[-49.09645091091442,-26.883281527901],[-49.09645979507168,-26.88328618759089],[-49.0964685636188,-26.88329101901727],[-49.09647720954186,-26.88329602028045],[-49.09648572686346,-26.88330118768963],[-49.09649410962137,-26.88330651665157],[-49.09650221594676,-26.88331260456628],[-49.09651019834637,-26.88331881987922],[-49.09651805183396,-26.88332515981549],[-49.09652577445741,-26.88333162073848],[-49.09653336022419,-26.88333819985975],[-49.09654080617585,-26.88334489352911],[-49.09654810734128,-26.88335169806931],[-49.09655526277467,-26.8833586098573],[-49.09656161192332,-26.88336552431873],[-49.09656780983945,-26.88337257393383],[-49.09657385156704,-26.88337975412298],[-49.09657973115896,-26.88338705939058],[-49.09658544469577,-26.88339448336578],[-49.09659098722147,-26.88340202146895],[-49.09659635583809,-26.88340966644042],[-49.09660154561988,-26.8834174118958],[-49.09661715677008,-26.88344103693271],[-49.09663285872188,-26.88346464965295],[-49.09664865046903,-26.88348825004293],[-49.09666452905309,-26.88351183445243],[-49.09668049450437,-26.88353540107669],[-49.09669654482541,-26.88355894898618],[-49.09671267904018,-26.88358247636259],[-49.09672889620288,-26.8836059795828],[-49.09673673466065,-26.88361790355532],[-49.09674463722875,-26.88362978597009],[-49.09675260294622,-26.88364162410646],[-49.09676063079165,-26.88365341885321],[-49.09676872081038,-26.88366516750321],[-49.09677687199614,-26.8836768700429],[-49.09678508436404,-26.88368852556989],[-49.0967933559166,-26.88370013315468],[-49.09680003438869,-26.8837102823702],[-49.09680677644145,-26.88372042161117],[-49.09681358009254,-26.8837305490457],[-49.09682044636339,-26.88374066378498],[-49.09682737229554,-26.88375076217884],[-49.09683435587637,-26.88376084420013],[-49.09684139718149,-26.88377090533698],[-49.09684849319198,-26.88378094554872],[-49.09686287979195,-26.88380268933636],[-49.09687730330518,-26.88382439300401],[-49.09689176280096,-26.88384605202624],[-49.09690625330816,-26.88386766272574],[-49.09691163586202,-26.88387501904927],[-49.09691694522061,-26.88388241861279],[-49.09692218142932,-26.88388985870916],[-49.09692734346665,-26.88389734022724],[-49.09693242938044,-26.8839048595304],[-49.09693743915559,-26.88391241752102],[-49.09694237283742,-26.88392001149199],[-49.0969472284284,-26.88392764051383],[-49.09695229578043,-26.88393434544091],[-49.09695765472915,-26.88394088822206],[-49.09696329546839,-26.8839472533813],[-49.09696920717059,-26.8839534263315],[-49.09697537598916,-26.8839593924448],[-49.09698178702587,-26.88396513978696],[-49.09698842741019,-26.88397065554842],[-49.09699527919466,-26.88397592955904],[-49.09700140676954,-26.88398123352596],[-49.09700772538461,-26.88398636947912],[-49.09701422308498,-26.88399133003686],[-49.09702088997372,-26.88399610513743],[-49.09702771613882,-26.88400068562152],[-49.09703468858879,-26.88400506589856],[-49.09704179539896,-26.88400923678215],[-49.09704902354758,-26.88401319448651],[-49.09705579745625,-26.88401740962377],[-49.09706268245206,-26.88402148274739],[-49.09706966956882,-26.88402540832107],[-49.09707675182275,-26.88402918264042],[-49.09708392126906,-26.88403279928033],[-49.09709116689869,-26.88403625448216],[-49.09709848171271,-26.88403954544389],[-49.09710585572348,-26.88404266751807],[-49.09711410518465,-26.88404598460894],[-49.09712243894018,-26.88404913676056],[-49.09713085195843,-26.88405212390512],[-49.09713933827705,-26.88405494144941],[-49.09714789188828,-26.88405758750733],[-49.09715650576297,-26.88406006108158],[-49.0971651738934,-26.88406236028607],[-49.09717389025671,-26.88406448413708],[-49.09718616060238,-26.88406805846995],[-49.0971984498554,-26.88407152564968],[-49.09721075301432,-26.88407488380376],[-49.09722306405631,-26.88407813194845],[-49.0972353759522,-26.8840812690865],[-49.09724768472201,-26.88408429245655],[-49.09725998434289,-26.88408720107489],[-49.09727226979831,-26.88408999397138],[-49.09728466070807,-26.88409376216908],[-49.09729707043442,-26.88409742862787],[-49.09730949394572,-26.88410099327996],[-49.09732192825319,-26.88410445427992],[-49.09733436832519,-26.88410781156],[-49.09734681219441,-26.88411106238592],[-49.09735925380774,-26.88411420757875],[-49.09737169118274,-26.88411724530663],[-49.09737817924545,-26.88411929761194],[-49.09738470057534,-26.88412122671185],[-49.09739124114434,-26.8841230288071],[-49.09739778794584,-26.8841246992096],[-49.09740432693662,-26.88412623502246],[-49.09741084509495,-26.88412763245996],[-49.0974173293537,-26.88412889044353],[-49.09742376568479,-26.8841300051739],[-49.09742679324805,-26.88413001346062],[-49.09742982646046,-26.88412986477478],[-49.09743285121836,-26.88412955982897],[-49.09743585041427,-26.88412909839278],[-49.09743881195717,-26.88412848120592],[-49.09744172066153,-26.88412771347933],[-49.09744456137202,-26.8841267986192],[-49.09744732291328,-26.88412574279304],[-49.0974489892794,-26.88412462979447],[-49.09745058710749,-26.88412340214787],[-49.09745210520705,-26.88412206692316],[-49.09745353037498,-26.88412063116311],[-49.0974548513301,-26.88411910735189],[-49.09745606087698,-26.88411750441835],[-49.0974571507232,-26.88411583669205],[-49.09745811464945,-26.88411411492017],[-49.09745919863095,-26.8841103937496],[-49.09746010119354,-26.8841066268117],[-49.09746081712422,-26.88410282486721],[-49.09746134522018,-26.88409899963343],[-49.0974578945934,-26.88401085972424],[-49.0974573356342,-26.88399375375505],[-49.09745680073602,-26.88397665352536],[-49.09745629089006,-26.88395955995113],[-49.09745580704216,-26.8839424766554],[-49.097455348186,-26.88392540362461],[-49.09745491525228,-26.88390834538419],[-49.0974545072196,-26.88389130282296],[-49.09745412507911,-26.88387427685685],[-49.09745186613925,-26.88381011644694],[-49.09745047455247,-26.88374657425157],[-49.09744822816707,-26.8836817244401],[-49.09744359694319,-26.8836188173476],[-49.09744277969211,-26.88361683059629],[-49.09744180103712,-26.88361486513804],[-49.09744066171248,-26.88361293722913],[-49.09743936249777,-26.88361106041876],[-49.09743790915883,-26.88360925103097],[-49.0974363064703,-26.8836075244739],[-49.09743456426862,-26.8836058944187],[-49.09743269440289,-26.88360437456366],[-49.09743070978897,-26.88360297501107],[-49.09742862532512,-26.88360170769513],[-49.09742645802806,-26.88360057826052],[-49.09742422387795,-26.88359959414306],[-49.09742194094316,-26.88359875829387],[-49.09741962733741,-26.88359807095696],[-49.09741729916177,-26.88359753234914],[-49.09741497459044,-26.88359713910492],[-49.09740604977812,-26.88359436170337],[-49.09739707905575,-26.88359168116134],[-49.09738806646372,-26.88358909663064],[-49.09737901598192,-26.88358661087264],[-49.09736992963809,-26.88358422301203],[-49.09736081141213,-26.88358193581017],[-49.09735166534441,-26.88357974841889],[-49.09734249343241,-26.88357766176766],[-49.09732355157599,-26.88357385768566],[-49.09730459520927,-26.88357007867789],[-49.09728562838777,-26.88356632299382],[-49.09726665009003,-26.88356259152228],[-49.09724766231356,-26.88355888519274],[-49.09722866809242,-26.88355520314347],[-49.09720966840268,-26.8835515471928],[-49.09719066426576,-26.8835479164519],[-49.09718360990789,-26.88354668417483],[-49.09717657044645,-26.88354534378873],[-49.09716954993694,-26.88354389354305],[-49.09716255136811,-26.88354233528321],[-49.09715557875012,-26.88354066996583],[-49.09714863411075,-26.88353889671565],[-49.09714172144504,-26.88353701739163],[-49.09713484275054,-26.88353503292329],[-49.09712800305884,-26.8835329433784],[-49.09712120436748,-26.88353074968646],[-49.09711444966518,-26.88352845369289],[-49.09710774297724,-26.88352605545193],[-49.09710108627097,-26.88352355769782],[-49.09709448255016,-26.88352096137362],[-49.09708793584014,-26.88351826653355],[-49.09708144710187,-26.88351547589831],[-49.09707189519501,-26.8835116791407],[-49.09706238305583,-26.88350779175784],[-49.09705291470963,-26.88350381380394],[-49.0970434901413,-26.88349974618137],[-49.09703411134839,-26.88349558981967],[-49.09702478034351,-26.88349134474595],[-49.0970154971116,-26.88348701186258],[-49.09700626566278,-26.88348259212618],[-49.09699708599711,-26.88347808553677],[-49.09698796009697,-26.88347349392621],[-49.09697888896869,-26.88346881730808],[-49.09696987460981,-26.88346405661189],[-49.09696091801154,-26.88345921275355],[-49.09695202016507,-26.88345428664903],[-49.09694318407425,-26.8834492792414],[-49.09693440973908,-26.88344419053062],[-49.096920897941,-26.88343547732232],[-49.09690734403937,-26.88342681408991],[-49.09689374704298,-26.88341819991745],[-49.09688010994054,-26.88340963665035],[-49.09686643174082,-26.88340112337267],[-49.09685271341993,-26.88339266190268],[-49.09683895699047,-26.88338425226751],[-49.09682516245243,-26.88337589446715],[-49.09681350470525,-26.88336940490958],[-49.09680178615035,-26.88336300027671],[-49.09679000880038,-26.88335668059564],[-49.0967781726402,-26.88335044676872],[-49.09676628067362,-26.883344299739],[-49.09675433389181,-26.88333824042239],[-49.09674233328596,-26.88333226973481],[-49.09673027986234,-26.88332638768981],[-49.09671827965225,-26.88332039353858],[-49.0967062215777,-26.8833144888645],[-49.0966941086425,-26.88330867461059],[-49.09668194084664,-26.88330295077685],[-49.09666972018758,-26.88329731829277],[-49.09665744867797,-26.88329177718541],[-49.09664512628753,-26.88328632925955],[-49.09663275502886,-26.88328097454228],[-49.09660842197201,-26.88327286011825],[-49.09658404073816,-26.8832648578632],[-49.0965596143764,-26.88325696601305],[-49.09653514185013,-26.88324918635894],[-49.09651047391111,-26.88324189597239],[-49.09648575543424,-26.88323473848215],[-49.09646099042957,-26.88322771484479],[-49.09643617789071,-26.88322082504673],[-49.09642242246976,-26.88321704290335],[-49.09640859849371,-26.88321344757102],[-49.09639471198525,-26.88321004003343],[-49.09638076896709,-26.88320682127431],[-49.0963667754468,-26.88320379317975],[-49.09635273642564,-26.88320095762232],[-49.09633865995405,-26.88319831471046],[-49.09632455103329,-26.88319586631673],[-49.09631226853457,-26.88319338477131],[-49.09629994315226,-26.88319105969545],[-49.09628757888132,-26.88318889294813],[-49.09627518076841,-26.88318688369478],[-49.09626275180216,-26.88318503378081],[-49.09625029501661,-26.88318334234453],[-49.09623781541299,-26.88318181125849],[-49.09622531701653,-26.88318044057695],[-49.09621680570289,-26.88317905954789],[-49.09620826382293,-26.88317782071364],[-49.09619969442585,-26.88317672231018],[-49.09619110348897,-26.88317576802833],[-49.09618249406147,-26.88317495610406],[-49.09617387115975,-26.88317428750754],[-49.0961652387939,-26.88317376319539],[-49.0961566020106,-26.88317338233306],[-49.09615542371616,-26.88317342060657],[-49.09615427030206,-26.88317377602024],[-49.09615330021334,-26.88317442363226],[-49.09615262789652,-26.88317526118871],[-49.09615226119747,-26.88317624095873],[-49.09615223790944,-26.8831773300563],[-49.09615258457379,-26.88317838623185],[-49.09615323298715,-26.88317927498463]]
     ]
    },
    "properties": {
    "OBJECTID": 58194,
    "SHAPE.LEN": 372.0064368680351
    }
  },
  {
   "type": "Feature",
    "geometry": {
    "type": "LineString",
     "coordinates": [
      [[-49.09472578041541,-26.88365088247407],[-49.09483494820905,-26.88355655356096],[-49.09492182291898,-26.88347500584873],[-49.09505285690113,-26.88334878574461],[-49.095110836449,-26.88329616935293],[-49.09515099296978,-26.88325856614847],[-49.09523313298055,-26.8831810683236],[-49.09530520407672,-26.88311667819679],[-49.09530623576569,-26.88311445822868],[-49.09530714188494,-26.88311216345856],[-49.09530791423265,-26.88310980280165],[-49.09530854457675,-26.88310738697787],[-49.09530902770408,-26.88310492674785],[-49.09530935739519,-26.88310243285867],[-49.09530953141051,-26.8830999188188],[-49.09530954554319,-26.88309739540244],[-49.09530940156376,-26.88309487707471],[-49.09530909926038,-26.88309237646884],[-49.09530864247672,-26.88308990446756],[-49.09530803400475,-26.88308747464724],[-49.09530727970077,-26.88308509791772],[-49.09530638845513,-26.88308278432725],[-49.0953053651481,-26.88308054296743],[-49.09530422168896,-26.88307838392715],[-49.09521228128987,-26.88290348733823],[-49.09513359343315,-26.88277875325335],[-49.09519490546383,-26.88274971375245],[-49.09523733436075,-26.88282063820263],[-49.09528720982833,-26.88289959670946],[-49.09533055598438,-26.88296924913527],[-49.09535999217554,-26.88301348965597],[-49.09536267685186,-26.88301677693979],[-49.09536560740121,-26.8830199276393],[-49.09536877009836,-26.88302291990756],[-49.09537214618656,-26.88302573182977],[-49.0953757138296,-26.88302834505993],[-49.09537945215214,-26.88303074397276],[-49.0953833341956,-26.88303291556863],[-49.09538733295598,-26.8830348495551],[-49.09538989005571,-26.88303536059467],[-49.09539252004095,-26.88303566682926],[-49.09539519288878,-26.88303575792568],[-49.09539787548168,-26.88303562802193],[-49.09540053256845,-26.88303527844786],[-49.09540313287776,-26.88303471329471],[-49.09540564297431,-26.88303394565033],[-49.09540803645189,-26.88303298959993],[-49.09542244960871,-26.8830232943936],[-49.09543675223506,-26.88301346772422],[-49.09545094228803,-26.88300351136943],[-49.09546501673355,-26.88299342619093],[-49.09547897351355,-26.88298321486874],[-49.09549281159146,-26.88297287919405],[-49.09550652592058,-26.88296242000147],[-49.09552011647061,-26.88295183909575],[-49.09553596834738,-26.88293995917982],[-49.09555187865514,-26.88292813600957],[-49.09556784539642,-26.88291636865548],[-49.09558386956242,-26.88290465803342],[-49.09559995011657,-26.88289300593461],[-49.09561608506138,-26.88288141142949],[-49.09563227538806,-26.882869875434],[-49.09564852007517,-26.88285839883692],[-49.09566187896301,-26.88284884643956],[-49.09567520524556,-26.88283925749817],[-49.09568849691019,-26.88282963198562],[-49.0957017549632,-26.88281996991547],[-49.09571497737684,-26.88281027216299],[-49.09572816312965,-26.88280053961699],[-49.09574131220652,-26.88279077317987],[-49.09575442460743,-26.88278097285161],[-49.09576841444608,-26.88277082783229],[-49.09578233122227,-26.88276059788682],[-49.09579617290821,-26.88275028389044],[-49.09580993848247,-26.88273988673201],[-49.09582362692359,-26.88272940730035],[-49.09583723722527,-26.88271884558191],[-49.09585076732947,-26.8827082042567],[-49.09586421622989,-26.88269748331118],[-49.09586625874941,-26.88269602700641],[-49.09586821536097,-26.88269441159245],[-49.09587006686905,-26.88269264132344],[-49.0958717899924,-26.88269072400876],[-49.09587336439303,-26.88268867201036],[-49.09587477273679,-26.88268649863322],[-49.09587599761388,-26.88268422169423],[-49.09587702666119,-26.88268185817574],[-49.09587784742482,-26.88267943047431],[-49.09587845550136,-26.88267696109502],[-49.09587884853028,-26.88267447076536],[-49.0958790261183,-26.88267198294706],[-49.09587899395535,-26.88266951847608],[-49.09587876175658,-26.88266709824268],[-49.0958783382914,-26.88266473951408],[-49.09587773937334,-26.88266245965238],[-49.09586465828188,-26.88262866500453],[-49.09585147612808,-26.88259489516805],[-49.09583819588561,-26.88256115289074],[-49.095824817494,-26.88252744178209],[-49.09581915318709,-26.88251342420908],[-49.09581355881591,-26.88249937779356],[-49.09580803532624,-26.88248530615859],[-49.09580258370922,-26.88247121022012],[-49.09579720494089,-26.88245709179648],[-49.09579189999727,-26.88244295270598],[-49.09578666881782,-26.88242879655812],[-49.09578151240882,-26.88241462336649],[-49.09575379509062,-26.88234097935737],[-49.09573210978358,-26.8822825953109],[-49.09579151461486,-26.88226720929142],[-49.09586368210079,-26.88243129869201],[-49.09591428781722,-26.88256386280958],[-49.09596715082989,-26.88269489407332],[-49.09596786873158,-26.88269758169854],[-49.0959679727408,-26.88270050384238],[-49.09596803996707,-26.88270405910005],[-49.09596764077254,-26.88270523609616],[-49.0959534602623,-26.88271582895255],[-49.09595272704618,-26.88271663680477],[-49.09595082039647,-26.88271845416824],[-49.09594879437329,-26.88272012731531],[-49.09594667024528,-26.88272164840945],[-49.09594446722308,-26.88272301229414],[-49.09594220447198,-26.88272421651998],[-49.09588905143651,-26.88275993168692],[-49.0958124503333,-26.88281712529066],[-49.09574117427299,-26.88286984435188],[-49.09567572457149,-26.88291766601078],[-49.09561154079562,-26.88296628272591],[-49.09555228129953,-26.88301067675105],[-49.0955501126507,-26.88301299150683],[-49.09554809390488,-26.88301549060432],[-49.09554625140775,-26.88301816356778],[-49.0955446096134,-26.88302099267537],[-49.09554319195448,-26.88302396109404],[-49.09554201794433,-26.88302704561987],[-49.09554110410758,-26.88303022120348],[-49.09554046199786,-26.88303345911815],[-49.09554009912843,-26.88303673148529],[-49.09554001700491,-26.88304000854015],[-49.09554021211651,-26.88304325954773],[-49.09554067785784,-26.88304645824424],[-49.09554140161589,-26.8830495764797],[-49.0955423666768,-26.88305259056177],[-49.09554355323203,-26.88305548126922],[-49.09554493944536,-26.88305823025611],[-49.09555848516335,-26.8830750564161],[-49.09559760417719,-26.88312267130175],[-49.09563614853283,-26.88316494058575],[-49.09567402883631,-26.88320599506389],[-49.09569623326209,-26.88323294301776],[-49.09570587520304,-26.88324325227518],[-49.0957070156635,-26.88324432998401],[-49.09570826581955,-26.88324534869896],[-49.09570961879341,-26.88324629839896],[-49.09571106976529,-26.88324716638294],[-49.09571260885362,-26.88324794168673],[-49.09571422411879,-26.8832486160262],[-49.09571590566409,-26.88324917933955],[-49.09571763746411,-26.88324962689786],[-49.09571940552122,-26.88324995309694],[-49.09572119376468,-26.88325015591499],[-49.09572298609343,-26.88325023513495],[-49.09572476636107,-26.88325019324688],[-49.09572652142499,-26.88325003368391],[-49.0957282360997,-26.8832497616568],[-49.09572989916445,-26.88324938604004],[-49.09573149941363,-26.88324891480578],[-49.09573810914417,-26.88324598659496],[-49.09574475153811,-26.88324309131693],[-49.09575142354627,-26.88324023073577],[-49.09575812216481,-26.88323740390839],[-49.0957648473635,-26.88323461263952],[-49.09577159610827,-26.88323185779085],[-49.09577836538018,-26.88322913932167],[-49.09578515412753,-26.88322645992554],[-49.09581294729935,-26.88321435916581],[-49.09584079933153,-26.88320234945158],[-49.09586870821151,-26.88319043075571],[-49.09589667188134,-26.88317860575812],[-49.09590848526967,-26.88317370515031],[-49.09592027391484,-26.88316871936562],[-49.09593203072726,-26.88316365101622],[-49.09594374863247,-26.88315850181194],[-49.09595542150179,-26.88315327708561],[-49.09596704227589,-26.88314797764469],[-49.09597860281348,-26.88314260879489],[-49.09599009704642,-26.88313717225962],[-49.09599634837281,-26.88313418775818],[-49.09600267717066,-26.88313132524613],[-49.0960090773567,-26.88312858734918],[-49.09601554688812,-26.88312597584495],[-49.09602207968162,-26.88312349335918],[-49.09602867067544,-26.88312114162877],[-49.09603531480778,-26.88311892239066],[-49.09604200805338,-26.88311683559058],[-49.09604949402927,-26.8831155546463],[-49.09605701579446,-26.8831144204016],[-49.09606456827205,-26.8831134354958],[-49.09607214644562,-26.88311259895872],[-49.09607974324075,-26.88311191250013],[-49.0960873536108,-26.88311137695459],[-49.09609496950527,-26.8831109922136],[-49.09610258689896,-26.88311075822289],[-49.09610916763628,-26.88311015915654],[-49.09611578734128,-26.88310975737707],[-49.09612243088906,-26.88310955448576],[-49.0961290862039,-26.88310955031986],[-49.09613573816087,-26.88310974648068],[-49.09614237268676,-26.88311014187595],[-49.09614897671467,-26.88311073542697],[-49.09615553620162,-26.88311152423675],[-49.09616813679327,-26.88311370320615],[-49.09618074931705,-26.88311583088832],[-49.09619337276665,-26.8831179072697],[-49.0962060051294,-26.88311993232315],[-49.096218645399,-26.88312190603511],[-49.09623129159303,-26.88312382657373],[-49.09624394267494,-26.88312569573014],[-49.09625659565598,-26.88312751165896],[-49.0962743449947,-26.88313033404996],[-49.09629207596478,-26.88313329157789],[-49.09630978653852,-26.88313638511801],[-49.09632747169955,-26.88313961370016],[-49.0963451294353,-26.88314297729719],[-49.09636275475962,-26.88314647313421],[-49.09638034462341,-26.88315010297529],[-49.09639789504681,-26.8831538640591],[-49.09641249455616,-26.88315730918464],[-49.09642706738119,-26.88316084510947],[-49.09644161355217,-26.88316447002886],[-49.09645613303891,-26.88316818574755],[-49.09647062285273,-26.88317199042014],[-49.09648508399997,-26.88317588406018],[-49.09649951346172,-26.88317986662702],[-49.09651391123803,-26.88318393812064],[-49.09654200180059,-26.88319354731859],[-49.09657008180605,-26.88320318615392],[-49.09659814823549,-26.88321285458598],[-49.0966262000977,-26.88322255169883],[-49.09664225863447,-26.88322836767689],[-49.09665825323227,-26.88323433532732],[-49.09667417988101,-26.88324045369352],[-49.09669003758955,-26.88324672185958],[-49.09670582135661,-26.88325313795299],[-49.09672152817841,-26.88325970103073],[-49.09673715607259,-26.88326640926096],[-49.09675270102909,-26.88327326168707],[-49.09676757415308,-26.8832811033107],[-49.09678240074001,-26.8832890192198],[-49.09679717882262,-26.88329700668011],[-49.09681191039845,-26.88330506662117],[-49.0968265924637,-26.88331319809993],[-49.09684122401204,-26.88332140110284],[-49.09685580505862,-26.88332967472756],[-49.09687033560346,-26.8833380189741],[-49.09688407425573,-26.88334634803716],[-49.09689772020977,-26.88335480311357],[-49.09691127146812,-26.88336338327382],[-49.09692472502694,-26.88337208757491],[-49.09693807890387,-26.88338091418501],[-49.09695133011022,-26.88338986125873],[-49.09696447765478,-26.88339892788015],[-49.09697751755768,-26.88340811128797],[-49.09698829710004,-26.88341409077797],[-49.09699921989306,-26.88341987092217],[-49.09701028096559,-26.88342544804327],[-49.09702147135148,-26.88343081660495],[-49.097032785043,-26.88343597472112],[-49.09704421305887,-26.88344091775783],[-49.09705574940649,-26.8834456429266],[-49.09706738505921,-26.88345014830064],[-49.09707648339741,-26.88345380175618],[-49.09708561697904,-26.88345739431062],[-49.09709478278513,-26.8834609259233],[-49.09710397881815,-26.88346439566472],[-49.09711320410202,-26.88346780171656],[-49.09712245560267,-26.88347114494052],[-49.09713173135277,-26.88347442260237],[-49.09714103033091,-26.88347763559091],[-49.09716004438537,-26.88348289652769],[-49.09717916742888,-26.88348784032009],[-49.09719838942839,-26.88349246502773],[-49.0972177013571,-26.88349676872382],[-49.09722930972156,-26.88349941891927],[-49.09724097668424,-26.88350187584884],[-49.09725269725884,-26.88350413673759],[-49.09726446440108,-26.88350620149064],[-49.09727627210324,-26.88350806822188],[-49.09728811434248,-26.88350973594759],[-49.0972999840745,-26.88351120457289],[-49.09731187529158,-26.88351247221167],[-49.09732831739549,-26.8835143228397],[-49.09734480695026,-26.88351586452068],[-49.09736132988243,-26.88351709616243],[-49.09737787410094,-26.88351801850466],[-49.09738615219312,-26.88351836287177],[-49.0973944346043,-26.88351862967484]]
     ]
    },
    "properties": {
    "OBJECTID": 58098,
    "SHAPE.LEN": 601.9483883560911
    }
  },
  {
   "type": "Feature",
    "geometry": {
    "type": "LineString",
     "coordinates": [
      [[-49.09604209172178,-26.87137976937596],[-49.09604195351967,-26.87145337464775],[-49.09604380815679,-26.8714942359291],[-49.09604854621665,-26.87153245540394],[-49.09605052399061,-26.871543801299],[-49.09604966374104,-26.87154378609695],[-49.09604893446699,-26.87154334212954],[-49.09599047879123,-26.87150374263155],[-49.09597261601842,-26.87149242096134],[-49.0959545816289,-26.87148131088763],[-49.09593638159937,-26.87147041610119],[-49.0959180189182,-26.8714597384474],[-49.09589949956211,-26.87144928161704],[-49.09588082851672,-26.87143904838497],[-49.09586201076767,-26.87142904152607],[-49.09584305030948,-26.87141926289925],[-49.09583413838036,-26.87141457394416],[-49.09582515845455,-26.87140997884299],[-49.09581611454174,-26.87140547855234],[-49.09580700763302,-26.87140107398812],[-49.09579783969543,-26.87139676788457],[-49.09578861277161,-26.87139255846406],[-49.09577932981969,-26.87138844937677],[-49.09576999184588,-26.8713844406362],[-49.09576060186875,-26.87138053228307],[-49.09575116086429,-26.87137672613565],[-49.09574167183597,-26.871373023137],[-49.09573213678105,-26.87136942421661],[-49.09572255772706,-26.87136592849919],[-49.09571293764726,-26.87136253873256],[-49.09570327756293,-26.87135925402791],[-49.09569358146867,-26.87135607624419],[-49.09567970030048,-26.87135111542229],[-49.09566576268127,-26.87134628019931],[-49.09565176961724,-26.8713415705888],[-49.09563772511805,-26.87133698754736],[-49.09562362916854,-26.87133253197733],[-49.0956094847722,-26.87132820482179],[-49.09559529494756,-26.87132400612138],[-49.09558106068571,-26.87131993679203],[-49.09553516498503,-26.8713072786971],[-49.09548933735253,-26.87129440308098],[-49.09544358278926,-26.87128131181631],[-49.09539790330783,-26.87126800493031],[-49.0953599288108,-26.87125705743526],[-49.09532187509016,-26.8712463336045],[-49.09528374516437,-26.87123583347862],[-49.09524554203671,-26.87122555800064],[-49.09523581586903,-26.87122291501027],[-49.09522605283596,-26.87122036990336],[-49.0952162539437,-26.8712179226935],[-49.09520642219569,-26.87121557432373],[-49.09519655958924,-26.87121332572356],[-49.09518666612428,-26.87121117689297],[-49.09517674581054,-26.87120912878859],[-49.09516679963904,-26.87120718232635],[-49.09515682864622,-26.87120533571506],[-49.09514683681152,-26.8712035917161],[-49.09513682415002,-26.8712019494271],[-49.09512679467142,-26.87120040980466],[-49.09511674839081,-26.87119897194643],[-49.09510668730543,-26.87119763678189],[-49.09509661544013,-26.87119640436531],[-49.09508653277971,-26.87119527559905],[-49.09507977471824,-26.87119280529186],[-49.09507644212378,-26.87119144169543],[-49.09507314613824,-26.87118999555519],[-49.09506989080161,-26.87118846602306],[-49.09506668111465,-26.87118685497163],[-49.09506351803822,-26.87118516512157],[-49.09506040861574,-26.87118339656785],[-49.09505735379294,-26.87118155293354],[-49.09505435857061,-26.87117963609123],[-49.09505142595221,-26.87117764698398],[-49.0950485599021,-26.87117558927556],[-49.09504576136595,-26.87117346658904],[-49.09504303537483,-26.87117127899225],[-49.09503780877473,-26.87116672722392],[-49.09503375740433,-26.87116273284706],[-49.09502987927483,-26.87115855036159],[-49.09502619028886,-26.87115419171542],[-49.09502270340613,-26.87114966430393],[-49.09501943449901,-26.87114498187982],[-49.09501639341777,-26.871140157212],[-49.09501359304642,-26.87113520220772],[-49.09501104317474,-26.87113013324538],[-49.09500875161032,-26.87112496487154],[-49.09500672410295,-26.87111971431271],[-49.09500496643268,-26.87111439699068],[-49.09500348334312,-26.8711090301184],[-49.09500227354058,-26.87110363082743],[-49.09500133977139,-26.87109821540125],[-49.09500067872946,-26.87109280094425],[-49.09500028712388,-26.87108740365851],[-49.09526875900477,-26.87107144693926],[-49.09543177305351,-26.87106093599733],[-49.09563765367292,-26.87105225178003],[-49.09583500671597,-26.8710410478713],[-49.09595158672538,-26.8710351121271],[-49.09595532700641,-26.87103526993562],[-49.09595911214497,-26.87103557366376],[-49.0959629329794,-26.87103602950611],[-49.09596678036313,-26.87103664275489],[-49.09597064117013,-26.87103741594095],[-49.09597450424146,-26.87103835432942],[-49.0959783584635,-26.87103946047826],[-49.09598218874319,-26.87104073418409],[-49.09598598195448,-26.87104217797779],[-49.09598972605318,-26.87104378989189],[-49.0959934059613,-26.87104556882066],[-49.09599700864356,-26.87104751188069],[-49.09600052007355,-26.87104961527268],[-49.09600392828261,-26.8710518725173],[-49.09600722026569,-26.87105427892643],[-49.09601038408438,-26.87105682621598],[-49.09601340882158,-26.87105950521308],[-49.09601628455133,-26.87106230766074],[-49.09601900238405,-26.87106522351085],[-49.09602155346043,-26.87106824091049],[-49.09602393291573,-26.87107134986575],[-49.09602613393326,-26.87107453674611],[-49.09602815366072,-26.87107779158475],[-49.09602998727872,-26.87108110168063],[-49.09603163602021,-26.8710844535117],[-49.09603309803908,-26.87108783712472],[-49.09603437455317,-26.87109123989998],[-49.09603546777144,-26.87109465013372],[-49.09603637988769,-26.87109805702458],[-49.09603711710545,-26.87110145072775],[-49.09603768260963,-26.8711048213578],[-49.09603808360996,-26.87110815908351],[-49.09603834962562,-26.8711542745353],[-49.09604040112401,-26.87127949893442],[-49.09604209172178,-26.87137976937596]]
     ]
    },
    "properties": {
    "OBJECTID": 57670,
    "SHAPE.LEN": 275.829927204103
    }
  },
  {
   "type": "Feature",
    "geometry": {
    "type": "LineString",
     "coordinates": [
      [[-49.12039829963884,-26.87669206092991],[-49.1203653061581,-26.87684334398578],[-49.12032040885897,-26.8769654811974],[-49.12024500965551,-26.87715587046437],[-49.12021875293426,-26.8771989553483],[-49.12016272031081,-26.87729530818131],[-49.12009052134142,-26.87743149541155],[-49.12002601103013,-26.8775345823857],[-49.11995483988739,-26.87766538574424],[-49.11990388908281,-26.87776712321116],[-49.11987460807044,-26.87781996804641],[-49.11980741813387,-26.87792949438847],[-49.1197308369961,-26.87806343068944],[-49.11976285747187,-26.87807774855408],[-49.11981263317801,-26.87799454726093],[-49.11984854912196,-26.87792801908974],[-49.11988545253715,-26.87787078804612],[-49.11992030361156,-26.87781319481931],[-49.11996015044071,-26.87773951267998],[-49.11999779410819,-26.87767172307433],[-49.12003857372363,-26.87759956966478],[-49.12012511283431,-26.87745277565084],[-49.12017187600759,-26.87736638228769],[-49.12021162105235,-26.87729840575746],[-49.12024658515256,-26.87724113796493],[-49.12028950604212,-26.87717197885485],[-49.12033425930844,-26.87708124703015],[-49.12036678265274,-26.87701137821713],[-49.12039313133713,-26.87694946567668],[-49.1204089921745,-26.87689930426718],[-49.12044881912625,-26.87675900722858],[-49.12046713985984,-26.8766694156656]]
     ]
    },
    "properties": {
    "OBJECTID": 61389,
    "SHAPE.LEN": 341.9648044742
    }
  },
  {
   "type": "Feature",
    "geometry": {
    "type": "LineString",
     "coordinates": [
      [[-49.11817315700879,-26.88053957656831],[-49.11824873112705,-26.88039568319497],[-49.11833611003255,-26.88024234170086],[-49.11842108225338,-26.88009379149988],[-49.11848007672195,-26.87999247411731],[-49.11855309295925,-26.87986465671629],[-49.11864510406459,-26.8797042011291],[-49.11872442220214,-26.87956511031598],[-49.11870523496002,-26.87955538667952],[-49.1187644143711,-26.87944633194473]]
     ]
    },
    "properties": {
    "OBJECTID": 61373,
    "SHAPE.LEN": 136.7126087297
    }
  },
  {
   "type": "Feature",
    "geometry": {
    "type": "LineString",
     "coordinates": [
      [[-49.11814398336001,-26.88057922209235],[-49.11814356880045,-26.88057641945908],[-49.11814125822074,-26.88057250666097],[-49.11813441235652,-26.88056743229249],[-49.11810265911487,-26.88054898556969],[-49.11805821839914,-26.8805287911968],[-49.11802036192453,-26.88050947519214],[-49.11795276252803,-26.88047819900551],[-49.11788229353839,-26.88044643867863],[-49.11783465425827,-26.88042435583682],[-49.11785971685882,-26.88041043523494],[-49.11795314457252,-26.8804515552762],[-49.1180417966,-26.88049150867701],[-49.1181037044465,-26.88051966728993],[-49.11815277357419,-26.88054220684542],[-49.11815895525812,-26.88054490398232],[-49.11816565643627,-26.88054589222527],[-49.11817074366061,-26.88054405463661],[-49.11817315700879,-26.88053957656831]]
     ]
    },
    "properties": {
    "OBJECTID": 61375,
    "SHAPE.LEN": 73.4056678453546
    }
  },
  {
   "type": "Feature",
    "geometry": {
    "type": "LineString",
     "coordinates": [
      [[-49.11824898630856,-26.87914339313224],[-49.11825561571515,-26.87914621807526],[-49.11828291831286,-26.87909159445459]]
     ]
    },
    "properties": {
    "OBJECTID": 61377,
    "SHAPE.LEN": 7.3620690788743
    }
  },
  {
   "type": "Feature",
    "geometry": {
    "type": "LineString",
     "coordinates": [
      [[-49.11560477747166,-26.87492399057394],[-49.11559478980981,-26.8749408259575],[-49.11558412883555,-26.8749608763927],[-49.11558193939879,-26.87496654159821],[-49.11558233411787,-26.87497138561994],[-49.11558372236965,-26.8749754928451],[-49.11558730388034,-26.87497995515627],[-49.11559200602334,-26.87498336014319],[-49.1156549890859,-26.87501431942775],[-49.11570171977616,-26.87504011035053],[-49.11579966069451,-26.87508788973128],[-49.11591111011013,-26.87514577581726],[-49.11602915275474,-26.8752044095269],[-49.11613138579833,-26.87525806398342],[-49.11622563658178,-26.87530686073296],[-49.11629177447793,-26.87534145229279],[-49.11636105596693,-26.87537802809727],[-49.11642455417182,-26.87540999579078],[-49.11648559256327,-26.87544257149951],[-49.1164977001123,-26.87544921347044],[-49.11652954789548,-26.87546003582039],[-49.1165753292102,-26.87547171904287],[-49.11662815098273,-26.87548630946106],[-49.11670044055997,-26.8755065802918],[-49.11672894403629,-26.87551326208747],[-49.11675162502553,-26.87551727223676],[-49.11680172371038,-26.87552084724867],[-49.11684277044701,-26.87552428083096],[-49.11692050492428,-26.87552871516016],[-49.11695671279762,-26.8755292771754],[-49.11701204076319,-26.87552820038646],[-49.11704683038153,-26.87552615847248],[-49.11708706123802,-26.87552118887325],[-49.11713027705377,-26.87551368396707],[-49.11714799160196,-26.87550879516696],[-49.11715962744418,-26.87550187577164],[-49.11716936870368,-26.87549169987184]]
     ]
    },
    "properties": {
    "OBJECTID": 60272,
    "SHAPE.LEN": 180.096003576918
    }
  },
  {
   "type": "Feature",
    "geometry": {
    "type": "LineString",
     "coordinates": [
      [[-49.11799022557463,-26.86736718737005],[-49.11806646195161,-26.86741770141018],[-49.11814580228961,-26.86746930194191],[-49.11820780003254,-26.86750966986282],[-49.11825761356582,-26.86754405924395],[-49.11828291944381,-26.86756407711785],[-49.1182887626809,-26.86756833119405],[-49.11829346641962,-26.86756895252991],[-49.11830201276665,-26.86756725574395],[-49.11831171130985,-26.86755906304102],[-49.11840907662002,-26.86747327344648],[-49.11849888011724,-26.86738459681234],[-49.1185861694408,-26.86728704490316],[-49.11861607090114,-26.86724855325241],[-49.11874145444036,-26.86706940550738],[-49.11874586996969,-26.86706238710744],[-49.11874976926963,-26.86705226415755],[-49.11874962414149,-26.86704370299609],[-49.11874392013018,-26.86703553717671],[-49.11873735528689,-26.86702763608871],[-49.11872793458139,-26.86702269537417],[-49.11860328154185,-26.8669652785623],[-49.11843471655115,-26.86688577104509],[-49.11834199004455,-26.86684008219329],[-49.11824507758906,-26.86679143843504]]
     ]
    },
    "properties": {
    "OBJECTID": 61434,
    "SHAPE.LEN": 169.792862182174
    }
  },
  {
   "type": "Feature",
    "geometry": {
    "type": "LineString",
     "coordinates": [
      [[-49.1142169874126,-26.87931934247516],[-49.11422327480027,-26.87932039126641],[-49.1142302738383,-26.87932264999358],[-49.11429647589816,-26.87935292723874],[-49.11439661256782,-26.87939921524193],[-49.11451866046741,-26.8794553070516],[-49.11460595576229,-26.87950010574885],[-49.11467859319686,-26.87953672000595],[-49.11474904709993,-26.87957330057487],[-49.11479212013987,-26.87959396961218],[-49.1148178167734,-26.87960899395921],[-49.11482995246207,-26.87962208722684],[-49.11483866357582,-26.87963641826872],[-49.11484374677676,-26.87965004742668],[-49.11484751312625,-26.87966903389971],[-49.11484979442676,-26.8796895024553],[-49.11485001327267,-26.87970348730491]]
     ]
    },
    "properties": {
    "OBJECTID": 60294,
    "SHAPE.LEN": 79.0984481673265
    }
  },
  {
   "type": "Feature",
    "geometry": {
    "type": "LineString",
     "coordinates": [
      [[-49.1142169874126,-26.87931934247516],[-49.11421189745823,-26.87931849469771],[-49.11420241331692,-26.87931920840053],[-49.11419604050293,-26.87932233562617],[-49.11418933455843,-26.87933019065177],[-49.11417380753798,-26.87935490101311],[-49.11414029023507,-26.87940621947343],[-49.11410323428372,-26.87946479619802],[-49.11406254548508,-26.87953557698774],[-49.11402726333357,-26.87959030979692],[-49.11397831822312,-26.87967386832691],[-49.11392488421801,-26.87976359563526],[-49.11388953575464,-26.87982176816691],[-49.1138567003897,-26.87987546312833],[-49.11383251406528,-26.8799213344345],[-49.11380824984353,-26.87997128978915],[-49.11378454915221,-26.88002985879806],[-49.11375901037012,-26.88009571147865],[-49.11373888610946,-26.88015777700274],[-49.11371384207939,-26.88023589787661],[-49.11369224962747,-26.88031127584911],[-49.11367930463098,-26.88036613893299],[-49.11367170086309,-26.88042108507025],[-49.11366939138837,-26.88046578807917],[-49.11366527245337,-26.88052896176575],[-49.1136625366264,-26.88058333748417],[-49.1136599516387,-26.88069342447838],[-49.11366156056782,-26.88074915793227],[-49.11360708940918,-26.88075285592219],[-49.1136045322877,-26.8807340994852],[-49.11360276277721,-26.88071234254696],[-49.11359082880263,-26.88060794742247],[-49.11359387506025,-26.88051160571734],[-49.11359830350964,-26.88044688823654],[-49.11360502476442,-26.88040308444794],[-49.11362195261069,-26.88032543106947],[-49.11364768507411,-26.88023586111002],[-49.11367192596527,-26.8801346450468],[-49.11367767466391,-26.88011600854263],[-49.1136787118287,-26.88011301137283],[-49.1136753033695,-26.88011188275961],[-49.11366230428597,-26.88011254226786],[-49.11364441843502,-26.88011248124556],[-49.11362434877375,-26.8801113088622],[-49.113566584978,-26.88010752830002],[-49.11353008276,-26.88010557506],[-49.11349347685932,-26.8801026528564],[-49.1134989588858,-26.88006304397776],[-49.11358187314087,-26.88006763788421],[-49.11364165446599,-26.88006714637402],[-49.11368341877193,-26.88006164320389],[-49.11369278124214,-26.88005662258998],[-49.11369974690723,-26.88005113402364],[-49.1137080528263,-26.88002694106046],[-49.11373119375446,-26.87997026182251],[-49.11375908285284,-26.87990870613795],[-49.11378447072416,-26.87986260809347],[-49.11384704018943,-26.87975595842795],[-49.11389719784412,-26.87967042594129],[-49.11395643711619,-26.87957125840049],[-49.11401758299043,-26.87947491790337],[-49.11409769484697,-26.87934787735562],[-49.11417565630103,-26.87921800552457],[-49.11423286968996,-26.87912225054706],[-49.11432796703705,-26.8789676761813],[-49.1144091769205,-26.87883441051434],[-49.11447144260158,-26.87873077018662],[-49.11453414314783,-26.87861723428243],[-49.11462753049554,-26.87844950425169],[-49.11471631520055,-26.87829181895773],[-49.11479771452266,-26.87814865510132],[-49.1148719215854,-26.87802281418903],[-49.11493000523242,-26.87791996985029],[-49.11499858519381,-26.87779361060342],[-49.11509089617368,-26.87761811534216],[-49.1151376297629,-26.87753209797836],[-49.11514331187957,-26.87751690476753],[-49.11514426583665,-26.87750551153619],[-49.1151424670421,-26.87749708989232],[-49.11513673724834,-26.87748925212431],[-49.11512951645423,-26.87748246853898],[-49.11509992471221,-26.877466557403],[-49.11503100852811,-26.87743115016304],[-49.11497038039367,-26.87739801697185],[-49.11487676488353,-26.87734720242779],[-49.11480853817181,-26.87731416815234],[-49.11477844836293,-26.87729867813082],[-49.11477302526712,-26.87728764478057],[-49.11476850692625,-26.87726782150144],[-49.11476744781965,-26.87724654789827],[-49.11477218228679,-26.87722987265033],[-49.11478372992643,-26.87720299434403],[-49.1148218966929,-26.87713035730438],[-49.11486695628756,-26.87704344037569],[-49.11490620971153,-26.87696523712826],[-49.11496718168439,-26.87684120158999],[-49.11500237443784,-26.87677023791294],[-49.11505308118127,-26.87667009396667],[-49.11510499259909,-26.87657104195043],[-49.11514514345401,-26.87649714689444],[-49.11518389473236,-26.87641958129565],[-49.1152339814063,-26.87631341507459],[-49.11526457353869,-26.87625225789649],[-49.1153001183087,-26.87618838501305],[-49.1153251046501,-26.87613830717675],[-49.1153320182555,-26.8761229525707],[-49.11533219296329,-26.87611393717867],[-49.11536301680517,-26.87605342750991],[-49.11538194784307,-26.87606294958492],[-49.11547570021423,-26.8761066794033],[-49.11557939373675,-26.87615593018871],[-49.11567797501328,-26.87620338426739],[-49.11576275387272,-26.87624225384443],[-49.11583387884313,-26.87627747896542],[-49.11585258270362,-26.87628613868962],[-49.11586600383851,-26.87628913464293],[-49.11588193303405,-26.87628916294825],[-49.11589819001179,-26.87628490202742],[-49.11591254474133,-26.87627760561658],[-49.11592474913819,-26.87626748522307],[-49.1159357822668,-26.87625455570901],[-49.11595977129571,-26.87621799058604],[-49.11599549519538,-26.87615755513802],[-49.11606689992882,-26.87602616310605],[-49.11614844175833,-26.875877533244],[-49.11623050233364,-26.87572740833908],[-49.1163064660488,-26.87558835532962],[-49.11634356337098,-26.87552021105539],[-49.11634615922313,-26.87551273525494],[-49.11634643334148,-26.87549856832557],[-49.11634463871657,-26.87548995178991],[-49.11633588937565,-26.87547350015672],[-49.11632164563482,-26.87546233211031],[-49.11621096416314,-26.87540696395098],[-49.11610423911551,-26.87534972325044],[-49.11596598911229,-26.87527525415357],[-49.11586837129582,-26.875228673309],[-49.11575237409048,-26.87516935911984],[-49.11554417519673,-26.87506225795699],[-49.11545073061011,-26.87501531189381],[-49.11535828799967,-26.87496730686645],[-49.11527820663586,-26.87492636152304],[-49.11521486422924,-26.87489426092796],[-49.11514307536822,-26.87485537481546],[-49.11509771376761,-26.87483127807975],[-49.11503486151253,-26.87479918394664],[-49.11498706250078,-26.87477440660249],[-49.11493126543103,-26.87474499697207],[-49.11488879787074,-26.87472330626457],[-49.1148305415717,-26.87469428890116],[-49.11479045358383,-26.87467628448076],[-49.11473819922095,-26.87465380064538],[-49.11469759228058,-26.87463729117567],[-49.11464580615589,-26.87461588763107],[-49.11460444743904,-26.874600225559],[-49.11456178897381,-26.87458840919214],[-49.11453741816322,-26.87458138047197],[-49.1145037124391,-26.87457549801094],[-49.11445949246908,-26.87456838129224],[-49.11442866441975,-26.87456576395705],[-49.11439122965682,-26.87456261527336],[-49.1143280836665,-26.87455843114719],[-49.11429358450648,-26.87455554184814],[-49.11425146602495,-26.8745538252954],[-49.11421278587452,-26.87455173131028],[-49.11417093274157,-26.87454894510241],[-49.11413640104955,-26.87454777385166],[-49.11408591045242,-26.87454807650214],[-49.11405693836691,-26.87455085513949],[-49.11402524267556,-26.87455509480213],[-49.11400139097494,-26.87455923969393],[-49.11397703198199,-26.87456423526497],[-49.11395829252941,-26.87457017593858],[-49.11393925318655,-26.87457890339709],[-49.11391970754078,-26.87458848245182],[-49.11390133665704,-26.87460065586951],[-49.11388593135182,-26.87461158539898],[-49.11386300081071,-26.87463141864797],[-49.11384651125034,-26.87464770046449],[-49.11382916213191,-26.87467041074268],[-49.11380816633046,-26.87470423008157],[-49.11379550549191,-26.87472529435199],[-49.11377634219921,-26.87476579831884],[-49.11375655928026,-26.87481294876368],[-49.11374548799678,-26.87484047870142],[-49.11371735486239,-26.87492658060102],[-49.11368986473875,-26.87501741610564],[-49.11367761331691,-26.8750552224474],[-49.11366363257857,-26.87506854747257],[-49.11359987128061,-26.87505812606232],[-49.11360473436666,-26.87502212824209],[-49.11360268727586,-26.87500126926706],[-49.11359818191616,-26.87498080168443],[-49.11358665498677,-26.87495593321952],[-49.11357023135124,-26.87493077463002],[-49.11355607130908,-26.87491531384146],[-49.11353223675147,-26.87489326317867],[-49.1135080814702,-26.87487507219257],[-49.11347661845175,-26.87485462283939],[-49.1134276150727,-26.87482875211515],[-49.11337641165614,-26.87480263357169],[-49.11334285539541,-26.87478902309867],[-49.11331900719911,-26.87478028443321],[-49.11330510086684,-26.87477706604978],[-49.11325231407153,-26.87476938867688],[-49.11320588137492,-26.87476266713368],[-49.11319876833592,-26.87476298823416],[-49.11313025638218,-26.87478276952834],[-49.11303931189425,-26.87480929315011],[-49.11295721684414,-26.87483444925357],[-49.11279329657457,-26.87488347692965],[-49.11268534423676,-26.87491510921103],[-49.11264761856742,-26.87492698690592],[-49.11255667030169,-26.87495372497173],[-49.1125114017487,-26.8749691374705],[-49.11243782462819,-26.87499463541034],[-49.11238998395594,-26.87501226184164],[-49.11232936596195,-26.87503849787737],[-49.11229445999376,-26.87505051875015],[-49.11221971033282,-26.87507922132453],[-49.11217074123279,-26.87509546067382],[-49.1121035796974,-26.87511487319217],[-49.11205727218563,-26.87512702416096],[-49.11202339381191,-26.87513437879944],[-49.11199836891593,-26.8751384309478],[-49.11196878106794,-26.87514282196008],[-49.11193668337232,-26.87514495365431],[-49.11190046455511,-26.87514609248298],[-49.11186624236712,-26.87514669928612],[-49.1118318234042,-26.8751478820073],[-49.11179638749216,-26.87514769635099],[-49.11177204552929,-26.87514620398899],[-49.11173177873037,-26.87514188851646],[-49.11167718566159,-26.87513237131573],[-49.11162416923568,-26.87512167382856],[-49.11157780423073,-26.87510972759661],[-49.11153177859234,-26.87509686254296],[-49.11147236668393,-26.87508291776509],[-49.11144053598987,-26.87507752446673],[-49.11140852450378,-26.87507416768072],[-49.11138053131767,-26.87507193416349],[-49.11133292446197,-26.8750710026276],[-49.11127662031276,-26.87507505711302],[-49.11122711597618,-26.87508110512555],[-49.11113567806433,-26.87509864560693],[-49.11106258259083,-26.87511694483257],[-49.11097668008916,-26.87514103254342],[-49.11091038171914,-26.87516372518234],[-49.11086189316459,-26.8751777456259],[-49.11082171156745,-26.87518925241652],[-49.11079007198699,-26.87519899965394],[-49.11076120618255,-26.87521135362931],[-49.1106949611823,-26.87525244062135],[-49.11066475427965,-26.87527099544083],[-49.11064442185242,-26.87528337956397],[-49.11063035820178,-26.87529137882602],[-49.11062399318263,-26.87529689062599],[-49.11062027949041,-26.87530159938187],[-49.11061810742773,-26.87530572041267],[-49.11061734975688,-26.87531339487394],[-49.11061991473707,-26.8753214766073],[-49.11062526460539,-26.87532762343835],[-49.11066995446201,-26.87537015688672],[-49.11075444345702,-26.87545106783817],[-49.11083210911209,-26.8755252923288],[-49.111015735226,-26.87570078091135],[-49.11112132025123,-26.8758016879424],[-49.11122654565568,-26.87590244297165],[-49.11136949464335,-26.87602575684192],[-49.11132343807003,-26.87605971912458],[-49.11126330869681,-26.87600184133479],[-49.11119081296057,-26.87593268919902],[-49.11108543792984,-26.87583185361843],[-49.11097986875698,-26.87573096211693],[-49.11079624265576,-26.87555547348878],[-49.11071856016983,-26.87548123250725],[-49.11063409295817,-26.87540034348804],[-49.11056914185803,-26.87533843409138],[-49.11056622899373,-26.87533710985824],[-49.11056331119595,-26.87533632440124],[-49.11055965019974,-26.87533671409686],[-49.11055561643504,-26.87533785246418],[-49.11054924874159,-26.875341587941],[-49.1104206240736,-26.87542952311711],[-49.11035637311109,-26.87547500059773],[-49.11029790348515,-26.87551471836907],[-49.11022929847415,-26.87555789192409],[-49.11016708029342,-26.87559563338521],[-49.11010122480937,-26.87563215551179],[-49.11004897063304,-26.87565997723316],[-49.10998485610607,-26.87569287976624]]
     ]
    },
    "properties": {
    "OBJECTID": 60292,
    "SHAPE.LEN": 1922.02997662801
    }
  },
  {
   "type": "Feature",
    "geometry": {
    "type": "LineString",
     "coordinates": [
      [[-49.11517406773152,-26.87656644329936],[-49.11514100302106,-26.87663218057192],[-49.11510413269011,-26.87670495776496],[-49.11506313081541,-26.87678907043852],[-49.11501537180773,-26.87688103839165],[-49.1149759564497,-26.87695893805054],[-49.11491233321713,-26.87708722548821],[-49.11486381955596,-26.87718025648027],[-49.11483937886013,-26.87722999580264],[-49.11483702150392,-26.87723813273475],[-49.11483708590418,-26.87724759628796],[-49.11483942623589,-26.87725322353939],[-49.11484301101672,-26.87725779422358],[-49.11485025283432,-26.87726306627436],[-49.11491953993296,-26.87730025212459],[-49.11499928321517,-26.87734103796389],[-49.11510107088321,-26.87739377204525],[-49.11516825875887,-26.87742554856321],[-49.11517823757136,-26.8774284968553],[-49.11518973690954,-26.87742867193377],[-49.11520003709035,-26.87742753760965],[-49.11520816816245,-26.87742465041017],[-49.11521609541537,-26.8774196096324],[-49.1152258792569,-26.87740706967933],[-49.11526396351879,-26.87734764524897],[-49.11532327527709,-26.87725305769232],[-49.11537932838657,-26.87716250631776],[-49.11543839085267,-26.87706813019262],[-49.11551917681771,-26.87693816697161],[-49.11555581806957,-26.8768774306978],[-49.11558133088278,-26.87683566542765],[-49.11564974824991,-26.87672551584958],[-49.11577500842794,-26.87652181688586],[-49.11581643757005,-26.8764538397678],[-49.11584256940646,-26.87640520229311],[-49.11584593828432,-26.87639536030853],[-49.11584684728762,-26.87638612635343],[-49.11584580017159,-26.87637686270062],[-49.11584183315355,-26.87636669362579],[-49.11583492180102,-26.87635691040161],[-49.11582043359578,-26.87634658205731],[-49.11572201929935,-26.87629669512545],[-49.11559228776593,-26.87623342750027],[-49.1154707700892,-26.87617587708298],[-49.11541815135474,-26.87615012937832],[-49.11540937637616,-26.87614827485118],[-49.11539861985383,-26.87614768097661],[-49.11539047616464,-26.87615121337096],[-49.11538144784556,-26.87616269024754],[-49.11535163344271,-26.87621191663573],[-49.11531260144764,-26.87628251059221],[-49.11526097678829,-26.87638474272106],[-49.11522525695018,-26.87646140829239],[-49.11520381790755,-26.87650775159955],[-49.11517406773152,-26.87656644329936]]
     ]
    },
    "properties": {
    "OBJECTID": 60270,
    "SHAPE.LEN": 361.5664361596121
    }
  },
  {
   "type": "Feature",
    "geometry": {
    "type": "LineString",
     "coordinates": [
      [[-49.11441658366967,-26.87415795585405],[-49.11432827513644,-26.87413552142649],[-49.114251081933,-26.87411970502515],[-49.11419187363781,-26.87410932661608],[-49.11414233288396,-26.87410468407571],[-49.11411196501692,-26.87410721574481],[-49.1140690250374,-26.87411492199133],[-49.11403235131911,-26.87412723652466],[-49.11400275715611,-26.87414009232958],[-49.11397807655469,-26.87415173565852],[-49.11396422295896,-26.87415989602484],[-49.113950764846,-26.874172789406],[-49.11393101357659,-26.87419482138506],[-49.11385773942421,-26.87428991159192],[-49.11380846360836,-26.87435831139725],[-49.11379333965066,-26.87438127522016],[-49.11378411087385,-26.87440282667392],[-49.11377712991661,-26.87442205148829],[-49.11377028981202,-26.87444643284151],[-49.11376801146787,-26.87446272385666],[-49.11376824531914,-26.87447561678495],[-49.11377049065873,-26.87448574758182],[-49.11377523801596,-26.8744929115912],[-49.11378417201841,-26.87449863681366],[-49.1137973150637,-26.87450163465704],[-49.1138114834037,-26.87450228592903],[-49.11382569798906,-26.87450057575383],[-49.11385192760741,-26.87449711971752],[-49.11388850896174,-26.87448952903301],[-49.113939586512,-26.87447829947817],[-49.11398255205067,-26.87446930472781],[-49.11401027768535,-26.87446436853642],[-49.11403404693663,-26.87446173346795],[-49.11404702170736,-26.8744608623705],[-49.11408128352469,-26.87445925098241],[-49.11413045177486,-26.87445808766783],[-49.11418765938334,-26.87445833858289],[-49.1142558495906,-26.8744596205915],[-49.11431300638311,-26.87446244855876],[-49.11437500864936,-26.87446750105566],[-49.11442504773696,-26.87447172144361],[-49.11445605116835,-26.87447413984283],[-49.11447653203363,-26.87447703878665],[-49.11449188380598,-26.87447964182743],[-49.11450478336021,-26.87448263635612],[-49.11453353996386,-26.87448738320763],[-49.11456616960849,-26.87449412319734],[-49.11458880381924,-26.87449941834011],[-49.11463864324514,-26.8745137322996],[-49.11467726370496,-26.87452658147157],[-49.11471901656515,-26.87454184171546],[-49.11476023671695,-26.87455924299062],[-49.11480653518768,-26.87457951634479],[-49.11485547147384,-26.87460240807712],[-49.11492642499118,-26.87463703020305],[-49.11500486285467,-26.87467649523096],[-49.1150885972049,-26.87472012409965],[-49.11521108700584,-26.87478218984956],[-49.11528368325098,-26.87482027437095],[-49.11535745230552,-26.87486095499085],[-49.11543441071506,-26.87490104179364],[-49.11550629542322,-26.87493804083374],[-49.11551773714242,-26.87494058258712],[-49.11552730708888,-26.87493879945989],[-49.11554593914413,-26.87491081151137]]
     ]
    },
    "properties": {
    "OBJECTID": 60271,
    "SHAPE.LEN": 280.880407127085
    }
  },
  {
   "type": "Feature",
    "geometry": {
    "type": "LineString",
     "coordinates": [
      [[-49.11376215300316,-26.87459670197481],[-49.11375865976891,-26.87459965913904],[-49.11375787157085,-26.87460233470703],[-49.11375808351204,-26.87460405786217],[-49.11376972489359,-26.87462336611793],[-49.11377093697433,-26.87462413686013],[-49.11377242357632,-26.87462340665931],[-49.11379262692327,-26.87460027959024],[-49.11380425292762,-26.87458916874239],[-49.11381873394107,-26.8745763810978],[-49.11381976942954,-26.87457360232578],[-49.11381969396385,-26.87457123654746],[-49.11381799820958,-26.87457013622344],[-49.11381369475117,-26.87457060858905],[-49.11376215300316,-26.87459670197481]]
     ]
    },
    "properties": {
    "OBJECTID": 66661,
    "SHAPE.LEN": 17.7944701010404
    }
  },
  {
   "type": "Feature",
    "geometry": {
    "type": "LineString",
     "coordinates": [
      [[-49.11383093803232,-26.87406982686184],[-49.11382357353911,-26.87407056524306],[-49.11381786913879,-26.87407412740775],[-49.1138147167385,-26.87407880493717],[-49.11381326694045,-26.87408404855188],[-49.11381128100759,-26.87411067625826],[-49.1138097080163,-26.87414128806902],[-49.11380757667716,-26.8741690962194],[-49.11380377707585,-26.87419451191185],[-49.11379823392563,-26.87422140352017],[-49.11378918877821,-26.87424565705641],[-49.11377554378191,-26.87427338370308],[-49.11375331548391,-26.8743078481779],[-49.1137273601114,-26.87434504736247],[-49.1136976657417,-26.87438551723037],[-49.11365689022988,-26.87444150078787],[-49.11362278526052,-26.87448834807921],[-49.11360930429375,-26.87450758448117],[-49.11358839301475,-26.87453734148097],[-49.11358273426841,-26.87454488103039],[-49.11358106716564,-26.8745487236374],[-49.11358175819013,-26.87455099203207],[-49.11358343737718,-26.87455284760062],[-49.11358637012156,-26.8745532180061],[-49.11364637967208,-26.8745414110215],[-49.11365118229796,-26.87454009238335],[-49.11365365501923,-26.87453895113503],[-49.11365627393776,-26.87453652114309],[-49.11365806200232,-26.87453278846016],[-49.11366007790998,-26.87452357652242],[-49.11366977088086,-26.87449116235623],[-49.11367755161015,-26.87446892998418],[-49.11368555876739,-26.87444766910747],[-49.11369479860031,-26.87442599866763],[-49.11370564117689,-26.87440381619755],[-49.1137165619866,-26.87438389303676],[-49.11372481581984,-26.87436887050266],[-49.11373761285358,-26.87434693615845],[-49.11374871938474,-26.87433013300026],[-49.11376774339643,-26.87430292585027],[-49.11378671041282,-26.87427872715251],[-49.11380597535872,-26.87425173802809],[-49.11383012097949,-26.87421945451102],[-49.11385790366671,-26.87418282305428],[-49.1138780014301,-26.87415713753699],[-49.11388741717283,-26.8741453599492],[-49.11389723732317,-26.87413165352094],[-49.11390703304792,-26.8741192365589],[-49.1139155005458,-26.87410583068453],[-49.11392019193291,-26.87409763015063],[-49.11392463602842,-26.87408953282036],[-49.11392547304914,-26.87408427921912],[-49.11392444020017,-26.87408071466454],[-49.11392191544015,-26.87407820065933],[-49.11391790357031,-26.87407662985995],[-49.11391350357854,-26.87407612795477],[-49.11383093803232,-26.87406982686184]]
     ]
    },
    "properties": {
    "OBJECTID": 66657,
    "SHAPE.LEN": 135.479623884188
    }
  },
  {
   "type": "Feature",
    "geometry": {
    "type": "LineString",
     "coordinates": [
      [[-49.11368338236142,-26.87471887564453],[-49.11368351737705,-26.87470164891916],[-49.11367990320004,-26.8746847304641],[-49.11367267800059,-26.87466877017933],[-49.11366212046129,-26.87465438102945],[-49.1136486350576,-26.87464211628264],[-49.1136327413636,-26.87463244680337],[-49.11361504916529,-26.87462574447387],[-49.1135962385905,-26.87462226658486],[-49.11357703205392,-26.87462214824056],[-49.11355816928104,-26.87462539119423],[-49.11354037393747,-26.87463187333102],[-49.11352432953914,-26.87464134473603],[-49.11351065305052,-26.87465344178299],[-49.11349987053991,-26.87466769854267],[-49.11349239570375,-26.87468356725547],[-49.11348851644066,-26.87470043891143],[-49.11348838139547,-26.87471766563506],[-49.11349199554437,-26.87473458409352],[-49.11349922072142,-26.87475054438629],[-49.11350977925369,-26.874764933561],[-49.11352326364899,-26.87477719830741],[-49.11353915835858,-26.8747868678128],[-49.11355685057627,-26.87479357015275],[-49.11357566117756,-26.87479704804835],[-49.11359486672245,-26.87479716728332],[-49.11361373054467,-26.87479392343732],[-49.11363152591066,-26.87478744129252],[-49.11364757032226,-26.87477796987613],[-49.11366124579179,-26.87476587370509],[-49.11367202829307,-26.8747516169327],[-49.11367950312481,-26.87473574730708],[-49.11368338236142,-26.87471887564453]]
     ]
    },
    "properties": {
    "OBJECTID": 66653,
    "SHAPE.LEN": 61.0767464183907
    }
  },
  {
   "type": "Feature",
    "geometry": {
    "type": "LineString",
     "coordinates": [
      [[-49.11434491335519,-26.86639656674051],[-49.11440551035033,-26.86639288223439],[-49.11452823708703,-26.86638363184632],[-49.1145660954989,-26.86638164672302],[-49.11460269392665,-26.86638135878901],[-49.11464096560545,-26.86638346065076],[-49.11468044295489,-26.86638665446913],[-49.11470150443031,-26.86638977498559],[-49.11472251511152,-26.86639547260553],[-49.11474494087243,-26.86640419922324],[-49.11477097139521,-26.86641706173672],[-49.11479089241136,-26.86642832639897],[-49.11479907832467,-26.86643682964725],[-49.11483295647218,-26.86647580213377],[-49.11488138844604,-26.86653690790489],[-49.11493857732952,-26.86661511623043],[-49.11499060604684,-26.86668078828921],[-49.11505484138031,-26.86676297258539],[-49.11514643359722,-26.8668911140493],[-49.11520173398416,-26.86696542770546],[-49.11525916979278,-26.8670436401098],[-49.11532933682125,-26.86713665500521],[-49.11540496051762,-26.86723963497935],[-49.11546763561385,-26.86732630490798],[-49.11553267997579,-26.86741752204275],[-49.11559022514773,-26.86750282288655],[-49.11564460783209,-26.86758657151268],[-49.11569588491045,-26.86766576126753],[-49.11572684951238,-26.86771478922731]]
     ]
    },
    "properties": {
    "OBJECTID": 60280,
    "SHAPE.LEN": 215.762673461588
    }
  },
  {
   "type": "Feature",
    "geometry": {
    "type": "LineString",
     "coordinates": [
      [[-49.1141858971059,-26.86856957139243],[-49.11421168256887,-26.86848889676005],[-49.11421955255358,-26.86846149189441],[-49.11421394020694,-26.8684472112098],[-49.11420631902756,-26.86843547969466],[-49.1142187852243,-26.86839825376149],[-49.11429390349999,-26.86841770233443],[-49.1142598838283,-26.86851910869463],[-49.11424109040615,-26.86857652586621]]
     ]
    },
    "properties": {
    "OBJECTID": 60296,
    "SHAPE.LEN": 46.0579740497741
    }
  },
  {
   "type": "Feature",
    "geometry": {
    "type": "LineString",
     "coordinates": [
      [[-49.11174202785036,-26.86619084174008],[-49.11175399723394,-26.86619257939093],[-49.11182503691759,-26.86620359240944],[-49.11196316655268,-26.86622662881584],[-49.11206947609188,-26.86624335874767],[-49.11213040019071,-26.8662565750715],[-49.11219154636765,-26.86627108503239],[-49.11223359637376,-26.86628206890666],[-49.11226265248263,-26.8662915569072],[-49.112314633438,-26.86631000601612],[-49.11238905541487,-26.86633697831079],[-49.11245079615815,-26.86635902095358],[-49.11252400598686,-26.86638511502033],[-49.11256379675008,-26.86639864189293],[-49.11261511360465,-26.86641321083846],[-49.11268450499105,-26.86643344027711],[-49.11275251199514,-26.86644891803921],[-49.11280661279081,-26.86645923230461],[-49.11285288268401,-26.8664679175092],[-49.11289848835551,-26.86647272354481],[-49.11297091155276,-26.86647558878629],[-49.11304360010208,-26.86647738345779],[-49.1130870777447,-26.86647785568742],[-49.11311484366491,-26.86647765057859],[-49.11313381297177,-26.86647494067376],[-49.11322793008937,-26.8664609526442],[-49.11332846926744,-26.86644513049187],[-49.11338441042732,-26.86643612670948],[-49.11342809153814,-26.86642585537163],[-49.11349047102932,-26.8664141584386],[-49.11360048240591,-26.86639117777396],[-49.11370800877141,-26.86636966304582],[-49.11378611974343,-26.86635757032817],[-49.11381984569832,-26.86635401931968]]
     ]
    },
    "properties": {
    "OBJECTID": 60276,
    "SHAPE.LEN": 212.457200355493
    }
  },
  {
   "type": "Feature",
    "geometry": {
    "type": "LineString",
     "coordinates": [
      [[-49.11117958458478,-26.87125228212261],[-49.11113081504456,-26.87123493147934],[-49.11102651024419,-26.87120310468329],[-49.1108465730981,-26.87115490014558],[-49.11069155265859,-26.87112103484165],[-49.11058342682267,-26.87110215203541],[-49.11053150835047,-26.87109448352049],[-49.11042988413445,-26.87108159494879],[-49.11031909131292,-26.87107033921276],[-49.11020057135388,-26.87106288010817],[-49.11012369072034,-26.87105960080711],[-49.11005496279076,-26.87105907237295],[-49.11000842665329,-26.87105885698694],[-49.10994434093816,-26.8710599313023],[-49.10990908200687,-26.871060196173],[-49.10981283081031,-26.87106452089801],[-49.10972675304221,-26.87106936886399],[-49.10968192743215,-26.87107311151696],[-49.10956871057031,-26.87108355426587],[-49.10942898269159,-26.87110049462266],[-49.10930025533008,-26.87111700077251]]
     ]
    },
    "properties": {
    "OBJECTID": 64645,
    "SHAPE.LEN": 189.778732688535
    }
  },
  {
   "type": "Feature",
    "geometry": {
    "type": "LineString",
     "coordinates": [
      [[-49.11173747196002,-26.86626359597507],[-49.11173081200105,-26.86626520925952],[-49.11172403603159,-26.86627241250508],[-49.11172039197054,-26.86628246283197],[-49.11170213667439,-26.86639358249564],[-49.11168401108622,-26.86649846702793],[-49.11166711651614,-26.86660315589739],[-49.11165023535434,-26.86671902976879],[-49.1116455532822,-26.86679046814368],[-49.11164600458542,-26.86681661121658],[-49.11164667645105,-26.86689805136853],[-49.11163068060249,-26.86698383316078],[-49.11155500331765,-26.86697243492765],[-49.11157317642231,-26.86688602606247],[-49.11159160522898,-26.86679264453435],[-49.1116126548394,-26.86669252863945],[-49.11165255229135,-26.86648670207441],[-49.11169155342656,-26.86628980812353],[-49.11169203520133,-26.86628255597591],[-49.11169056483094,-26.86627565141321],[-49.11168711954489,-26.86626689092217],[-49.1116804972079,-26.86625781900806]]
     ]
    },
    "properties": {
    "OBJECTID": 60279,
    "SHAPE.LEN": 169.552139083906
    }
  },
  {
   "type": "Feature",
    "geometry": {
    "type": "LineString",
     "coordinates": [
      [[-49.10605485692506,-26.87396699086121],[-49.10609171036638,-26.87396959961941],[-49.10611580794623,-26.87397184332907],[-49.10616078848909,-26.87398091879546],[-49.10620096487914,-26.87399267009301],[-49.10624738775326,-26.87400892865855],[-49.10629672037955,-26.87402868670858],[-49.10631532266223,-26.87403781654065],[-49.10634711006219,-26.87405893788701],[-49.1063863942216,-26.87408787407096],[-49.10644228399541,-26.87413450949259],[-49.106501359912,-26.87418642166687],[-49.10656091242158,-26.87424120409815],[-49.1065890303398,-26.87426625209163],[-49.10656616812199,-26.87428088976183],[-49.10667764681287,-26.87438402435148],[-49.10673739470009,-26.87444068309291],[-49.1067870377514,-26.87448392942533],[-49.1068325052081,-26.87452263305489],[-49.10688995695526,-26.87457147078285],[-49.10694979817747,-26.8746211501211],[-49.10704590578332,-26.87469981437119],[-49.10708237337165,-26.87473037338926],[-49.10710772368729,-26.87475554486683],[-49.10712918638335,-26.87478401734884],[-49.10714646599631,-26.87482162478026],[-49.10715482968814,-26.874839089877],[-49.10716202534836,-26.87485410957356],[-49.10717256847137,-26.87487148923986],[-49.1071915623471,-26.87490340448221],[-49.10723312358826,-26.87488171352616],[-49.10723895886555,-26.87487925093101],[-49.10724397882235,-26.87487914939908],[-49.10724726494868,-26.87488053917239],[-49.10728252107267,-26.87492316929409],[-49.10733672899966,-26.8749954115815],[-49.1073791758094,-26.8750589858529],[-49.10746052745731,-26.87518198467943],[-49.10757311935609,-26.87535881944248],[-49.1076558680609,-26.87548721717428],[-49.10767353573144,-26.87551392926012],[-49.10767489569724,-26.87551850912622],[-49.10767427990024,-26.87552248758429],[-49.10767282555786,-26.87552701892489],[-49.10766862684935,-26.87553540002702],[-49.10766534925769,-26.87554068768074],[-49.10765203635605,-26.87555707807075],[-49.10759956620908,-26.87559662683208],[-49.10743969010086,-26.87572020235703],[-49.10725327432363,-26.87586622045859],[-49.10716679293748,-26.8759377873951],[-49.1071143483084,-26.87598472483927],[-49.10708456596041,-26.87601357578886],[-49.10705498280694,-26.87604587455601],[-49.10701069444578,-26.87609614435878],[-49.10697377577505,-26.87613709535224],[-49.10695838381444,-26.87615701940007],[-49.10693830697877,-26.87618689211133],[-49.10691687294945,-26.87622138229456],[-49.1068857767773,-26.8762719335195],[-49.10685762647552,-26.8763236975672],[-49.10678825308258,-26.87649055522138],[-49.1067319938338,-26.87660209693642],[-49.10672195511101,-26.87661894990135],[-49.10670985247129,-26.87663263873472],[-49.10669358847284,-26.87664249449471],[-49.10667363035876,-26.87665037553952],[-49.10665286095983,-26.8766565687119],[-49.10664046379769,-26.87665918162034],[-49.10660480834772,-26.8766543289622],[-49.10654802284191,-26.87664034961019],[-49.10648341454916,-26.8766124432521],[-49.10640877923428,-26.87674187591252],[-49.10628507549662,-26.87695916248591],[-49.10622694945719,-26.87705071834821],[-49.10616155257009,-26.87717016125883],[-49.10616101780664,-26.8771754332902],[-49.10616074835877,-26.87718103109982],[-49.10616161816321,-26.87718747997187],[-49.1061826154128,-26.87724020233722],[-49.10622649510228,-26.87735675874046],[-49.10625836397931,-26.87744284634407],[-49.1062797638537,-26.87750034243264],[-49.10630384990453,-26.87756328369636],[-49.10631472359718,-26.87756035345172],[-49.10635405583803,-26.87754824993586],[-49.10628293932031,-26.87736291188576],[-49.10625377571111,-26.87728885134704],[-49.10623709554457,-26.87724402217125],[-49.10621897697867,-26.87719702737322],[-49.10621584252026,-26.87718321466836],[-49.10622121297835,-26.87715049857439],[-49.10624505341782,-26.87711241600486],[-49.1062703586835,-26.87707412832269],[-49.10633636804592,-26.87697287968194],[-49.10642716949828,-26.8768354953861],[-49.10651027059268,-26.87670883067518],[-49.10652973432672,-26.87669733901938],[-49.1065416165392,-26.8767003811151],[-49.10663661936935,-26.8767297029724],[-49.10672691839517,-26.87675446687427],[-49.10678981643421,-26.87661581031182],[-49.10683182758059,-26.87652355175299],[-49.10690807731683,-26.87635783682207],[-49.106951809533,-26.87626810413843]]
     ]
    },
    "properties": {
    "OBJECTID": 61182,
    "SHAPE.LEN": 738.410026703454
    }
  },
  {
   "type": "Feature",
    "geometry": {
    "type": "LineString",
     "coordinates": [
      [[-49.10800791265894,-26.87582320502228],[-49.10804232547126,-26.87582705776567]]
     ]
    },
    "properties": {
    "OBJECTID": 62991,
    "SHAPE.LEN": 3.44605221811858
    }
  },
  {
   "type": "Feature",
    "geometry": {
    "type": "LineString",
     "coordinates": [
      [[-49.1096117776771,-26.86769382973809],[-49.1096250009315,-26.86783178965493],[-49.10963709895196,-26.86795716874562],[-49.10964729293428,-26.86807340626752],[-49.10965595710389,-26.8681883172843],[-49.10965966797822,-26.86825776929691],[-49.10965642018972,-26.86829123697874],[-49.10965104766535,-26.86830335630675],[-49.10964530852945,-26.86831131703991],[-49.10963607170039,-26.86831815239483],[-49.10962738377279,-26.86832230087969],[-49.10961823609466,-26.86832377607875],[-49.10951739496657,-26.86832549851801],[-49.10940544855976,-26.86832616250198],[-49.10923469766364,-26.86832886737825],[-49.10911999282446,-26.86833036973275],[-49.10903665994333,-26.86833126557219]]
     ]
    },
    "properties": {
    "OBJECTID": 61906,
    "SHAPE.LEN": 129.783134321693
    }
  },
  {
   "type": "Feature",
    "geometry": {
    "type": "LineString",
     "coordinates": [
      [[-49.10479746615918,-26.88486956810084],[-49.10476583793189,-26.88485286749626],[-49.10474373129556,-26.8848373407348],[-49.10470639690629,-26.88480550039036],[-49.1046811044773,-26.88477809443431],[-49.10465040677442,-26.88473856920455],[-49.10462597207987,-26.88470126441727],[-49.10459708273591,-26.8846531419957],[-49.10458289404364,-26.88462800698834],[-49.10455506113651,-26.88457321873861],[-49.10452680096553,-26.88451411853996],[-49.10449802369398,-26.88445759728968],[-49.10447034669241,-26.88440927359228],[-49.10445164920436,-26.88437741341412],[-49.10442194771625,-26.88433574434204],[-49.10439028466192,-26.88429599400034],[-49.10436477979088,-26.88426643158571],[-49.10431822989732,-26.88421769301854],[-49.10424698591417,-26.88415124744516],[-49.10424261535513,-26.88415227910431],[-49.10421018112336,-26.88417067703558],[-49.10420256499895,-26.88417921250934],[-49.10413518819542,-26.8842590611486],[-49.10408908061254,-26.88430467064],[-49.10405083169587,-26.88434174610094],[-49.10401153571918,-26.88436653421103],[-49.10397127160709,-26.88439131111917],[-49.10387974552675,-26.88443062642057],[-49.10378717946869,-26.88447531610175],[-49.10371699729122,-26.884511193776],[-49.103647328036,-26.88454492384118],[-49.10360543305759,-26.88456494471148],[-49.10356500421034,-26.88458390486487],[-49.1035369847791,-26.88459782553774],[-49.10349144218027,-26.8846191016265],[-49.10344954974419,-26.8846389067657],[-49.10338477166387,-26.88466881134584],[-49.10337110760411,-26.8846406659468],[-49.10339349776742,-26.8846314245134],[-49.10351382862611,-26.88457367298492],[-49.10358860544804,-26.88453805928128],[-49.10363194745394,-26.8845184838606],[-49.10372055791035,-26.88447999967164],[-49.10381894575594,-26.88443429426145],[-49.10397280204932,-26.88434889505234],[-49.10401287366456,-26.8843204537915],[-49.10409302681233,-26.8842444014656],[-49.10412642467556,-26.88420813548051],[-49.10413558230822,-26.88419293889993],[-49.10415744047378,-26.88415073609224],[-49.10417432523843,-26.88411860431049],[-49.10418672584147,-26.8840961186899],[-49.10411690122235,-26.88403492075295],[-49.10406015726892,-26.88397924253535],[-49.10403441408756,-26.88395365453819],[-49.10401828511672,-26.88393912312361],[-49.10399384732175,-26.88395183106722],[-49.10396109485603,-26.88396445176794],[-49.10392039062667,-26.88398243896773],[-49.10385077192876,-26.88401611838224],[-49.10376083917889,-26.88405846691699],[-49.10372276456251,-26.88407569689292]]
     ]
    },
    "properties": {
    "OBJECTID": 62968,
    "SHAPE.LEN": 366.653565837369
    }
  },
  {
   "type": "Feature",
    "geometry": {
    "type": "LineString",
     "coordinates": [
      [[-49.1054449660746,-26.87497882798926],[-49.10545380009396,-26.87510267685471],[-49.10546531748108,-26.8753138025337]]
     ]
    },
    "properties": {
    "OBJECTID": 61161,
    "SHAPE.LEN": 37.173108641083
    }
  },
  {
   "type": "Feature",
    "geometry": {
    "type": "LineString",
     "coordinates": [
      [[-49.10548768082214,-26.87497827885623],[-49.10547967851669,-26.87488144819161],[-49.10547145846179,-26.87478620856529],[-49.10546370831736,-26.874686992146],[-49.10545257914092,-26.8745611150858],[-49.10544543769102,-26.87446571572093],[-49.10543761239566,-26.87435941843915],[-49.10542671407105,-26.87422730401951],[-49.10541857159589,-26.87412276702896],[-49.10540809217115,-26.87401207016993],[-49.10539944449658,-26.8739177932699],[-49.10540002832013,-26.87387462971008],[-49.10540074632436,-26.87380361969113],[-49.1054039826408,-26.87377038760556],[-49.1054081169846,-26.87375935302198],[-49.10541390089447,-26.87374928556087],[-49.10542205635355,-26.87373913797995],[-49.10543005110389,-26.87373180790906],[-49.10543741574629,-26.87372774124751],[-49.10544290719476,-26.87372477137697],[-49.10544757288459,-26.8737232778884],[-49.10545136154313,-26.87372325738662],[-49.10545645863981,-26.87372420033529],[-49.10552632208436,-26.87375504777376]]
     ]
    },
    "properties": {
    "OBJECTID": 61184,
    "SHAPE.LEN": 149.872260345129
    }
  },
  {
   "type": "Feature",
    "geometry": {
    "type": "LineString",
     "coordinates": [
      [[-49.10473132543682,-26.87276631137371],[-49.10477277732204,-26.87287896443021],[-49.10480949981093,-26.87297328127313],[-49.10481562948182,-26.87298025921618],[-49.10482102268254,-26.87298299778276],[-49.10482824756954,-26.8729851968043],[-49.10483586557935,-26.87298560947382],[-49.10494590308652,-26.87297058708469],[-49.10508829618741,-26.87295235662579],[-49.10519035838722,-26.87293987616151],[-49.10529243166586,-26.87292648867632],[-49.10537683892195,-26.87291537882234],[-49.10538570542924,-26.87291250204607],[-49.10539028267323,-26.87290949013184],[-49.10539446139794,-26.87290472547513],[-49.10539684780971,-26.87290127802167],[-49.10539836339611,-26.87289639642212],[-49.10539923355689,-26.87277846951997],[-49.10539151388006,-26.87263704695285],[-49.10537942867244,-26.87241398507583],[-49.10537302283,-26.87228002371364],[-49.10537154980844,-26.87226949520022],[-49.10536653111398,-26.87226246538699],[-49.10535717990387,-26.87225264446011],[-49.10534583658391,-26.87224435377383],[-49.10534014987942,-26.87224135225125],[-49.10533504102442,-26.87223960945558],[-49.10532739234991,-26.87223965040238],[-49.10531353614154,-26.87224106577897],[-49.10530445991356,-26.87224288191464],[-49.10530091118351,-26.87224463227097],[-49.10524598068363,-26.87230376302148],[-49.10514595334138,-26.87240875659684],[-49.10511199843213,-26.87244143049977],[-49.10500946563201,-26.87252772407201],[-49.10497120151689,-26.87255976519905],[-49.10490725784383,-26.87260767586957],[-49.1048322369466,-26.87265957987766],[-49.10476506744867,-26.87270507883611],[-49.10475526535691,-26.87271366358676],[-49.10474617649298,-26.87272450172177],[-49.10473988283111,-26.87273671046331],[-49.10473424330691,-26.87275181894811],[-49.10473216963629,-26.87275986743336],[-49.10473132543682,-26.87276631137371]]
     ]
    },
    "properties": {
    "OBJECTID": 61207,
    "SHAPE.LEN": 244.616698260066
    }
  },
  {
   "type": "Feature",
    "geometry": {
    "type": "LineString",
     "coordinates": [
      [[-49.10690990498475,-26.87114173377157],[-49.10697570341093,-26.87117354230146],[-49.10698970782454,-26.8711833406218],[-49.10699637453512,-26.87119125171772],[-49.1070019015995,-26.87119996979806],[-49.107004383899,-26.87120508008077],[-49.10700525343231,-26.87121728652316]]
     ]
    },
    "properties": {
    "OBJECTID": 61168,
    "SHAPE.LEN": 13.3759359132323
    }
  },
  {
   "type": "Feature",
    "geometry": {
    "type": "LineString",
     "coordinates": [
      [[-49.10591292321365,-26.87000989561566],[-49.10600283954666,-26.87011194910567],[-49.10606779458301,-26.87017879399978],[-49.10612697069113,-26.8702391214859],[-49.10621429117002,-26.87031796084109],[-49.10629435224043,-26.8703867825729],[-49.10636763592856,-26.87044649392973],[-49.10642079779714,-26.87048677377337],[-49.10650280285861,-26.87054488432518],[-49.10658358618988,-26.87059846464596]]
     ]
    },
    "properties": {
    "OBJECTID": 64613,
    "SHAPE.LEN": 93.598564939756
    }
  },
  {
   "type": "Feature",
    "geometry": {
    "type": "LineString",
     "coordinates": [
      [[-49.10504998455055,-26.86883718989261],[-49.10510424223899,-26.86890378613458],[-49.10521537195785,-26.86905173924725],[-49.10530623604962,-26.86916990791583],[-49.10541152402035,-26.86931176233626],[-49.10552088347721,-26.86945855243767],[-49.10566256439685,-26.86964713209371],[-49.10584994046213,-26.86989531604624],[-49.10587279047353,-26.86992200031557]]
     ]
    },
    "properties": {
    "OBJECTID": 65959,
    "SHAPE.LEN": 145.390055561267
    }
  },
  {
   "type": "Feature",
    "geometry": {
    "type": "LineString",
     "coordinates": [
      [[-49.10473789033267,-26.86871843775312],[-49.10473044178261,-26.86872031270016],[-49.10471297603925,-26.86872456156709],[-49.10469691250502,-26.86873102702664],[-49.10466452225207,-26.86874948001775],[-49.10464910847421,-26.8687571753803],[-49.10460873416702,-26.86879561184272],[-49.10460039180279,-26.86881161464478],[-49.10459517336508,-26.86882622875607],[-49.10459402315718,-26.86883907512273],[-49.10459564654589,-26.86885868563704],[-49.10459821068888,-26.86888193173453],[-49.10460411320054,-26.86889865542344],[-49.10469538471946,-26.86899729533848],[-49.10488700228022,-26.86922932968856],[-49.10507706035828,-26.86952952936178],[-49.10520045947783,-26.86972730981199],[-49.10527190445028,-26.86982197210766],[-49.10540446407747,-26.86998990679364],[-49.10552099852436,-26.87014976321711],[-49.10559547936211,-26.87022305501148],[-49.10561733498741,-26.870230420658],[-49.10563855000402,-26.87022996857123],[-49.10566417734155,-26.87022002902158],[-49.10569410262416,-26.87020957665376],[-49.10572254690977,-26.87019535239073],[-49.10572306310184,-26.87019499647266]]
     ]
    },
    "properties": {
    "OBJECTID": 61173,
    "SHAPE.LEN": 218.403557513889
    }
  },
  {
   "type": "Feature",
    "geometry": {
    "type": "LineString",
     "coordinates": [
      [[-49.10438465314463,-26.86899313084512],[-49.10439834587841,-26.86895641878396],[-49.10442046126592,-26.86892290744137],[-49.10444234330171,-26.86890290371492],[-49.10445332193088,-26.86889743512184],[-49.10446136550189,-26.86889596982095],[-49.10446871463189,-26.86889667764755],[-49.10447618028235,-26.86889788165175],[-49.10448507118664,-26.8689010669876],[-49.10454099281266,-26.86894433144338],[-49.10462606370366,-26.86905389792377],[-49.10474874698729,-26.86919748351461],[-49.10492085513627,-26.86944577431426],[-49.10506468647762,-26.86963606036907],[-49.10513945804883,-26.86974650566227],[-49.10515872240399,-26.86979404937003],[-49.10516603553598,-26.86982818832317],[-49.10516545308151,-26.86986191542332],[-49.10516145453607,-26.86988986441518],[-49.10515335193396,-26.86991919257523],[-49.10511436671054,-26.87006908690138],[-49.10520757581605,-26.87008889841956],[-49.10521229340952,-26.87009237163532],[-49.10521484729932,-26.87009704515378],[-49.1052223343581,-26.8701792471301],[-49.10521689969992,-26.87048872923268],[-49.10522014213339,-26.87067080276038],[-49.10521829307432,-26.87068198442431],[-49.10517661652653,-26.87077205291378],[-49.10521655073631,-26.87078865799459],[-49.10524829904573,-26.87070847411961],[-49.10525387349445,-26.87068421886685],[-49.10525504330045,-26.87067399746713],[-49.1052537751936,-26.87041660285756],[-49.10525491043708,-26.870186672646],[-49.10524272857952,-26.87001071066329],[-49.10524199241981,-26.86996141980581],[-49.10524385895857,-26.86995268978755],[-49.1052465187165,-26.86994745166509],[-49.10524955026742,-26.86994393884961],[-49.10525582697266,-26.86994136581277],[-49.1052626824523,-26.86993987460925],[-49.1052712861518,-26.86994055318766],[-49.105279530517,-26.86994226040386],[-49.10539649783657,-26.87008211428451],[-49.10556782069167,-26.87028294600041],[-49.10564494796701,-26.87037269573682],[-49.10572097951223,-26.8703256155204],[-49.10576255891107,-26.87031071710576],[-49.10579338612802,-26.87030279140286],[-49.10583112832597,-26.87029264326589],[-49.10588112773912,-26.87028491588021],[-49.10589934022448,-26.87028490819298],[-49.10591440256836,-26.87028604878333],[-49.10592463871745,-26.87028835850961],[-49.10592881438959,-26.8702898685424],[-49.10607154347105,-26.87042090601254],[-49.10607749720634,-26.87042980223782],[-49.10608023955741,-26.87043905255561],[-49.10607998673891,-26.87044727801046],[-49.10606570460613,-26.87056895686077],[-49.10621295619575,-26.87070131663119]]
     ]
    },
    "properties": {
    "OBJECTID": 61171,
    "SHAPE.LEN": 503.771787051445
    }
  },
  {
   "type": "Feature",
    "geometry": {
    "type": "LineString",
     "coordinates": [
      [[-49.10251787851184,-26.88212998757548],[-49.10247231111665,-26.8821312284734],[-49.10244002866432,-26.88212808888552],[-49.10240363556407,-26.88212103102814],[-49.10237132783778,-26.88211428347336],[-49.10236796687912,-26.88211513548764],[-49.1023663861664,-26.8821177533964],[-49.1023811111016,-26.88218340359247],[-49.10238414957679,-26.88219956538963],[-49.10238411212473,-26.88222373778103],[-49.10238397400745,-26.88223098093435],[-49.10239007010654,-26.88224661427844],[-49.10239291929864,-26.88224566874127],[-49.10242631334001,-26.88221793969717],[-49.10245898914204,-26.88219223270365],[-49.1025181208968,-26.88214807492294],[-49.10253516060472,-26.88213770571693],[-49.10253692449409,-26.88213406403328],[-49.1025357498129,-26.88213039190299],[-49.10253307435765,-26.88212907159356],[-49.10252793446343,-26.88212880217883],[-49.10251787851184,-26.88212998757548]]
     ]
    },
    "properties": {
    "OBJECTID": 66648,
    "SHAPE.LEN": 51.502802017857
    }
  },
  {
   "type": "Feature",
    "geometry": {
    "type": "LineString",
     "coordinates": [
      [[-49.10305575555687,-26.87839331934928],[-49.10304212884169,-26.8782721427469],[-49.10304223800652,-26.87823739486191],[-49.10304597100916,-26.87821961902142],[-49.10304948121437,-26.87821114759972],[-49.10305372163756,-26.87820391168731]]
     ]
    },
    "properties": {
    "OBJECTID": 61193,
    "SHAPE.LEN": 21.2568952266599
    }
  },
  {
   "type": "Feature",
    "geometry": {
    "type": "LineString",
     "coordinates": [
      [[-49.1043014571361,-26.86898447006836],[-49.10430556107494,-26.8690675085123],[-49.10431100206746,-26.86919033806974],[-49.10431864032103,-26.86933656404712],[-49.1043258122311,-26.86951569641619],[-49.10433162145667,-26.86963859408839],[-49.10433845786896,-26.86977303873082],[-49.10434341681763,-26.8699483604877],[-49.10434947402467,-26.87006381337524],[-49.10435327151001,-26.87016975071304],[-49.10436209974401,-26.87040121170945]]
     ]
    },
    "properties": {
    "OBJECTID": 61205,
    "SHAPE.LEN": 157.102505136749
    }
  },
  {
   "type": "Feature",
    "geometry": {
    "type": "LineString",
     "coordinates": [
      [[-49.10436209974401,-26.87040121170945],[-49.10435280386114,-26.870411498281],[-49.10434282717866,-26.87041746769533],[-49.10418500436234,-26.87047221204974],[-49.1040089899349,-26.87052660742568],[-49.10400127750025,-26.87052758162163]]
     ]
    },
    "properties": {
    "OBJECTID": 61176,
    "SHAPE.LEN": 38.74862839652079
    }
  },
  {
   "type": "Feature",
    "geometry": {
    "type": "LineString",
     "coordinates": [
      [[-49.10295495699295,-26.86756237702561],[-49.10302605074779,-26.86759914134208],[-49.10314221235143,-26.86765604968],[-49.10324593728983,-26.86770853261406],[-49.10336940275143,-26.86776995604481],[-49.10345083450669,-26.86780811259624],[-49.10352422151279,-26.86784383157337],[-49.10360347769016,-26.867883124076],[-49.10370870540126,-26.8679352585988],[-49.10378941725763,-26.86797773137779],[-49.10384772034722,-26.86800814639197]]
     ]
    },
    "properties": {
    "OBJECTID": 65967,
    "SHAPE.LEN": 101.550122470738
    }
  },
  {
   "type": "Feature",
    "geometry": {
    "type": "LineString",
     "coordinates": [
      [[-49.1008450217647,-26.87294342216805],[-49.10084519326345,-26.87294592732885],[-49.10085229799148,-26.87304883125298],[-49.10085587374319,-26.8731235136932],[-49.10085654569827,-26.87321085279826],[-49.10085628457664,-26.87329452390981],[-49.10085596579354,-26.8733820663154],[-49.10086012411669,-26.87346729691749],[-49.10086879602365,-26.87358097343872],[-49.10087616945499,-26.8736823745609],[-49.1008827714553,-26.87375279236451],[-49.10089112336203,-26.8738217245742],[-49.10089923136731,-26.87387387634089],[-49.10091725328103,-26.87400616428077],[-49.100932575332,-26.8741207813136],[-49.10093811921867,-26.87419591802216],[-49.10094290398803,-26.87425577376986],[-49.10094815350694,-26.87431757089614],[-49.10095037423776,-26.87435054312232],[-49.10095568143573,-26.87440864856706],[-49.10096417947324,-26.8745339389472],[-49.10096497574647,-26.87454308286019],[-49.10097281959855,-26.87463320442963],[-49.1009842568707,-26.87479316180597],[-49.10099785488361,-26.87490754264531],[-49.10100960112621,-26.8749971660885],[-49.10101911933189,-26.87510375517023],[-49.10102666587665,-26.87519354239304],[-49.10102812388372,-26.87522819128676],[-49.10102810383366,-26.87522927050327],[-49.10102781164961,-26.87523223967544],[-49.10102717599294,-26.87523516451751],[-49.1010262024227,-26.87523801351389],[-49.10102490151412,-26.87524075611896],[-49.10102328887364,-26.87524336185478],[-49.10102138109889,-26.87524580115926],[-49.10101919873706,-26.87524804903632],[-49.10101676736659,-26.87525008055749],[-49.10101411154463,-26.87525187168315],[-49.10101126176017,-26.87525340477152],[-49.10100824949345,-26.87525466309665],[-49.10100510721581,-26.87525563084857],[-49.10100186828424,-26.8752562994498],[-49.10099857008071,-26.875256660377],[-49.10094760112475,-26.87526443968802],[-49.10085178120444,-26.87527670664812],[-49.10077625789756,-26.87528330740655],[-49.10077614516779,-26.87528330769633],[-49.10077229103035,-26.87528350951147],[-49.10076848117176,-26.87528407295381],[-49.10076475696875,-26.87528499135892],[-49.10076115985841,-26.87528625445286],[-49.10075772831939,-26.87528784831164],[-49.10075450087565,-26.87528975630409],[-49.10075151210155,-26.8752919572331],[-49.10074879561049,-26.87529442718087],[-49.10074638004495,-26.87529713855245],[-49.10074429307139,-26.87530006193467],[-49.10074255637908,-26.87530316422361],[-49.10074118962976,-26.87530641319071],[-49.10074020751424,-26.87530977293028],[-49.10073962173482,-26.87531320569127],[-49.10073943794121,-26.87531667454384],[-49.10073965778827,-26.87532014069929],[-49.100741302063,-26.87535845296116],[-49.10074812183895,-26.87544630611727],[-49.10075793715497,-26.87553161455164],[-49.10077240794406,-26.87563531697016],[-49.10080019257639,-26.87563285636901],[-49.10078524440719,-26.87547437806882],[-49.10077867604395,-26.87538840204972],[-49.10077717545665,-26.8753304741395],[-49.10077718996444,-26.87533026854624],[-49.10077748741663,-26.87532806844401],[-49.10077803886097,-26.87532590695674],[-49.10077883683141,-26.87532380925631],[-49.10077987492843,-26.87532179691858],[-49.10078113969376,-26.87531989232718],[-49.10078261869037,-26.8753181169768],[-49.10078429449536,-26.87531648958745],[-49.10078614968574,-26.87531502887905],[-49.10078816388017,-26.87531374992153],[-49.10079052902231,-26.8753119476722],[-49.10079563917574,-26.875309341118],[-49.10080274433489,-26.87530642291386],[-49.10081112349847,-26.87530447947263],[-49.10096483445219,-26.87529403677547],[-49.10103556316162,-26.87528392903165],[-49.10103705250132,-26.87528388316122],[-49.10103937869797,-26.87528398934131],[-49.10104168015896,-26.87528431090558],[-49.10104393175832,-26.87528484571116],[-49.1010461094517,-26.87528558711681],[-49.10104818821867,-26.87528652666303],[-49.10105014608772,-26.87528765412611],[-49.10105196210863,-26.87528895839353],[-49.10105361542173,-26.87529042293845],[-49.10105508814076,-26.87529203398181],[-49.10105636448251,-26.87529377235726],[-49.10105743066112,-26.87529561982792],[-49.10105827392718,-26.87529755636567],[-49.1010663414604,-26.87536159275303],[-49.10107847153881,-26.87547540779123],[-49.10110923615665,-26.87547428057758],[-49.10110423295627,-26.87542104503743],[-49.10109155120804,-26.87531217414056],[-49.10108419996579,-26.87522984846861],[-49.10107538958322,-26.87514491909693],[-49.10107366300098,-26.87512886877272]]
     ]
    },
    "properties": {
    "OBJECTID": 61740,
    "SHAPE.LEN": 450.054892380492
    }
  },
  {
   "type": "Feature",
    "geometry": {
    "type": "LineString",
     "coordinates": [
      [[-49.10083754180491,-26.87622950989642],[-49.10084031317494,-26.876305526342],[-49.10084058406921,-26.87630780538789],[-49.10084058803425,-26.87631009709201],[-49.10084032448612,-26.87631237617427],[-49.10083979683577,-26.87631461921344],[-49.10083901056697,-26.87631679920582],[-49.10083797409177,-26.87631889460257],[-49.10083669989248,-26.87632088120182],[-49.10083520042127,-26.87632273660645],[-49.10083349310123,-26.87632444209648],[-49.10083284967239,-26.87632500116998],[-49.10078945762137,-26.87636531827635],[-49.10072685704354,-26.87641657996497],[-49.10065902233048,-26.87647057286458],[-49.10059864133317,-26.87652229215378],[-49.10059179446617,-26.8765295624469],[-49.10058860471763,-26.87653601633332],[-49.10058627398838,-26.87654280218455],[-49.1005855466837,-26.87654831800094],[-49.10058480478543,-26.87655639243533],[-49.10058386438094,-26.87656773154039]]
     ]
    },
    "properties": {
    "OBJECTID": 61723,
    "SHAPE.LEN": 48.1406547581036
    }
  },
  {
   "type": "Feature",
    "geometry": {
    "type": "LineString",
     "coordinates": [
      [[-49.10049635446074,-26.87652162817086],[-49.10050091669603,-26.87652428623282],[-49.10050350305298,-26.8765254483288],[-49.10050621132108,-26.87652636204917],[-49.10050901048735,-26.87652701614601],[-49.1005118704546,-26.87652740479916],[-49.10051476010426,-26.87652752307737],[-49.10051764824232,-26.87652737056121],[-49.10052050266854,-26.87652694681774],[-49.10052329106198,-26.87652625863307],[-49.10052598512671,-26.8765253128474],[-49.1005285534877,-26.87652411986986],[-49.10053096876478,-26.87652269196846],[-49.10053320551489,-26.87652104595015],[-49.10053523727357,-26.87651919951074],[-49.10053704257755,-26.87651717221839],[-49.10053797116139,-26.87651593192199],[-49.10066165085494,-26.87640864518204],[-49.10073173740238,-26.87635661678045],[-49.10074281500963,-26.87634865331058],[-49.10075290274128,-26.87633969633076],[-49.10076189126865,-26.87632984365529],[-49.10076968117485,-26.87631920225753],[-49.10077618694972,-26.87630789012873],[-49.10078133808649,-26.8762960308773],[-49.10078507706933,-26.87628375370176],[-49.10078736440457,-26.87627119345833],[-49.10078779186775,-26.87626705636217],[-49.10079220587737,-26.87620548572679],[-49.10079107632293,-26.87612078596641],[-49.10078958841586,-26.87604319371906],[-49.10078702521371,-26.87597140414476],[-49.10078818345015,-26.87588278634839],[-49.10082388352239,-26.87588325000537],[-49.10082620850493,-26.87597573524808],[-49.10083138733471,-26.87609233698213],[-49.10083680652611,-26.87620937157388],[-49.10083754180491,-26.87622950989642]]
     ]
    },
    "properties": {
    "OBJECTID": 61724,
    "SHAPE.LEN": 127.154626043568
    }
  },
  {
   "type": "Feature",
    "geometry": {
    "type": "LineString",
     "coordinates": [
      [[-49.10076506986468,-26.87213393953956],[-49.10076170091848,-26.87208380013327],[-49.10075890287813,-26.87203105633253],[-49.1007531790889,-26.87196910027847],[-49.10074887628245,-26.87190088858437],[-49.10074815233948,-26.87186959360626],[-49.10075064321171,-26.87180456186044],[-49.10075106905223,-26.87179835241468],[-49.10075269183252,-26.8717860440744],[-49.10075624060604,-26.87176424120267],[-49.10076112226639,-26.87173519047318],[-49.1007634031643,-26.87172059932663],[-49.10076754600568,-26.87169257753602],[-49.10077579903817,-26.87163643964665],[-49.10078752298013,-26.87155936250811],[-49.10078832399271,-26.87155346768989],[-49.10078955796971,-26.87154165956763],[-49.1007904129056,-26.87152982829894],[-49.10079152499981,-26.87150610266916],[-49.10079206017659,-26.87148576298791],[-49.10079208643212,-26.87147558042636],[-49.10079179634096,-26.87146029854513],[-49.10079108659883,-26.87144501463357],[-49.10079056414063,-26.87143737358424],[-49.10078909148522,-26.87142221209751],[-49.10078823183759,-26.87141547631717],[-49.10078613910217,-26.87140200786021],[-49.10078424561742,-26.87139191322001],[-49.10078055723974,-26.87137564065947],[-49.10077527157278,-26.87135413332351],[-49.10077292352857,-26.87134329516492],[-49.10076819504767,-26.87131946214713],[-49.10076590159704,-26.87130752537904],[-49.1007627293174,-26.87128957915],[-49.10076088674499,-26.87127758255388],[-49.10076007132218,-26.87127157304262],[-49.10075900245505,-26.8712625418951],[-49.1007571589515,-26.87124518124973]]
     ]
    },
    "properties": {
    "OBJECTID": 61758,
    "SHAPE.LEN": 99.0806383308328
    }
  },
  {
   "type": "Feature",
    "geometry": {
    "type": "LineString",
     "coordinates": [
      [[-49.10072975150589,-26.87213491524499],[-49.10073541375589,-26.8722089831018],[-49.10073693760462,-26.87223180006115],[-49.10073772375407,-26.87224702813586],[-49.10073881145821,-26.87227751387455],[-49.10073914123215,-26.87229276921011],[-49.10073944427632,-26.87232329314067],[-49.10073936578156,-26.87235382277348],[-49.10073852313575,-26.87241483762155],[-49.10073783831037,-26.87244214230688],[-49.10073732938284,-26.87245579150864],[-49.10073633004724,-26.87247626123708],[-49.1007342369592,-26.87250695242844],[-49.10073133701508,-26.87253762465059],[-49.1007295500181,-26.87255295262096],[-49.10072743051006,-26.87256752066176],[-49.10072424612431,-26.87258684903896],[-49.10072282085294,-26.8725964920042],[-49.10072217365724,-26.87260155309898],[-49.10072103434459,-26.87261167015247],[-49.10071888082197,-26.87263188608424],[-49.10071758276663,-26.8726419865625],[-49.10071618684199,-26.87265053599451],[-49.10071391427963,-26.87266191677101],[-49.10071266989713,-26.87266760164448],[-49.10071075401062,-26.87267612874309],[-49.10070980210459,-26.87268039237353],[-49.10070765885851,-26.87268909422419],[-49.10070600782097,-26.87269484222733],[-49.10070220849419,-26.87270628190738],[-49.1007014678103,-26.8727081448053],[-49.10069964217607,-26.87271169358055],[-49.10069737911881,-26.87271503881067],[-49.10069563954985,-26.87271717169146],[-49.10069163918569,-26.87272124993039],[-49.10069022632902,-26.87272226168511],[-49.10068941323343,-26.87272255582735],[-49.10068719442602,-26.87272307296502]]
     ]
    },
    "properties": {
    "OBJECTID": 61728,
    "SHAPE.LEN": 66.08858123871639
    }
  },
  {
   "type": "Feature",
    "geometry": {
    "type": "LineString",
     "coordinates": [
      [[-49.11888033391811,-26.87949640937412],[-49.11882926122193,-26.87959433221704],[-49.11879412915513,-26.87960075020848],[-49.11875500658387,-26.87966804858011],[-49.11866278546219,-26.87983226252248],[-49.11858563412941,-26.8799615051545],[-49.11854473064692,-26.88003263919078],[-49.11847970204473,-26.88014921386202],[-49.11835910627597,-26.88035996962235],[-49.11824425091665,-26.88056266491954],[-49.11819411200539,-26.88065178978649],[-49.1181876003728,-26.88066682224473],[-49.11818419379595,-26.88067815304585],[-49.11818314081995,-26.88069189351096],[-49.11818371456029,-26.88070319339412],[-49.11818846954957,-26.8807161862655],[-49.11819884713584,-26.88073111516616],[-49.11820906536876,-26.88074260038697],[-49.11822326593673,-26.88075405471518],[-49.11823706563749,-26.88076206214572],[-49.11833227078345,-26.88080582673426],[-49.11847880832246,-26.88087186932093],[-49.1186038555341,-26.88092868093072],[-49.11862060085548,-26.88093459384498],[-49.11863898758594,-26.88093742191993],[-49.11865836970471,-26.88093897796788],[-49.11867692154619,-26.88093998050212],[-49.11868805352291,-26.88093847521903],[-49.11869583196142,-26.88093604525341],[-49.11870476427426,-26.88093073516123],[-49.11871206444548,-26.88092302772844],[-49.11872769386208,-26.88089494705087],[-49.11876325016423,-26.88083048227348],[-49.11883678563937,-26.88070117066333],[-49.11890157832439,-26.88058437607174],[-49.11901307690883,-26.88038580815077],[-49.11912312805823,-26.88019226449651],[-49.11921970430862,-26.88002748905529],[-49.11932675864293,-26.87983313540271],[-49.11939701467723,-26.87970472749064],[-49.11948559396436,-26.87952130626264],[-49.11948812864497,-26.87950608901631],[-49.11948821336792,-26.8794723325444],[-49.11948214118543,-26.87942362131074],[-49.11946178728834,-26.8793719472211],[-49.11938034983986,-26.87920148122995],[-49.11927882219383,-26.8790237463854],[-49.11920463720446,-26.8788879305355],[-49.11906460760607,-26.8786306489665],[-49.11899104330414,-26.87849409213544]]
     ]
    },
    "properties": {
    "OBJECTID": 61372,
    "SHAPE.LEN": 511.511340335
    }
  },
  {
   "type": "Feature",
    "geometry": {
    "type": "LineString",
     "coordinates": [
      [[-49.11995634318131,-26.86707728155937],[-49.11995701424652,-26.86707285246674],[-49.11995565963067,-26.8670670109533],[-49.11995453538182,-26.86706379181228],[-49.11994891447691,-26.86705680231221],[-49.11994234223778,-26.8670517768209],[-49.11985461521124,-26.86700746058947],[-49.11973167814356,-26.86694805752201],[-49.11961600945525,-26.86688828984589],[-49.11952932807723,-26.86684636204113],[-49.11941897569902,-26.86679345150556],[-49.11929833895511,-26.8667373803516],[-49.1192021489234,-26.86669103671473],[-49.11910372698587,-26.86664887658397]]
     ]
    },
    "properties": {
    "OBJECTID": 61410,
    "SHAPE.LEN": 97.9062909085474
    }
  },
  {
   "type": "Feature",
    "geometry": {
    "type": "LineString",
     "coordinates": [
      [[-49.11813194468322,-26.87909054917997],[-49.11824898630856,-26.87914339313224]]
     ]
    },
    "properties": {
    "OBJECTID": 61357,
    "SHAPE.LEN": 13.0205883569062
    }
  },
  {
   "type": "Feature",
    "geometry": {
    "type": "LineString",
     "coordinates": [
      [[-49.11686375060983,-26.87797109921913],[-49.11690816998611,-26.87798595034095],[-49.11697682490772,-26.8780035361894],[-49.11701327167592,-26.87801135096659],[-49.11714093905891,-26.87804429099677],[-49.11722781845251,-26.87806578501199],[-49.1173834653213,-26.87810518925545],[-49.11739361366629,-26.87810635704895],[-49.11739976403101,-26.8781044361719],[-49.11740572206991,-26.87810057668683],[-49.11741291363215,-26.87809018448235],[-49.11752424324377,-26.87789427083506],[-49.11761527244324,-26.87773644014398],[-49.11768689779956,-26.8776091840637],[-49.11773123723771,-26.87752685883443],[-49.11778913118555,-26.87742824740934],[-49.11784602319933,-26.8773264987597],[-49.11787786377365,-26.87726628637127],[-49.11792492174447,-26.87718035986509],[-49.11796181519178,-26.87710906783843],[-49.11801784126785,-26.87700343186627],[-49.11806400297254,-26.87691490835888],[-49.11815108937054,-26.87677742044402],[-49.11822664387373,-26.87666109883635],[-49.11826026497611,-26.87660651059985],[-49.11833955799479,-26.8764739235795],[-49.11837414812337,-26.87641387223025],[-49.11843194523946,-26.87631429071998],[-49.11848062021409,-26.87623581380074],[-49.11853405227149,-26.87614861534692],[-49.11856700698484,-26.87610999932817],[-49.11859740147985,-26.87607306682747],[-49.11861224135001,-26.87605269000576],[-49.11861617746889,-26.87604127777893],[-49.11861776593501,-26.87603007979268],[-49.11861526776977,-26.87601829215336],[-49.11860976604637,-26.8760054229331],[-49.11860354966943,-26.87600003294871],[-49.11858936513445,-26.87599244375854],[-49.11852915287979,-26.87596717733364],[-49.11839332178416,-26.87591010578142],[-49.11825393785249,-26.87585145960828],[-49.11813047905149,-26.87580269392039],[-49.11809555632915,-26.8757912560171],[-49.11808647284679,-26.87579064672472],[-49.11807756242495,-26.87579283594678],[-49.11807088613752,-26.87579668138668],[-49.11806217348322,-26.87580564624341],[-49.1180216714836,-26.87587267518446],[-49.117960542593,-26.8759864874348],[-49.11790772048398,-26.87608326389744],[-49.11780543926427,-26.87625624469833],[-49.11773546014411,-26.87637471901441],[-49.11765156223582,-26.87651463197925],[-49.11759945815676,-26.87660637061041],[-49.11754200205246,-26.87670165817494],[-49.11747461408629,-26.87681685166395],[-49.11741524844121,-26.8769169380392],[-49.11735064528738,-26.87703078851198],[-49.11729645849719,-26.87711947649525],[-49.11723570147969,-26.87722770541107],[-49.11718344953313,-26.87731557069687],[-49.11712981101277,-26.87741136383789],[-49.11708036406143,-26.87750207981811],[-49.11703408001868,-26.87758565606464],[-49.11697066784818,-26.87769974423393],[-49.11691716162276,-26.87779500200079],[-49.11684825974012,-26.87791844172031],[-49.11684315590963,-26.87793167056763],[-49.1168427777904,-26.87794252001277],[-49.1168458930336,-26.87795247101718],[-49.11685472565775,-26.87796360931444],[-49.11686375060983,-26.87797109921913]]
     ]
    },
    "properties": {
    "OBJECTID": 61387,
    "SHAPE.LEN": 648.8173273259181
    }
  },
  {
   "type": "Feature",
    "geometry": {
    "type": "LineString",
     "coordinates": [
      [[-49.11824507758906,-26.86679143843504],[-49.11817817530024,-26.86675816454665]]
     ]
    },
    "properties": {
    "OBJECTID": 61408,
    "SHAPE.LEN": 7.60226772746133
    }
  },
  {
   "type": "Feature",
    "geometry": {
    "type": "LineString",
     "coordinates": [
      [[-49.11767076698096,-26.86791237823367],[-49.11772325215243,-26.86796982294958],[-49.11772632687959,-26.86797504114006],[-49.1177264697327,-26.867981364757],[-49.11772513038791,-26.86799040798016]]
     ]
    },
    "properties": {
    "OBJECTID": 61440,
    "SHAPE.LEN": 10.5947438140889
    }
  },
  {
   "type": "Feature",
    "geometry": {
    "type": "LineString",
     "coordinates": [
      [[-49.11817817530024,-26.86675816454665],[-49.11809109247584,-26.86671900598989],[-49.11798220235007,-26.86667247075025],[-49.11797537556798,-26.86667060805474],[-49.11796697027686,-26.86667041488087],[-49.11795032435578,-26.86667351651355],[-49.1179345490063,-26.86667807477962],[-49.11792657876016,-26.86668236242102],[-49.11791940108361,-26.86668935303304],[-49.11783184615368,-26.8668014218055],[-49.11775834719646,-26.8668880442815],[-49.11767404817889,-26.86698501090943],[-49.11758738388322,-26.86708064534602],[-49.11748540408096,-26.86719170578365],[-49.11735240422676,-26.86733019044022],[-49.1172937957739,-26.86739436874291],[-49.11724796645149,-26.86744391576866],[-49.11720646213308,-26.8674861417607],[-49.11717886876474,-26.86745592559063],[-49.11718105526202,-26.86745254926556],[-49.11720087537577,-26.86742290705364],[-49.11721574309656,-26.86740261192626],[-49.1172457184164,-26.86736224238527],[-49.11728310320088,-26.86732076028289],[-49.11732845727173,-26.86726763808493],[-49.11739895250295,-26.86719597411874],[-49.11745594349414,-26.86714012043231],[-49.11749409640588,-26.86709758164285],[-49.1175283972379,-26.86706054423836],[-49.11761207902657,-26.86696725293835],[-49.11771514070083,-26.86685076420787],[-49.11776715936065,-26.86678855131769],[-49.11781795064627,-26.86672630851941],[-49.11786938008719,-26.86665913344135],[-49.11787174616403,-26.86665402652962],[-49.11787224418435,-26.86664564813445],[-49.11787058164062,-26.86663549626391],[-49.11786687744145,-26.86662787693644],[-49.11786166656936,-26.8666212962759],[-49.11785203431521,-26.86661460979343],[-49.11777421717537,-26.86657809357473],[-49.11767031480415,-26.86652610341607],[-49.11757215937096,-26.86647919999454],[-49.11750166072301,-26.86644458177889],[-49.11741957078817,-26.86640301354127],[-49.11734205103549,-26.86636478343425],[-49.11727071944626,-26.86633337263429],[-49.11718909472702,-26.86630085167313],[-49.1170943345813,-26.86626371131587],[-49.11703646903548,-26.86624230627941],[-49.11696744491234,-26.86621589932757],[-49.11689942243041,-26.86618887026968],[-49.11683330088434,-26.86616403903664],[-49.11672782827863,-26.86612341250993],[-49.11663112906545,-26.86608536418468],[-49.11652714454925,-26.86604434396085],[-49.11642719322474,-26.86600815300304],[-49.11636423960547,-26.86598425824464],[-49.11626604053084,-26.86594703450667],[-49.11617128101465,-26.86590989355952],[-49.11619662099602,-26.8658601612929],[-49.11632661278272,-26.86591106152549],[-49.11643181982481,-26.86595232744164],[-49.11649700797579,-26.86597565534261],[-49.1165865885667,-26.86600970970949],[-49.11668910164738,-26.8660511597677],[-49.11684125784152,-26.86610606455059],[-49.11696724910077,-26.86615524472934],[-49.11706835297629,-26.86619447884934],[-49.1171305922451,-26.8662200191287],[-49.1172035682176,-26.86624699222532],[-49.11727377219609,-26.86627642039574],[-49.1173814182385,-26.86632073727402],[-49.11749578551231,-26.86637766879917],[-49.11758840070969,-26.86642529455208],[-49.11768760779526,-26.86647304866656],[-49.1177529047235,-26.86650534013962],[-49.11781740941855,-26.8665370379612],[-49.11788063485191,-26.86656716536538],[-49.11798583803957,-26.86661542335388],[-49.11808861465141,-26.86665816393393],[-49.11818609452395,-26.86670170219665],[-49.11827682736946,-26.86674549443834],[-49.11836546260246,-26.86678815212294],[-49.11848069314032,-26.86684284693781],[-49.11867755462362,-26.8669360081636],[-49.11877257896543,-26.86698005580171],[-49.11878144792045,-26.8669825178858],[-49.11878794117683,-26.86697990739677],[-49.11879111421484,-26.86697535637332],[-49.11882561099124,-26.86691702741789],[-49.11896566566409,-26.86667995446858],[-49.11903643538595,-26.86653603398316],[-49.11903794102647,-26.86652794157338],[-49.11903725748562,-26.86652345293683],[-49.11903252736412,-26.86651621802237],[-49.11901998113012,-26.86650207446999],[-49.11895221813478,-26.86642739595526],[-49.11887781921287,-26.86634255079327],[-49.11880948062101,-26.86626155547222],[-49.11873598491936,-26.86617280233119],[-49.11868032039001,-26.86611264491114],[-49.1186467127305,-26.86607312361472],[-49.11864253821412,-26.86607008228259],[-49.11863815624154,-26.86606948149079],[-49.11863255202667,-26.86607091600679]]
     ]
    },
    "properties": {
    "OBJECTID": 60274,
    "SHAPE.LEN": 862.019961892775
    }
  },
  {
   "type": "Feature",
    "geometry": {
    "type": "LineString",
     "coordinates": [
      [[-49.11554593914413,-26.87491081151137],[-49.1155704679449,-26.87487033281328],[-49.11560382704917,-26.87481622822519],[-49.11563234978074,-26.87477172670996],[-49.11564609724528,-26.87474441371808],[-49.11565320094225,-26.87472280761351],[-49.11565858616704,-26.8747056572151],[-49.11566519338419,-26.87467969854198],[-49.11566747379667,-26.87466272064676],[-49.11566800172945,-26.87464727272725]]
     ]
    },
    "properties": {
    "OBJECTID": 60301,
    "SHAPE.LEN": 31.991036128387
    }
  },
  {
   "type": "Feature",
    "geometry": {
    "type": "LineString",
     "coordinates": [
      [[-49.11424109040615,-26.86857652586621],[-49.11421585367464,-26.8686604616453],[-49.11419812389099,-26.86872128130723],[-49.11418596844908,-26.86875809348569],[-49.114153382083,-26.86886966670001],[-49.11412365622448,-26.86897181898792],[-49.11409654181379,-26.8690647618434],[-49.11405223051695,-26.86920325789384],[-49.11400689527268,-26.86934431894241],[-49.11396494364564,-26.86947403089953],[-49.11394081531775,-26.86955088527588],[-49.11391200229292,-26.86964337035979],[-49.11388683832148,-26.86972343583475],[-49.11386506980192,-26.86979150614387],[-49.11385900831877,-26.86981550619848],[-49.11385866265497,-26.86983378705099],[-49.11386136408493,-26.86984566231547],[-49.11387458849983,-26.86985555064888],[-49.11393701383186,-26.86989396481618],[-49.11403535720119,-26.86995424059289],[-49.11411418365901,-26.87000216299322],[-49.11420864258361,-26.87006151762293],[-49.11430794493837,-26.87012266888921],[-49.11437719185332,-26.87016140496792],[-49.11445699002964,-26.87020955677426],[-49.11456087875318,-26.87027314738378],[-49.11461757325823,-26.87030523168846],[-49.11463999801973,-26.87031849201951],[-49.11465473337586,-26.87032582266125],[-49.11466249708566,-26.8703278803462],[-49.11466615350559,-26.87032793815817],[-49.11467471739446,-26.87032635195207],[-49.11468012913932,-26.87032385540123],[-49.11468266023176,-26.87031894661653],[-49.11470105137192,-26.87023597816894],[-49.11472357136229,-26.87014102793005],[-49.11473814342698,-26.87007951260885],[-49.11475151784787,-26.87001690361966],[-49.11476827211798,-26.86993025243217],[-49.11478056543563,-26.86986031175629],[-49.11479963164874,-26.86976745815356],[-49.1148170356406,-26.86967221218113],[-49.11483048680351,-26.86960551639325],[-49.11484710759205,-26.86950014649731],[-49.11486604289784,-26.86938835850312],[-49.11488117622913,-26.86928425584039],[-49.11489172269473,-26.86919062334678],[-49.11490165494652,-26.86907783340789],[-49.11491433827456,-26.86896143011145],[-49.11493078351214,-26.86882658392576],[-49.11494965847905,-26.86869220609569],[-49.11495979421398,-26.86862029514054],[-49.11494326039908,-26.86861358228359],[-49.11495513944759,-26.86853249633661],[-49.11496451088251,-26.86853324413439],[-49.11502325699328,-26.86853903894077],[-49.11502308772586,-26.86858674644203],[-49.11502062280132,-26.86861976984702],[-49.11500614509281,-26.86872367910847],[-49.11499134542906,-26.86882521388221],[-49.11498339387664,-26.86890833520123],[-49.11497626235492,-26.86898048479982],[-49.11496886824281,-26.86905359936809],[-49.11495548956501,-26.869157742604],[-49.11494381742962,-26.86924952693758],[-49.11493128701015,-26.86934129801341],[-49.11491387903728,-26.86945754530934],[-49.11489902695171,-26.86955531016194],[-49.11488974099768,-26.86961827066787],[-49.11487826431223,-26.86967387295439],[-49.11485947207168,-26.8697725428755],[-49.1148422177729,-26.86986768434477],[-49.11482410977376,-26.86996259599456],[-49.11480615938076,-26.87006214090665],[-49.11479113190335,-26.87012393176713],[-49.11477083308728,-26.87021148518371],[-49.1147453663128,-26.87031941680648],[-49.11471815314688,-26.87042893623485],[-49.11469746840047,-26.87049806723645],[-49.11466249241473,-26.87057719773543],[-49.11463361746157,-26.8706385492769],[-49.11457609154395,-26.8707687955206],[-49.11453246771971,-26.87086426470979],[-49.11450215546556,-26.87093022368793],[-49.11445072579986,-26.87104290567768],[-49.11442428127481,-26.87109891199546],[-49.1143817913101,-26.87118632173097],[-49.11434248657481,-26.87126742878634],[-49.11429076301574,-26.87136965935969],[-49.11424747443543,-26.87145393273471],[-49.11424185205257,-26.87146590449776],[-49.11424114146207,-26.87147106231211],[-49.11424328457448,-26.87147443499064],[-49.11425390590052,-26.87148333091191],[-49.11426265232735,-26.87148767173731],[-49.11426741634471,-26.87148861082425],[-49.11427305137232,-26.8714889170898],[-49.11428029827323,-26.87148828000357],[-49.11428978610321,-26.87148584869975],[-49.1142949754537,-26.8714837788289],[-49.11432547747248,-26.8714659627062],[-49.11443491565288,-26.87141097459925],[-49.11449893368234,-26.87137808484099],[-49.11455402872541,-26.87135021981783],[-49.11461626495833,-26.87132074688131],[-49.11465559660038,-26.87130285805354],[-49.1147222526941,-26.87127959606112],[-49.11479386075334,-26.87125382864067],[-49.11484423775768,-26.87123547156184],[-49.11490348876477,-26.87121467402596],[-49.1149403471188,-26.87120439250101],[-49.11499392742545,-26.87119168766789],[-49.11504269020538,-26.87118084466377],[-49.11512272750186,-26.87116318281181],[-49.11519486898455,-26.87114808543729],[-49.11525606972175,-26.87113442702995],[-49.11535592558079,-26.8711144714686],[-49.11544838462243,-26.87109612126264],[-49.11549035335991,-26.87108494378806],[-49.11553113726619,-26.87107159602799],[-49.11556921499133,-26.87105842156473],[-49.11559772960578,-26.87104445254485],[-49.11562948565309,-26.87102795257352],[-49.11565555689204,-26.8710132992899],[-49.11568243532079,-26.87099500219774],[-49.11570262605234,-26.87097961249987],[-49.11572263281595,-26.87096099270059],[-49.1157386707519,-26.87094446271065],[-49.11576070410787,-26.87092264770083],[-49.11578605770238,-26.8708942158824],[-49.11581553518823,-26.87085573641175],[-49.11584125020533,-26.87082128644945],[-49.1158569328806,-26.87079765106816],[-49.11588052983258,-26.87075843518394],[-49.11589865850876,-26.87072257530299],[-49.11591930834674,-26.87068331289329],[-49.11594042375442,-26.87064534918987],[-49.11596077109622,-26.87060909376418],[-49.11598016436159,-26.87057131829618],[-49.11600216574377,-26.87052562311397],[-49.11601809647417,-26.87048908404656],[-49.11603310314416,-26.87044951802095],[-49.11605236940327,-26.87039280911686],[-49.11606729629322,-26.8703446367726],[-49.11608534574524,-26.87027457052259],[-49.11610275731537,-26.8701993302675],[-49.11611928283978,-26.8701318223794],[-49.11612030883914,-26.87012335626734],[-49.11611964324024,-26.87011335938213],[-49.11611190413783,-26.87009050924244],[-49.11610081695135,-26.87005404048109],[-49.1160727188933,-26.86995717315639],[-49.11599653257713,-26.86970470879312],[-49.11597012073743,-26.86960958426074],[-49.11595353398631,-26.86955262748347],[-49.11591761806369,-26.86942814779518],[-49.11590123979869,-26.86937312713054],[-49.11589135916135,-26.86932507982852],[-49.11588007276162,-26.86926068961992],[-49.11587447690921,-26.86920691026465],[-49.11586856922623,-26.8691183356886],[-49.11586779891882,-26.86908181312422],[-49.11586600137868,-26.86902208041406],[-49.1158666286553,-26.8689767753723],[-49.11586969470033,-26.86890680991166],[-49.11587126464222,-26.86885078028014],[-49.11587543430576,-26.86878727489684],[-49.11587997107065,-26.86873021886864],[-49.11588589173711,-26.86866502282048],[-49.11589198477984,-26.86860369484382],[-49.11591205317385,-26.86840320300569],[-49.11592485663721,-26.8682994572233],[-49.11593077954044,-26.86824693259789],[-49.11593624850207,-26.86819246767822],[-49.11593451566979,-26.86814218499363],[-49.11592765426145,-26.8681158770076],[-49.11590726486973,-26.86806508833862],[-49.11588089990166,-26.86800583136239],[-49.11586041559612,-26.86795998127344],[-49.11582392495369,-26.86789090182664],[-49.1157914911106,-26.86782789851557],[-49.11576635147593,-26.86778154678233],[-49.11575938338912,-26.86776969047119]]
     ]
    },
    "properties": {
    "OBJECTID": 60265,
    "SHAPE.LEN": 1319.88292552042
    }
  },
  {
   "type": "Feature",
    "geometry": {
    "type": "LineString",
     "coordinates": [
      [[-49.11381984569832,-26.86635401931968],[-49.11382437634585,-26.86635014722728],[-49.11382951099727,-26.86633844153593],[-49.11383416226676,-26.86632305496806],[-49.11383503873774,-26.86630219799302],[-49.11381943784255,-26.86623983503797],[-49.11377589100909,-26.86607542375118],[-49.1137290812274,-26.86590490713702],[-49.11368762576745,-26.86575281514715],[-49.11367879585598,-26.86571902543993],[-49.11373771347093,-26.86570881295594],[-49.11377954050256,-26.86584864466209],[-49.11381785705696,-26.8659823668374],[-49.11386546297947,-26.86616732278095],[-49.11390466419321,-26.8663288319992],[-49.1139071239996,-26.86633707023187],[-49.1139111716132,-26.86634168682219],[-49.11392288733895,-26.86634470438175]]
     ]
    },
    "properties": {
    "OBJECTID": 60275,
    "SHAPE.LEN": 152.013029154394
    }
  },
  {
   "type": "Feature",
    "geometry": {
    "type": "LineString",
     "coordinates": [
      [[-49.10797757069042,-26.88276358982679],[-49.10798536291317,-26.88278391834215],[-49.10799149078557,-26.88279322119287],[-49.10799728258601,-26.88279961683966],[-49.10800334068297,-26.88280386339601],[-49.10800918784003,-26.88280488130028],[-49.10801699594372,-26.88280516188512],[-49.10805532944548,-26.88280387105565],[-49.10808710917387,-26.8828028327116],[-49.10812867358204,-26.88280052008874],[-49.10815817504919,-26.88279842136992],[-49.10819230076445,-26.88279679434813],[-49.10822156283657,-26.88279426278096],[-49.10826448354869,-26.88279034905065],[-49.10833053514559,-26.88278440738451],[-49.10846140879438,-26.8827749137769],[-49.10854473564857,-26.88276891180377],[-49.10854923727063,-26.88280461232609],[-49.10843159607352,-26.88281335174615],[-49.10834924842212,-26.8828193613485],[-49.10823969025136,-26.88282794890809],[-49.10816567174764,-26.88283359428868],[-49.10807056057089,-26.88284229577492],[-49.10806539254493,-26.88284461839771],[-49.10806044022976,-26.88284952077985],[-49.10805894045166,-26.88285230230557],[-49.10805693098999,-26.88285679822778],[-49.1080558754885,-26.88286366537264],[-49.10805654989591,-26.88286904205803],[-49.10807740431039,-26.88290959817389],[-49.10811454605671,-26.88298294118257],[-49.10814789455829,-26.88304508198406],[-49.10815755343319,-26.88305740522303],[-49.10817189794948,-26.88306675673664],[-49.10818771337977,-26.8830759059135],[-49.10819649041807,-26.88307941265634],[-49.10820384549948,-26.88307861128709],[-49.10838348620642,-26.88304393628527],[-49.10838770268848,-26.88306115714516],[-49.10831670397057,-26.88308165169507],[-49.10821891937194,-26.88311052807826],[-49.10820807618813,-26.88311667295045],[-49.10820408610189,-26.88312308741208],[-49.1082005320272,-26.88313444663941],[-49.10820215528121,-26.88314262320384],[-49.10823337745807,-26.88321978696072],[-49.10819601764344,-26.88323216735459],[-49.10816791298478,-26.88313891530802],[-49.10815068470292,-26.88308055470542],[-49.10814825981235,-26.88307838672064],[-49.1081448386778,-26.88307771541199],[-49.10814238750548,-26.88307791093626],[-49.10813919752415,-26.88307852980466],[-49.10811635589745,-26.88308457986065],[-49.10811094608462,-26.8830645558397],[-49.10805048037953,-26.88293044101067],[-49.10803014494858,-26.8828873104591],[-49.10802632954186,-26.88287804129053],[-49.1080258471331,-26.88287739309371],[-49.1080214416258,-26.88287714364203],[-49.10801874847853,-26.8828771220115],[-49.10799299030266,-26.88288121590166],[-49.10796942331618,-26.88288640057238],[-49.10796668812701,-26.88286811644539],[-49.10793405226942,-26.88265365285284],[-49.10792106395561,-26.88258844968469],[-49.10791701998769,-26.88257767555637],[-49.10791246063535,-26.88256926019086],[-49.10790789457626,-26.8825614891786],[-49.10790183701269,-26.88255564054354],[-49.10789723024745,-26.8825515217333],[-49.10788677076861,-26.88254520887616],[-49.10787483165083,-26.88253974357961],[-49.1078623755833,-26.88253685183824],[-49.1078457720032,-26.88253242340338],[-49.10783941834156,-26.88253129852167],[-49.10768503317357,-26.88254103529648],[-49.10760118592495,-26.88254982599246],[-49.10753199876566,-26.88256152530147],[-49.1075233884935,-26.88256510962825],[-49.10752090332198,-26.88256831299056],[-49.10751865185263,-26.88257259265315],[-49.1075200397836,-26.88257990771614],[-49.10752519819897,-26.88260057463625],[-49.10753807060142,-26.88265417449731],[-49.10756920244194,-26.88278354609325],[-49.10758866096549,-26.88286147571691],[-49.10759321616603,-26.88287032066526],[-49.1076021944438,-26.88287769589609],[-49.10762258872309,-26.88289354135213],[-49.10763181254619,-26.88290091987072],[-49.10768864378122,-26.8829653944344],[-49.1077820845077,-26.88308494571248],[-49.10780066752451,-26.88310958510255],[-49.10782215011331,-26.88313768592037],[-49.10784927933283,-26.88318645657475],[-49.10790366354335,-26.88327282649831],[-49.10793054155358,-26.88332224002228],[-49.10796107600066,-26.88337318636196],[-49.10803159644443,-26.88348396246426],[-49.10802022081928,-26.88349397045781],[-49.10800508366094,-26.88351189786196],[-49.10796132131901,-26.88356625814295],[-49.10796096585097,-26.88357702298359],[-49.10796523920639,-26.88358653656934],[-49.10798009487662,-26.8836060526023],[-49.10804972822623,-26.88368356210463],[-49.10813867415975,-26.88377244372387],[-49.10819042856695,-26.8838174888345],[-49.10824413311871,-26.883861904771],[-49.10828795917769,-26.88389847854078],[-49.10832530519355,-26.88392767265765],[-49.1083745006428,-26.88396192646869],[-49.10842443722775,-26.88399489408137],[-49.10846788028638,-26.88402177435944],[-49.10849807368833,-26.88403798198146],[-49.10855293241028,-26.8840649645561],[-49.10859693052034,-26.88408517312503],[-49.10863996836179,-26.88410429565332],[-49.10869730687437,-26.88412634717949],[-49.10876027649997,-26.88414414168707],[-49.1088249360834,-26.88416302835284],[-49.10885837101386,-26.88417129686835],[-49.10891238973705,-26.88418556512766],[-49.10895019234765,-26.88419430367385],[-49.10897710994713,-26.88419863720323],[-49.10900960894003,-26.88420345160965],[-49.10913065339028,-26.88421939960812],[-49.10924921304171,-26.88424070807202],[-49.10928609733918,-26.88424426966455],[-49.10936183464529,-26.88424904177147],[-49.10946548768529,-26.88425557203004],[-49.10953322188715,-26.88425919535092],[-49.10957691579129,-26.88426195625457],[-49.109624240422,-26.88426604288837],[-49.1097275045735,-26.88428656769934],[-49.10983397808108,-26.88430216847385],[-49.11005436773787,-26.88434183449817],[-49.1102398600301,-26.8843736492822],[-49.11040471214662,-26.8844048492442],[-49.11048783328563,-26.88442368518349],[-49.11057121716587,-26.88444058494026],[-49.11065727306944,-26.88445750955814],[-49.11070820330338,-26.88446528868755],[-49.11081345829923,-26.88448130748066],[-49.11091677509543,-26.88449687876901],[-49.11101620774274,-26.88451220037354],[-49.11111394475712,-26.88452707502032],[-49.11118670479495,-26.88453785003519],[-49.11126673368941,-26.88455041184296],[-49.11140764362793,-26.88457148846287],[-49.11147045718889,-26.88458109688673],[-49.11156843944836,-26.88459575878483],[-49.11170594885558,-26.88461680499183],[-49.11175905590194,-26.88462546398307],[-49.11187838552107,-26.88464290126485],[-49.11197586166852,-26.88465949667119],[-49.11202482345608,-26.88466962642331],[-49.1120863728522,-26.88468396075148],[-49.11217645527758,-26.88471082697074],[-49.11227398462044,-26.88474572726221],[-49.11232065987949,-26.884765528217],[-49.11237138136838,-26.88479333317812],[-49.1124234920461,-26.88482761195761],[-49.11248188545159,-26.88486517703862],[-49.11251662286321,-26.88488831591356],[-49.11255738600204,-26.88491603196638],[-49.11260246577663,-26.88494917063962],[-49.11265425768135,-26.88499076863561],[-49.11276771801911,-26.88508202030962]]
     ]
    },
    "properties": {
    "OBJECTID": 63071,
    "SHAPE.LEN": 975.40523067424
    }
  },
  {
   "type": "Feature",
    "geometry": {
    "type": "LineString",
     "coordinates": [
      [[-49.11071434744385,-26.87104893706946],[-49.11064114837419,-26.87103603067555],[-49.1105832707539,-26.87102679143052],[-49.11052379864444,-26.87101872044568]]
     ]
    },
    "properties": {
    "OBJECTID": 65954,
    "SHAPE.LEN": 19.2320274801226
    }
  },
  {
   "type": "Feature",
    "geometry": {
    "type": "LineString",
     "coordinates": [
      [[-49.11088058205176,-26.86964016474097],[-49.11086978154948,-26.86963922878083],[-49.11078892950388,-26.86963933833611],[-49.11067187091391,-26.86964086278175],[-49.11066246371085,-26.86964196090491],[-49.11064592358552,-26.86964798563129],[-49.11053198786144,-26.86965175402028],[-49.11040331918694,-26.86965061200815],[-49.11029006092264,-26.8696482589118],[-49.11018812550488,-26.86964387561276],[-49.11011343064601,-26.86964556722142],[-49.11003597247563,-26.86964990160179],[-49.11000387743282,-26.86965245084856],[-49.10999587578491,-26.86966089670624],[-49.10999167972885,-26.86966950628796],[-49.10993479299145,-26.86966965880481],[-49.10993520016899,-26.86961358582592],[-49.10999880065786,-26.86961325684485],[-49.11009560140096,-26.86960976335297],[-49.11020574096374,-26.86960931659859],[-49.11033226537486,-26.8696103082649],[-49.11047185796271,-26.86961010534696],[-49.11060596910391,-26.86960914303438],[-49.11084185885875,-26.8696068615802],[-49.1108597416285,-26.86960513032055],[-49.11086767898598,-26.86960224346879]]
     ]
    },
    "properties": {
    "OBJECTID": 61909,
    "SHAPE.LEN": 194.199033682334
    }
  },
  {
   "type": "Feature",
    "geometry": {
    "type": "LineString",
     "coordinates": [
      [[-49.11103167013589,-26.87041113195336],[-49.1110387768445,-26.87049388649492],[-49.11103999926071,-26.87057474456855],[-49.11103677617367,-26.8706226683994],[-49.1110242583784,-26.87071384073941],[-49.11100196511281,-26.87081445429332],[-49.11098181558954,-26.87090089524624],[-49.11097892897853,-26.87090556633794],[-49.11097070664259,-26.870909486451],[-49.11095975819097,-26.87091278163341],[-49.11095106908553,-26.87091493275882],[-49.11094214031127,-26.87091660772557],[-49.1109313831402,-26.87091820409248],[-49.11092743965175,-26.87091731196806],[-49.11067051843712,-26.8708874013991],[-49.11048624539563,-26.87086255147071],[-49.1102707893307,-26.87083489874155],[-49.11011165330707,-26.87081446238018],[-49.11002415544116,-26.87080818795894],[-49.10992434441174,-26.87080502606024],[-49.10978383162256,-26.87080316449719],[-49.10967319519732,-26.87080110317124],[-49.1095323550912,-26.8708001639324],[-49.10944868847662,-26.87080425333225],[-49.10938698436582,-26.87081499343976],[-49.10930022905374,-26.87082857631398],[-49.10928545201085,-26.8708295167428],[-49.10914924667912,-26.87082251962287],[-49.10902050604399,-26.87081788504652],[-49.10888703435474,-26.87081299749183],[-49.10876118596802,-26.87080735168437],[-49.10868547435139,-26.8708029057734]]
     ]
    },
    "properties": {
    "OBJECTID": 61914,
    "SHAPE.LEN": 284.723335991438
    }
  },
  {
   "type": "Feature",
    "geometry": {
    "type": "LineString",
     "coordinates": [
      [[-49.11083489104713,-26.87105054427121],[-49.11071389581502,-26.87102525084382],[-49.11061238610721,-26.87100753511326],[-49.11049226846611,-26.870989149876],[-49.11039733227445,-26.87097806833574],[-49.11029831576293,-26.87096936191836],[-49.11017633723593,-26.87096272302371],[-49.11010738519587,-26.87095927356732],[-49.10998959398673,-26.87095617449014],[-49.10987909825509,-26.87095853334782],[-49.10977292776784,-26.87096533473003],[-49.10968463830591,-26.87097445570159],[-49.10948849908128,-26.87099204134313],[-49.10931026516697,-26.8710166546262],[-49.1091355160526,-26.87103736190261],[-49.10892530467272,-26.87106607502732],[-49.10878483336361,-26.87108226738325],[-49.10866179074746,-26.87109282158525],[-49.10856699947085,-26.87109862086554],[-49.10847450505219,-26.87110041899069],[-49.10830285384795,-26.87109668052168],[-49.10817322427231,-26.87109277247605],[-49.10806354726087,-26.87108487940188],[-49.10796110838727,-26.87107179854144],[-49.10785928957036,-26.87105792802749],[-49.10772756618822,-26.8710352521121],[-49.10761733877433,-26.87101049558997],[-49.10751616048002,-26.87098699653437],[-49.10741592434475,-26.87096234389032],[-49.10736763761935,-26.87094777478432],[-49.10730072280997,-26.87092498543343]]
     ]
    },
    "properties": {
    "OBJECTID": 65956,
    "SHAPE.LEN": 355.295065104621
    }
  },
  {
   "type": "Feature",
    "geometry": {
    "type": "LineString",
     "coordinates": [
      [[-49.1051003078188,-26.86860029875743],[-49.10517983084193,-26.86857602241195],[-49.1052527349261,-26.86854792599409],[-49.10530560453923,-26.86852621384567],[-49.10551437673413,-26.86843150517887],[-49.10555329600803,-26.86841108162629],[-49.10557966749585,-26.86839589992314],[-49.10560789668872,-26.86837649917655],[-49.10563930565215,-26.86835175353662],[-49.10567523867947,-26.86831733147695],[-49.10571059349129,-26.86827847178105],[-49.10580586663912,-26.86815104696234],[-49.10592194125887,-26.86799999689002],[-49.10604059047323,-26.86784776814304],[-49.10614141287442,-26.86771951756266],[-49.10622074810202,-26.86761815570775],[-49.10628351975354,-26.86753841884999],[-49.10633066523983,-26.86747635814095],[-49.10636305077941,-26.86743531663937],[-49.10639457737253,-26.86739955817001],[-49.10641670421541,-26.86737799050521],[-49.10647000493769,-26.86733023422073],[-49.10651699547737,-26.86729033067623],[-49.1065646137811,-26.8672549096293],[-49.1066286971827,-26.86720883304854],[-49.1066677556378,-26.86718382319708],[-49.10671714436037,-26.86715763125838],[-49.10677375490651,-26.86713174725957],[-49.10682484163108,-26.86711339530114],[-49.10690920371994,-26.86709046893125],[-49.10705805741907,-26.86705374033971],[-49.10706664227828,-26.86705348347237],[-49.10707383247342,-26.86705424138027],[-49.10708478997917,-26.86705739556497],[-49.10709731273454,-26.86706337233333],[-49.10710598080941,-26.86706808981104],[-49.10711489827151,-26.86707632438468],[-49.10712318986201,-26.86708721138924],[-49.10712836524694,-26.86710065970184],[-49.1071399881795,-26.86729108080272],[-49.10714371705593,-26.86737760994069],[-49.10715049420781,-26.86750656972151],[-49.10715896358246,-26.86764752854171],[-49.10716385103483,-26.86778517112738],[-49.10716812158121,-26.86791719228394],[-49.1071711792972,-26.86804015511652],[-49.10717282479053,-26.86815787397796],[-49.10717631555908,-26.8682570694753],[-49.10717910021279,-26.86833660176942],[-49.10718608959211,-26.86850412543037],[-49.10719480183383,-26.86865479657301],[-49.10721190342866,-26.86898477438343],[-49.10722202679041,-26.86919562878898],[-49.10723194935856,-26.86941805702764],[-49.1072433535543,-26.86963842104342],[-49.10724617014711,-26.8697930847466],[-49.10725216615507,-26.86996037123411],[-49.10723168105233,-26.86997567631687],[-49.10723883614729,-26.87008998408215],[-49.10730294120962,-26.87008583974498],[-49.10737162216945,-26.87008050659168],[-49.10735217995091,-26.86997837707154],[-49.10733030409963,-26.86996339813404],[-49.10732836426142,-26.86996058497531],[-49.10732697883645,-26.86995687304946],[-49.10732462885159,-26.8699293750751],[-49.10731954515582,-26.86979359823888],[-49.10731351549762,-26.86965249883514],[-49.10730421352815,-26.8694367914231],[-49.10729611816098,-26.86927910555936],[-49.10728732895652,-26.86910579300745],[-49.10728016451893,-26.86895463535332],[-49.10727263246046,-26.86880536819674],[-49.10726677915341,-26.86866594904156],[-49.10725834232999,-26.86854393769513],[-49.10725142050502,-26.86840722099851],[-49.10724566896229,-26.86824561680804],[-49.10724134477124,-26.86809433110784],[-49.10723912173781,-26.86794269626904],[-49.10723411437011,-26.86778880107122],[-49.10722968457304,-26.86768005629796],[-49.10722309008713,-26.86751878920084],[-49.10721550864225,-26.86739140629113],[-49.10720993488409,-26.86729134528626],[-49.10719822335103,-26.86710085891643],[-49.10720051965021,-26.86706679279205],[-49.1072041823944,-26.86705395386788],[-49.10721223045958,-26.8670316613583],[-49.10721819191606,-26.86702256374229],[-49.10731703935526,-26.86700717094755],[-49.10742970751836,-26.86698967242374],[-49.10754832418634,-26.86697207114836],[-49.10766454295018,-26.86695281481674],[-49.10773455737506,-26.8669403553199],[-49.10781412328315,-26.86692573473061],[-49.10790712835453,-26.86690188189794],[-49.10797632689264,-26.86688347596646],[-49.1081459277111,-26.8668337027506],[-49.10831330971555,-26.86678378228711],[-49.10871475400208,-26.86665746684137],[-49.10877887466419,-26.86663551218267],[-49.10889495647964,-26.86659403046977],[-49.10896133138154,-26.86657116991254],[-49.10904055216184,-26.86654418130706],[-49.10915044740246,-26.86651274629041],[-49.1092834322764,-26.86648028789905],[-49.10939438627312,-26.86645102222289],[-49.10950995307438,-26.86642366033998],[-49.10967424729576,-26.86638112426848],[-49.10979199447227,-26.86635287609473],[-49.10991744885771,-26.86632327954819],[-49.11003038985937,-26.86629893645348],[-49.11024432649469,-26.86625129880819],[-49.1103058998816,-26.86623609951126],[-49.11038590956423,-26.86621937764378],[-49.11046734735993,-26.86620271273372],[-49.1105307073712,-26.86619064211496],[-49.11058909954323,-26.86618167492299],[-49.11064687979307,-26.86617434403388],[-49.11070274601232,-26.86616839736837],[-49.11074903766214,-26.86616509812609],[-49.11080115546473,-26.86616330464415],[-49.11084965518329,-26.86616303056471],[-49.1108979162611,-26.86616415679714],[-49.11094052183271,-26.86616598363553],[-49.1109757126811,-26.86616942174388],[-49.11111442261256,-26.86618574428108],[-49.11120740605612,-26.86619521956984],[-49.11133634645715,-26.86620999876997],[-49.11144833178489,-26.86622413337086],[-49.11156669441855,-26.86624100941124],[-49.1116804972079,-26.86625781900806]]
     ]
    },
    "properties": {
    "OBJECTID": 61219,
    "SHAPE.LEN": 1421.49904282786
    }
  },
  {
   "type": "Feature",
    "geometry": {
    "type": "LineString",
     "coordinates": [
      [[-49.11174202785036,-26.86619084174008],[-49.11173915489979,-26.86618682475907],[-49.11173672194372,-26.86617916089727],[-49.11173690223671,-26.86616982245821],[-49.11173887606175,-26.86606990654026],[-49.11174003649468,-26.86595516111795],[-49.11174066943348,-26.86586714049513],[-49.11174144255126,-26.86579103676437],[-49.11174253694889,-26.8657169780696],[-49.11174529419627,-26.86564659706046],[-49.11174965842537,-26.86557538096955],[-49.11175459158009,-26.86546294872862],[-49.11174100558461,-26.86537938913159],[-49.111711682411,-26.86537678599124]]
     ]
    },
    "properties": {
    "OBJECTID": 60277,
    "SHAPE.LEN": 93.0868726354887
    }
  },
  {
   "type": "Feature",
    "geometry": {
    "type": "LineString",
     "coordinates": [
      [[-49.11075963189885,-26.86605726359745],[-49.11074420836955,-26.86587183175492],[-49.11073403808784,-26.86571498819353],[-49.1107288075311,-26.86563514334868],[-49.11072171389947,-26.86555222556849],[-49.11071441117628,-26.86544247025609],[-49.11070386252283,-26.86532522703173],[-49.11069585614305,-26.86518884238769],[-49.11069065871091,-26.86509259531451],[-49.11063881154662,-26.86509430213476],[-49.11064840289523,-26.86524739946359],[-49.11065978930923,-26.86540027528559],[-49.11066987496274,-26.86552478534542],[-49.11067691149115,-26.86564189496625],[-49.11068715820701,-26.86576240782472],[-49.11070622638146,-26.86595464604639],[-49.11071413153181,-26.86605758316191]]
     ]
    },
    "properties": {
    "OBJECTID": 61833,
    "SHAPE.LEN": 219.278422032484
    }
  },
  {
   "type": "Feature",
    "geometry": {
    "type": "LineString",
     "coordinates": [
      [[-49.10797757069042,-26.88276358982679],[-49.10797752384602,-26.88276344117597],[-49.10797251564417,-26.88272994427929],[-49.10796275288171,-26.88266198451003],[-49.10795770874593,-26.88262031245015],[-49.10795317622592,-26.88257638717852],[-49.10795072784876,-26.88254269801991],[-49.10795029375724,-26.88253763865131],[-49.10794911635912,-26.8825337562214],[-49.10794503322543,-26.88252823369137],[-49.10793889654163,-26.88252097145795],[-49.10793552882021,-26.88251685299871],[-49.10793630625768,-26.88249574119801],[-49.10793705641454,-26.88249445513876],[-49.10794576334335,-26.88249376846491],[-49.10799235995857,-26.88249057195978],[-49.10805528368545,-26.88248459303425],[-49.1081678905097,-26.88247339645532],[-49.10816580470205,-26.88245195838127],[-49.10808889699411,-26.88245933680453],[-49.10801040285485,-26.88246605761701],[-49.10792970467038,-26.88247276149966],[-49.10787020436591,-26.88248005886548],[-49.10773274988417,-26.88249048279516],[-49.10762984626663,-26.88249798116635],[-49.10758894951981,-26.88249913284522],[-49.10756548122094,-26.88249592115527],[-49.107552580129,-26.8824889302181],[-49.10754042300454,-26.88248108547644],[-49.10752807506865,-26.88246807992444],[-49.10752427799698,-26.88245686773172],[-49.10751636821033,-26.88234887529763],[-49.10751107585712,-26.88227100277445],[-49.10750946555332,-26.88223831045915],[-49.10751074407641,-26.88223316211418],[-49.1075142266028,-26.8822280324659],[-49.10752038935521,-26.88222400106363],[-49.10753488785699,-26.88221896574584],[-49.10754715290023,-26.8822167066306],[-49.10756307582066,-26.88221576915861],[-49.10779042948093,-26.88220052942052],[-49.10789579221999,-26.88219197805425],[-49.1080271001731,-26.88218386527285],[-49.10818829495237,-26.88217407488802],[-49.10818588835291,-26.88214718002131],[-49.10801925523347,-26.88216186898521],[-49.10781226616184,-26.88217298450753],[-49.10770520298614,-26.88218023136716],[-49.10754254480185,-26.88219019564766],[-49.1075361946811,-26.88218885959648],[-49.10752669223442,-26.88218491707874],[-49.10751597528983,-26.88218010534993],[-49.10751161780728,-26.88217576693012],[-49.10750882077021,-26.88216325397614],[-49.10750268458722,-26.8820992374083],[-49.10749847007385,-26.88206022011249],[-49.10749493992163,-26.88189476482984],[-49.10749978625844,-26.88178989563076],[-49.10750327275325,-26.88176277824662],[-49.10750653420903,-26.88175569244953],[-49.10750999935897,-26.88175226934937],[-49.10751838711961,-26.88174651042847],[-49.10752874941478,-26.88173925801262],[-49.10754966321252,-26.8817297081782],[-49.10755777226419,-26.88172696375366],[-49.10768043182582,-26.88170324711329],[-49.10777047366087,-26.88168490877729],[-49.10776121393244,-26.88163745606797],[-49.10768865646857,-26.88164643688432],[-49.10745471987906,-26.88168296053516],[-49.1071951267568,-26.88171543130552],[-49.10691039939601,-26.88174083601632],[-49.10672710493942,-26.88175810450505],[-49.10656292083488,-26.88177378042122],[-49.10644043085139,-26.88178241802419],[-49.106364952594,-26.88178986974037],[-49.10635301398953,-26.88178800562618],[-49.10632526210502,-26.88177821155439],[-49.10630372281904,-26.88176743481345],[-49.10628590869283,-26.88175496873441],[-49.10627097233494,-26.88173990118262],[-49.10625923435111,-26.88172389088826],[-49.10624849975295,-26.88170390373326],[-49.10624013218126,-26.88168085787241],[-49.10621982285144,-26.88163066113075],[-49.10616367285841,-26.88164500944283],[-49.10616651808871,-26.88166428159159],[-49.10616611423407,-26.88169496393533],[-49.10616116685075,-26.88171792154901],[-49.10615419856453,-26.88173754591402],[-49.1061474698452,-26.88174895909971],[-49.1061370532271,-26.88176375084484],[-49.10612582102623,-26.88177505852249],[-49.10611131809048,-26.88178663825155],[-49.10609900888432,-26.88179468670834],[-49.1060801466144,-26.88180433693694],[-49.10605776428885,-26.8818135771303],[-49.10604679491959,-26.88181763247579],[-49.10604100316983,-26.88181909101547],[-49.10591897098941,-26.88183093394992],[-49.10574296054153,-26.88184790258229],[-49.10567721859647,-26.88185986922605],[-49.10560134132029,-26.88188249027176],[-49.10556460304477,-26.88189521407214],[-49.1054969329753,-26.88192417293454],[-49.10537696347767,-26.88198118744302],[-49.1052536380862,-26.88203385693606],[-49.10521022226679,-26.88205382815194],[-49.10517838232897,-26.88206488459659],[-49.10514413807903,-26.88207332830391],[-49.10512510924209,-26.88207419134671],[-49.10507995415243,-26.88207798931289],[-49.10504703072296,-26.88207869483812],[-49.10502127183648,-26.88207215848626],[-49.10492557833203,-26.88204394082418],[-49.10472340744107,-26.88201043058483],[-49.10459665272609,-26.88198961591147],[-49.10446854837857,-26.88196017149441],[-49.10438887122742,-26.88193773460995],[-49.10432623856163,-26.88191699671951],[-49.10418844301179,-26.88186418145485],[-49.1041104202745,-26.88182711774012],[-49.1039700329093,-26.88176738079557],[-49.103834042599,-26.88170231523684],[-49.10369073602268,-26.88162832410196],[-49.10359662687206,-26.88159086184579],[-49.10356809377975,-26.88158145659798],[-49.10354782000066,-26.88157797574738],[-49.10352819729721,-26.88157721679122],[-49.10350997747871,-26.88157954543975],[-49.10347724711225,-26.88158412977823],[-49.10345499260078,-26.88158926272281],[-49.10342153510684,-26.88160188920454],[-49.10338331510263,-26.88161780752839],[-49.10332077963978,-26.88164214717239],[-49.10328272816471,-26.88165821846153],[-49.10324685597637,-26.88167651046676],[-49.10315870661341,-26.8817239749972],[-49.10305717928521,-26.88178765789721],[-49.10298364715889,-26.88183593325848],[-49.10290816308516,-26.88188440259394],[-49.10285895457787,-26.88191852264743],[-49.10276708579784,-26.88197068363391],[-49.10271701991984,-26.88199574826743],[-49.10265431223524,-26.8820180851707],[-49.10263325972349,-26.88202452481481],[-49.10259165157773,-26.8820367618124],[-49.10254494947678,-26.88204700336499],[-49.10251589155514,-26.88205033618552],[-49.10247631844705,-26.88205613530407],[-49.10246438193676,-26.88205535398628],[-49.10243351792771,-26.88204768264373],[-49.10240492116316,-26.88203443673021],[-49.10238253348379,-26.882024216632],[-49.10235217445751,-26.88200861115794],[-49.10232291457566,-26.88199384901188],[-49.10231201888165,-26.88198752177169],[-49.10230389892933,-26.88198169303871],[-49.10229623660278,-26.88197353547896],[-49.10229238039938,-26.88196806368178],[-49.10228381448125,-26.88195229877265]]
     ]
    },
    "properties": {
    "OBJECTID": 63117,
    "SHAPE.LEN": 968.584635882468
    }
  },
  {
   "type": "Feature",
    "geometry": {
    "type": "LineString",
     "coordinates": [
      [[-49.10957069610608,-26.86708189877995],[-49.10958019728972,-26.86723149556979],[-49.10958647904985,-26.86734236274195]]
     ]
    },
    "properties": {
    "OBJECTID": 61904,
    "SHAPE.LEN": 28.9035215554914
    }
  },
  {
   "type": "Feature",
    "geometry": {
    "type": "LineString",
     "coordinates": [
      [[-49.10546866361358,-26.87537515345515],[-49.10544989076946,-26.87537745151354],[-49.10544652797695,-26.8753845232759],[-49.1054483049155,-26.87544255963437],[-49.10545035454833,-26.8755039798173],[-49.10545390521113,-26.87554400999],[-49.10546011153434,-26.87558617878894],[-49.10547438003491,-26.87562778688452],[-49.10548449017702,-26.87564027699291],[-49.10549766906752,-26.87564769693097],[-49.10551504820781,-26.8756512406419],[-49.10556759865445,-26.87565623616519],[-49.10560496256419,-26.8756655057475],[-49.10563788889295,-26.87567821783635],[-49.10566937662372,-26.87569638388399],[-49.10570092816021,-26.87572092571467],[-49.10572791358928,-26.87574744344448],[-49.10574273791124,-26.87576706937202],[-49.10575416655602,-26.87579072943954],[-49.10577098735018,-26.87583494950254],[-49.10577815273184,-26.8758765896007],[-49.10578266614147,-26.87591762010052],[-49.10579028322057,-26.87599374487323],[-49.10579651437974,-26.87607131866143],[-49.10580234670412,-26.87615319512377],[-49.10580533543359,-26.87621184613823],[-49.10581027799984,-26.87627857166843],[-49.10580732816939,-26.87632281277336],[-49.10580540645101,-26.87633726170955],[-49.10579187899076,-26.87643489852518],[-49.10578928863721,-26.87650955512975],[-49.10578305857864,-26.87658024211929],[-49.1057653386266,-26.87665333387285],[-49.10574597258056,-26.8767291094914],[-49.10571914656318,-26.87679781354148],[-49.10569715426243,-26.87685465026904],[-49.10567042156092,-26.87693719122958],[-49.10565316008287,-26.87701428754427],[-49.10562527731026,-26.87707302012062],[-49.10558192469824,-26.87713078979123],[-49.10553632723933,-26.87719533932085],[-49.10549730693933,-26.87726195368559],[-49.10546596186315,-26.87731626949476],[-49.10543266350959,-26.87738704113986],[-49.10539697702547,-26.87744584320735],[-49.10536241823963,-26.87751348943813],[-49.10532871199748,-26.87758366529379],[-49.10530570724436,-26.87763154287953],[-49.10528263967392,-26.87768083215773],[-49.105253501216,-26.87766920964118],[-49.10528753292589,-26.87759611922409],[-49.10534345261162,-26.8774918384969],[-49.10537472251763,-26.87742670698241],[-49.10540936361924,-26.87737005619421],[-49.10541469914459,-26.87736057392253],[-49.10544502977687,-26.87730667685901],[-49.1054764629656,-26.87725220789489],[-49.105515959819,-26.87718478038268],[-49.10556224174042,-26.87711926254235],[-49.10560452588521,-26.87706291636308],[-49.10563058739008,-26.8770080188084],[-49.10564757045481,-26.87693216793662],[-49.10567474883679,-26.87684825110455],[-49.10569694941442,-26.87679087562455],[-49.10572335380238,-26.8767232535366],[-49.10574239686034,-26.87664874081556],[-49.10575975045831,-26.87657715868527],[-49.10576581055273,-26.87650839643015],[-49.10576838368095,-26.87643423060003],[-49.10577198601769,-26.87633413115232],[-49.10577312045658,-26.87632645636715],[-49.10577439129811,-26.87631398077405],[-49.10577254779283,-26.87629645138931],[-49.10577012044849,-26.87628309222693],[-49.10576448761423,-26.87627135354434],[-49.10575411835818,-26.87625942860589],[-49.10574157650451,-26.87625055865834],[-49.10572162316191,-26.87624457146667],[-49.10570143268214,-26.87624194140398],[-49.10566443760634,-26.8762498366667],[-49.10561080546638,-26.87626841021856],[-49.10555457980801,-26.87628938594261],[-49.10548232601531,-26.87630956906017],[-49.10541062486642,-26.87632437384695],[-49.10533650058039,-26.87633607100547],[-49.10529324557682,-26.87634490484314],[-49.10524364355569,-26.87635585855165],[-49.10519187542897,-26.87636760544276],[-49.10514214110542,-26.87638293034729],[-49.1051112632161,-26.87639511895051],[-49.10507599660708,-26.87641149803585],[-49.10505177059386,-26.8764274258832],[-49.10502501426172,-26.87644987162516],[-49.10499345086266,-26.87648083101671],[-49.10497167373202,-26.8764593381811],[-49.10500929086154,-26.87642332611074],[-49.10505450003286,-26.87639231326598],[-49.10510586683969,-26.8763660682942],[-49.10516048201988,-26.87634739891169],[-49.10519076786854,-26.8763382404457],[-49.10526461992529,-26.8763236758225],[-49.10532384393421,-26.87631109111089],[-49.10539853106294,-26.87629847455505],[-49.10545216457137,-26.87629032411553],[-49.1055134992241,-26.87627393165469],[-49.10556895754289,-26.87625835212118],[-49.10562180958493,-26.87623905869612],[-49.10566141403633,-26.87622406623237],[-49.1056986083415,-26.87620850711329],[-49.10572743736549,-26.87619381692966],[-49.10574874531734,-26.87617789676986],[-49.10575695974991,-26.87616512706684],[-49.10576123182181,-26.8761547098856],[-49.10576483787077,-26.87614113737484],[-49.10576716483708,-26.87612628771059],[-49.10576740916501,-26.87610094739684],[-49.10575967249216,-26.87601684400426],[-49.10575060777771,-26.8759496137178],[-49.1057436875299,-26.87588469842225],[-49.10573492583698,-26.87584927917466],[-49.10572380296332,-26.8758186281976],[-49.10571122735359,-26.87579772006482],[-49.10569181126927,-26.87576573128258],[-49.10566894630922,-26.87574108839861],[-49.10564795694474,-26.87572601275287],[-49.10562106474523,-26.87570815111395],[-49.10557679341094,-26.8756920574616],[-49.10553007454012,-26.87568524742388],[-49.10550656070077,-26.87568328581328],[-49.10548412914748,-26.87568450406528],[-49.1054469161584,-26.87569238010945],[-49.10538127897689,-26.87571433432959],[-49.10528312318741,-26.87574409118277],[-49.10521505082072,-26.87576359825949],[-49.1051538572247,-26.87578235003535],[-49.10510525201178,-26.87580113974757],[-49.10505672386932,-26.875819652481],[-49.10500300867064,-26.87583675619286],[-49.10494985775487,-26.87585007841574],[-49.10491741654175,-26.87585028229649],[-49.10489265926874,-26.87584629385512],[-49.10486837170765,-26.87583653157896],[-49.1048500945748,-26.87582696635565],[-49.1048263200835,-26.87580635741383],[-49.10480059029749,-26.87577481003061],[-49.10478773144479,-26.87575321386604],[-49.10477882163732,-26.87573061465457],[-49.1047760663372,-26.8757030137613],[-49.10477905734358,-26.87566441166772],[-49.10478539791619,-26.87564016944686],[-49.10479990365572,-26.87561051927547],[-49.10482602721389,-26.87557670157996],[-49.10485015473475,-26.87555677310444],[-49.10489497821627,-26.87552297787899],[-49.10492060240299,-26.87549538217986],[-49.10493793740066,-26.87545709613375],[-49.10495298196589,-26.87540388586644],[-49.10495830280071,-26.87534658193682],[-49.1049615919907,-26.87530222626719],[-49.10495829744443,-26.87524576441714],[-49.10494117633522,-26.87517238415203],[-49.10492561313468,-26.87510854611364],[-49.10491175456628,-26.87508310780055],[-49.1048822674906,-26.87503848127357],[-49.10483566249643,-26.87495812479143],[-49.10477902813455,-26.87487118842622],[-49.10480807172852,-26.87485641194206],[-49.10484758487185,-26.87491952245094],[-49.10488160501467,-26.87497344409948],[-49.10491742669796,-26.87503509434079],[-49.10494774986193,-26.87508432531264],[-49.1049556349555,-26.87511206090015],[-49.10496379468418,-26.87515603761194],[-49.10497613552716,-26.87520313918116],[-49.10499057791199,-26.87527980952641],[-49.10499197275645,-26.87531113698164],[-49.10498427072702,-26.87538104692062],[-49.10497611036511,-26.87544313435516],[-49.10494839971982,-26.8755165351654],[-49.10491616948897,-26.87554380127086],[-49.10486218142233,-26.87558879645494],[-49.10484230524147,-26.8756081826456],[-49.10482053899033,-26.87563963084948],[-49.10480984329639,-26.87566243099451],[-49.10480476550515,-26.87568856481736],[-49.10480623646663,-26.87571224842779],[-49.10481971442037,-26.87575266359398],[-49.10483593873934,-26.87577529774001],[-49.10485106085783,-26.87579087876988],[-49.10487662674654,-26.87580835811769],[-49.1048970427404,-26.87581665050512],[-49.10491852201632,-26.87581827895225],[-49.1049408034408,-26.87581827906779],[-49.10496526194211,-26.87581423232366],[-49.10500545699452,-26.87580117858434],[-49.10505344422176,-26.87578570933877],[-49.10511858263948,-26.87576325126359],[-49.10518369400557,-26.87574464681744],[-49.10526289827348,-26.87572156318969],[-49.10535503129059,-26.87569325455568],[-49.10542344813701,-26.87567571965592],[-49.1054396031006,-26.87567022746246],[-49.10544608072878,-26.87566196183574],[-49.1054488314395,-26.87565695148572],[-49.10544912003262,-26.87564797376631],[-49.10544699535796,-26.87564248104619],[-49.10543497554418,-26.87559880821074],[-49.10542811638177,-26.87555426408775],[-49.1054248220363,-26.8755132887387],[-49.10542194067168,-26.87543155112183],[-49.10542732324123,-26.87537662719852],[-49.10542866480016,-26.87536546491007],[-49.10543000252378,-26.87536026682944],[-49.1054324137051,-26.87535316425503],[-49.10543522623862,-26.87534529084237],[-49.10544419819853,-26.87533483379914],[-49.10546531748108,-26.8753138025337]]
     ]
    },
    "properties": {
    "OBJECTID": 61179,
    "SHAPE.LEN": 1103.50344705085
    }
  },
  {
   "type": "Feature",
    "geometry": {
    "type": "LineString",
     "coordinates": [
      [[-49.10533446616831,-26.87371861208399],[-49.10533822065715,-26.87374146525679],[-49.10533781888108,-26.8738079341133],[-49.10533747408692,-26.87384086560056],[-49.10533937069203,-26.87389751811032],[-49.10534199370443,-26.87394953838283],[-49.10534997485419,-26.87404437045984],[-49.10536199962048,-26.87417900194617],[-49.10537421925368,-26.87432289292147],[-49.10538739872123,-26.87450525486895],[-49.10539222129562,-26.87456401081544],[-49.10539938795743,-26.8746479359975],[-49.10540964159213,-26.87474585738924],[-49.1054246546597,-26.87490173599491],[-49.10543640343395,-26.87492145970604],[-49.105441160259,-26.87493569041449],[-49.1054449660746,-26.87497882798926]]
     ]
    },
    "properties": {
    "OBJECTID": 61185,
    "SHAPE.LEN": 140.375042032504
    }
  },
  {
   "type": "Feature",
    "geometry": {
    "type": "LineString",
     "coordinates": [
      [[-49.1043648346603,-26.87047292513162],[-49.10436541730951,-26.87048819470447],[-49.10437344549506,-26.87068978574808],[-49.10438555590898,-26.8710218762831],[-49.10439158495964,-26.87126976640644],[-49.10439484510179,-26.87136067485334],[-49.10439674895986,-26.87147563334834],[-49.10440031531632,-26.87162082806847],[-49.10440351848818,-26.87172884779407],[-49.10440785512866,-26.87183130386727],[-49.10441161978206,-26.87191024903855],[-49.10441840646948,-26.87200435750803],[-49.1044390295642,-26.87221926990745],[-49.10444555824203,-26.87225185945943],[-49.10450807501812,-26.87241885350402],[-49.10454861893793,-26.87252479818376],[-49.10457584352532,-26.87259243010236]]
     ]
    },
    "properties": {
    "OBJECTID": 61204,
    "SHAPE.LEN": 237.253632788362
    }
  },
  {
   "type": "Feature",
    "geometry": {
    "type": "LineString",
     "coordinates": [
      [[-49.10438465314463,-26.86899313084512],[-49.10438197906622,-26.86900314883351],[-49.10438710033222,-26.86911100026765],[-49.10439239403688,-26.86921883144923],[-49.10440105652505,-26.8694140777566],[-49.10441041576861,-26.86961443479994],[-49.10441599840025,-26.86977415387148],[-49.10442178675618,-26.86989698085893],[-49.10443188335778,-26.8701258404887],[-49.10443983134626,-26.87033273042628],[-49.10444390203192,-26.87044582529056],[-49.10444962198059,-26.87058536536203],[-49.10445690562522,-26.87076752285545],[-49.10446120663159,-26.87090657273911],[-49.10446582631931,-26.87103798112528],[-49.10446858938335,-26.8711515142427],[-49.10447288953593,-26.87130014862483],[-49.10447696306201,-26.87139394631697],[-49.10447990840705,-26.87152376354743],[-49.10448338086049,-26.87167561986744],[-49.10448717067612,-26.87181617289848],[-49.1044878258605,-26.8718358435281],[-49.10449385223559,-26.87194211040398],[-49.10450424473117,-26.87205669447335],[-49.10451570224529,-26.87218007675346],[-49.10452301223732,-26.872234430808],[-49.10453180269958,-26.87226549555066],[-49.10454109989826,-26.87228965241242],[-49.10457744065145,-26.87237968143669],[-49.10462893589827,-26.87250848918091],[-49.10465696093267,-26.87258020788214],[-49.10468033617294,-26.87263895457997],[-49.10468454828653,-26.87264582647592],[-49.10468932436822,-26.87264893585313],[-49.10469687552315,-26.87265226928941],[-49.10470486304339,-26.87265412022146],[-49.10471167240564,-26.87265395613094],[-49.10471733051915,-26.87265354282878],[-49.10472346150281,-26.87265259612553],[-49.10478542783156,-26.8726106458444],[-49.1049538403494,-26.87248963190348],[-49.10500464054729,-26.87244523197837],[-49.1050516042318,-26.87240167052595],[-49.10510295181357,-26.87235166023363],[-49.10519760632052,-26.8722585213535],[-49.10529359040613,-26.87216373948108],[-49.10534912058306,-26.87210744995332],[-49.10543406098695,-26.87201385751339],[-49.10551394084373,-26.8719257588748],[-49.10563724203222,-26.8717916275894],[-49.10565200973537,-26.87179934589354],[-49.10565641923607,-26.87196191852463],[-49.10559916834175,-26.87194382408562],[-49.10559370391523,-26.87194294481627],[-49.105590910773,-26.87194332255526],[-49.10558875819991,-26.87194379282269],[-49.10558462818418,-26.87194624211495],[-49.1055087165712,-26.87203109325884],[-49.10544018812689,-26.87211008902086],[-49.10543705238589,-26.87211556175106],[-49.10543462369954,-26.87212166674334],[-49.10543361387329,-26.87212681958226],[-49.10543321506665,-26.87213238858114],[-49.10543985800693,-26.87223583412061],[-49.10544681150126,-26.87236290980831],[-49.10545378372039,-26.8724974952271],[-49.10546006717475,-26.87262135685845],[-49.10546813102002,-26.87282593047613],[-49.1054694294905,-26.87289353231743],[-49.10546802812605,-26.87290900905321],[-49.10546602982679,-26.87291785193112],[-49.10546163079436,-26.87292894885834],[-49.10545173255225,-26.87294523410049],[-49.10544399701286,-26.87295325902899],[-49.10543553018601,-26.87296071635568],[-49.10542697650511,-26.87296722570879],[-49.10540943143358,-26.8729746244848],[-49.10538568473974,-26.87297917729668],[-49.1051617406716,-26.87300682498058],[-49.10499489415015,-26.87303003743256],[-49.10488112231861,-26.87304556215005],[-49.10485860310386,-26.87305055915945],[-49.10485428124615,-26.87305261954966],[-49.10484943187124,-26.87305891229035],[-49.10484698533521,-26.87306626530083],[-49.10484633924505,-26.87307187430322],[-49.10484748490684,-26.87308344181311],[-49.10486063394293,-26.87314857337521],[-49.10487186064941,-26.87322034381521],[-49.10487981859468,-26.87327846399191],[-49.10488540069285,-26.87331507717536],[-49.10488660597762,-26.87332029401729],[-49.10488822477075,-26.87332401089932],[-49.10489194582054,-26.87333039693253],[-49.10489688779796,-26.8733374410773],[-49.1049035685318,-26.87334487138125],[-49.10491154757685,-26.87335272526055],[-49.10491891961323,-26.87335829288167],[-49.10492893598779,-26.87336462254811],[-49.10493837931915,-26.87336795698254],[-49.10504432387387,-26.87338745934527],[-49.10512284273135,-26.87340073155199],[-49.10518388518362,-26.87341190912336],[-49.10525398900558,-26.87342729868534],[-49.10537157176277,-26.87345323523694],[-49.10551725516985,-26.87348639907785],[-49.10561501295011,-26.87350931041442],[-49.10570070802265,-26.8735333289886],[-49.10579960755791,-26.87356074765814],[-49.10590544793968,-26.87359117013429],[-49.10599560812609,-26.87361758427424],[-49.10604852656634,-26.8736311825129],[-49.10607890499733,-26.87361666282339],[-49.10610779847752,-26.87362064601048],[-49.10612736780341,-26.87362549343929],[-49.10613058652301,-26.87362367816717],[-49.10613342340341,-26.87362104094001],[-49.10613563191703,-26.87361757845334],[-49.10613605493318,-26.87361351438113],[-49.1061330802271,-26.87360805630788],[-49.10612833719259,-26.87360440857829],[-49.10611643076404,-26.87360169196716],[-49.10604826566117,-26.8735850633933],[-49.10605728997945,-26.87353492047197],[-49.10611107812685,-26.87354585238335],[-49.10616804437216,-26.87355776916912],[-49.10620053314499,-26.87356125536802],[-49.10628081423921,-26.87356283323985],[-49.10640147323412,-26.87356484842838],[-49.1064082875835,-26.87356312015007],[-49.10642394802464,-26.87355732605682],[-49.10642764115212,-26.87355494489861],[-49.10649687495641,-26.87355702986552],[-49.10649647204215,-26.87356864611356],[-49.10649351312249,-26.87362608018245],[-49.10649448015579,-26.87362917094732],[-49.10649698444203,-26.87363103043237],[-49.10652929718393,-26.87364067341823],[-49.10653558384416,-26.87364210432033],[-49.10654128257167,-26.87364161206379],[-49.10654739053876,-26.87363582803668],[-49.10654827069271,-26.87355649293166],[-49.1066092500649,-26.87355751861033],[-49.10660941951665,-26.87357513386979],[-49.10661198149322,-26.87358597391603],[-49.10661731839312,-26.87359469307419],[-49.1066258778288,-26.87360269634464],[-49.1066903846945,-26.8736411226242],[-49.10674362419042,-26.87367411778941],[-49.1067864373894,-26.87369934460346],[-49.1068013346728,-26.87370673509199],[-49.10681383733059,-26.87371136227878],[-49.10683137581892,-26.87371559662388],[-49.10685245259042,-26.87371931336015],[-49.10687453312168,-26.87372131961055],[-49.10688907784387,-26.87372160023871],[-49.10690229762485,-26.87372003448122],[-49.10691383224088,-26.87371782516695],[-49.10692972001765,-26.87371282382297],[-49.10694092957007,-26.87370722998049],[-49.10695293592956,-26.87369869446636],[-49.10696523719552,-26.8736916079366],[-49.10697248700834,-26.8736842813321],[-49.10698077389201,-26.87367131123628],[-49.10698536308332,-26.87366009044432],[-49.10698775824635,-26.87363956261301],[-49.10698676635209,-26.8734060350353],[-49.10698212387599,-26.87324803356476],[-49.10697616205927,-26.87303087902437],[-49.10696909833959,-26.8728820433244],[-49.10695892974904,-26.8726559961314],[-49.10694430560442,-26.87245894878077],[-49.10694328750069,-26.87226046087602],[-49.10694170217376,-26.87200491493482],[-49.10693053426469,-26.87182230284681],[-49.10692594494819,-26.87166932673741],[-49.10692563720846,-26.87160762839285],[-49.106924636609,-26.87158468217075],[-49.10692281959444,-26.87151963758802],[-49.10691157449767,-26.87135748961245],[-49.10691465016964,-26.87134879021061],[-49.10691759678178,-26.87133871534895],[-49.10692019113699,-26.87133093645062],[-49.10693410735322,-26.87130458426202]]
     ]
    },
    "properties": {
    "OBJECTID": 61199,
    "SHAPE.LEN": 1308.42767739821
    }
  },
  {
   "type": "Feature",
    "geometry": {
    "type": "LineString",
     "coordinates": [
      [[-49.10633396886094,-26.87021612520142],[-49.10628703436063,-26.87016591373331],[-49.10628769873215,-26.87016415447807],[-49.10631692933759,-26.87017672476497],[-49.1063555271907,-26.87020588097727],[-49.10642357187358,-26.87026749243052],[-49.10645194083469,-26.87028786570339],[-49.10646555810398,-26.87029413159036],[-49.10647413015163,-26.8702973161442],[-49.10648083767587,-26.8702978194116],[-49.10648897350632,-26.87029649964777],[-49.10649671776066,-26.8702950031455],[-49.10650931410235,-26.87029042074689],[-49.10644616222572,-26.87024562502646],[-49.10638243031977,-26.87019221447969],[-49.10634450316572,-26.87016085864359],[-49.10630300122394,-26.87012533369807],[-49.10629914760504,-26.87011977720229],[-49.10629752919797,-26.87011513068016],[-49.1062969002252,-26.87011023566928],[-49.10629859577322,-26.87007842250341]]
     ]
    },
    "properties": {
    "OBJECTID": 61215,
    "SHAPE.LEN": 67.8297518420509
    }
  },
  {
   "type": "Feature",
    "geometry": {
    "type": "LineString",
     "coordinates": [
      [[-49.10605660253319,-26.86987149609518],[-49.10606473199729,-26.86986687281771],[-49.10608371180147,-26.86986629232045],[-49.10611587988124,-26.86986286944511],[-49.10613790505936,-26.86985782406595],[-49.10616297934081,-26.86984796907117],[-49.10618302574991,-26.869835925617],[-49.10619519327425,-26.86982633267762],[-49.10620441019806,-26.86981793311987],[-49.10621147287175,-26.86980817428302],[-49.10621976797088,-26.86978932219794],[-49.10622413822561,-26.86977245012658],[-49.10622924839866,-26.86973170924893],[-49.10622417382248,-26.86959280599769],[-49.10621449842954,-26.86936635375886],[-49.10630783389112,-26.86936231368101],[-49.10631584114608,-26.86948491768961],[-49.106328906036,-26.86969200170277],[-49.10633034358769,-26.86978958652911],[-49.10632541395975,-26.86979370303235],[-49.10632212085493,-26.86979684862651],[-49.10632027814435,-26.86980185853671],[-49.10631061938034,-26.86991849619368],[-49.10630216982063,-26.87004174702833],[-49.10629859577322,-26.87007842250341]]
     ]
    },
    "properties": {
    "OBJECTID": 61217,
    "SHAPE.LEN": 156.007331661926
    }
  },
  {
   "type": "Feature",
    "geometry": {
    "type": "LineString",
     "coordinates": [
      [[-49.10601177636925,-26.87008430636158],[-49.10603223374662,-26.87007737886152],[-49.10604492749266,-26.87007450008003],[-49.1060563702307,-26.87007276976342],[-49.10606725755389,-26.87007193729157],[-49.10607933885303,-26.87007434484649],[-49.10609493187427,-26.8700844046282],[-49.1061766747532,-26.87016800528142],[-49.10628162390265,-26.87026949018237]]
     ]
    },
    "properties": {
    "OBJECTID": 61216,
    "SHAPE.LEN": 36.50894310442079
    }
  },
  {
   "type": "Feature",
    "geometry": {
    "type": "LineString",
     "coordinates": [
      [[-49.10511037013519,-26.86895196691615],[-49.10517926227711,-26.86904300905371],[-49.10524714032078,-26.86913427674728],[-49.10530315065347,-26.86921009644245],[-49.1053706979422,-26.86930032799595],[-49.10542592497063,-26.86937388159146],[-49.1054637320145,-26.86942515062286],[-49.10550727616543,-26.86948411977367],[-49.10554619510146,-26.86953703556126],[-49.10558754667016,-26.86959230178399],[-49.10563068804675,-26.86965008311778],[-49.10567152213294,-26.86970536494532],[-49.10571196768127,-26.869760169503],[-49.10575470325617,-26.86981519338895],[-49.10579644142044,-26.86986919570818],[-49.10584564905875,-26.86993039966206],[-49.10589630736987,-26.86999007240954],[-49.10591292321365,-26.87000989561566]]
     ]
    },
    "properties": {
    "OBJECTID": 65958,
    "SHAPE.LEN": 141.805113896438
    }
  },
  {
   "type": "Feature",
    "geometry": {
    "type": "LineString",
     "coordinates": [
      [[-49.10477836926935,-26.86870788251446],[-49.10487871081089,-26.86884580339148],[-49.10500339010741,-26.868988775607],[-49.10531106231365,-26.86938449116096],[-49.1054976286464,-26.86962786836301],[-49.10571751965522,-26.86993173998929],[-49.1058233179962,-26.87009400746239]]
     ]
    },
    "properties": {
    "OBJECTID": 61200,
    "SHAPE.LEN": 185.507556315565
    }
  },
  {
   "type": "Feature",
    "geometry": {
    "type": "LineString",
     "coordinates": [
      [[-49.10485691551497,-26.86874834901549],[-49.1047828895841,-26.86866705346106],[-49.10472993400735,-26.86861316036201],[-49.1046712536925,-26.8685558454908],[-49.10460200940587,-26.8684904263209],[-49.10454831416339,-26.86844166976103],[-49.10444961424612,-26.86836261814355],[-49.10438099652505,-26.8683102730564]]
     ]
    },
    "properties": {
    "OBJECTID": 64612,
    "SHAPE.LEN": 67.90162788674209
    }
  },
  {
   "type": "Feature",
    "geometry": {
    "type": "LineString",
     "coordinates": [
      [[-49.10605505998241,-26.86762132085773],[-49.10605799251675,-26.86761305459552],[-49.1060585394826,-26.86760269756929],[-49.106056150786,-26.86759088955816],[-49.10605212696581,-26.86757997033795],[-49.10604337845817,-26.86756504170262],[-49.10602943996938,-26.8675498684056],[-49.10595914710782,-26.86749493738229]]
     ]
    },
    "properties": {
    "OBJECTID": 61224,
    "SHAPE.LEN": 18.0263205779128
    }
  },
  {
   "type": "Feature",
    "geometry": {
    "type": "LineString",
     "coordinates": [
      [[-49.10396081262904,-26.86806497138126],[-49.10396167797595,-26.86806540359536],[-49.10405616727484,-26.86812395465498],[-49.10416518863585,-26.86819177337536],[-49.10423783946686,-26.86823871294988],[-49.10430550832741,-26.86828548907844],[-49.1043731786894,-26.86833217854871],[-49.10445638118589,-26.86839599885263],[-49.10455458866345,-26.8684796569582],[-49.10459707794063,-26.86851692136093]]
     ]
    },
    "properties": {
    "OBJECTID": 65965,
    "SHAPE.LEN": 80.81481155747579
    }
  },
  {
   "type": "Feature",
    "geometry": {
    "type": "LineString",
     "coordinates": [
      [[-49.10298291321021,-26.87840422099943],[-49.10299918364667,-26.87852728429621],[-49.10300693723709,-26.87861971788292],[-49.10301498683333,-26.87873535266429],[-49.10302619231913,-26.87886277239313],[-49.10302993336266,-26.87886537241742],[-49.10304422836752,-26.87886901222619],[-49.10305063546645,-26.8789194225361],[-49.10305960673496,-26.87902742212495],[-49.10306539058972,-26.87909906358824],[-49.10307168452884,-26.87917988031236],[-49.10307877825603,-26.87927241424333],[-49.10308904710345,-26.87935743891735],[-49.1030756972125,-26.87938284871648],[-49.10306932806096,-26.87938893413518],[-49.10306262159211,-26.8793930988459],[-49.10305180577778,-26.8793971289492],[-49.10303925665858,-26.87940062220853],[-49.10302914226165,-26.87940285115238],[-49.10302532998405,-26.87940403378809],[-49.10303184031066,-26.87945784640542],[-49.10310274357305,-26.8794526239313],[-49.10316890842822,-26.87945275147566],[-49.10324056868082,-26.87945240580997],[-49.10330817410803,-26.87944787636153],[-49.10342521974276,-26.87943910150386],[-49.10349390306386,-26.87943355117697],[-49.10361641957541,-26.87942432340047],[-49.10370294499959,-26.87940829884955],[-49.10378380930626,-26.87938518791306],[-49.10383052398804,-26.87936411058783],[-49.10385060750654,-26.87935062572892],[-49.10386455717941,-26.87933829687828],[-49.103873829639,-26.87932849836249],[-49.10387925474348,-26.87932246702552],[-49.10388380098151,-26.87931524060888],[-49.103887315683,-26.87930746331129],[-49.10389082416344,-26.87929173690198],[-49.10387230275788,-26.87910465590926],[-49.10381301594136,-26.87910788204697],[-49.10382283786691,-26.87925782512438],[-49.10382340936423,-26.87928654027598],[-49.10382233381414,-26.87929628454162],[-49.10382065784913,-26.87930177952166],[-49.10381456359555,-26.8793125034173],[-49.10381131712054,-26.87931735634151],[-49.10380003239638,-26.8793272903077],[-49.10373829463815,-26.87935252362772],[-49.1036874117025,-26.87936529718809],[-49.10365544934692,-26.8793713649153],[-49.10356119915316,-26.87937972211315],[-49.10339430710906,-26.87938868262549],[-49.10324885279181,-26.87940089304471],[-49.10319132464118,-26.8794052373572],[-49.10317881681714,-26.87940469033086],[-49.10316745931492,-26.87939987058922],[-49.10315780347282,-26.87938940549001],[-49.10314977898727,-26.87937497379183],[-49.10314453197013,-26.87935996924271],[-49.10313578631339,-26.87931524809162],[-49.10312688114552,-26.87924192382878],[-49.10311898892858,-26.87914832225508],[-49.10311022742493,-26.87902004089211],[-49.10310062707803,-26.87885742673815],[-49.10310275297191,-26.87884735089478],[-49.1031050283796,-26.87884037652034],[-49.10310871966151,-26.87883492575898],[-49.10311318545723,-26.87883071019887],[-49.10312492482372,-26.87882368779864],[-49.10313417955465,-26.87881965387533],[-49.10314888784865,-26.87881632408055],[-49.10320248164921,-26.87880755665336],[-49.1032458351476,-26.87880313663855],[-49.10337900071031,-26.87879391482708],[-49.10351020954685,-26.8787848778249],[-49.10350984138229,-26.87873289326407],[-49.10340923055045,-26.87873878218021],[-49.10328970043145,-26.87874581781951],[-49.10314837162556,-26.87875362571189],[-49.1031258018232,-26.8787546476527],[-49.1031125299486,-26.87875375009134],[-49.10309805012271,-26.8787516557338],[-49.10309375221635,-26.87874376723564],[-49.10308959634126,-26.87873092908784],[-49.10308486794857,-26.8786907738742],[-49.10307232624442,-26.87855133007724],[-49.10305575555687,-26.87839331934928]]
     ]
    },
    "properties": {
    "OBJECTID": 61181,
    "SHAPE.LEN": 519.8399456123831
    }
  },
  {
   "type": "Feature",
    "geometry": {
    "type": "LineString",
     "coordinates": [
      [[-49.1041164978849,-26.87377444900764],[-49.10410903322506,-26.8737719001398],[-49.10409822064854,-26.8737634052702],[-49.10409210223979,-26.87375448599531],[-49.10408409676273,-26.87374097975191],[-49.10405012196792,-26.87363148299476],[-49.10402605738717,-26.87356936303354],[-49.10399018722788,-26.87357846980755],[-49.10403885146881,-26.87373210586924],[-49.10404916837246,-26.87377139287565],[-49.10405241744341,-26.87379170754957],[-49.10405281560168,-26.87380047786004],[-49.10405066342607,-26.87381401116763]]
     ]
    },
    "properties": {
    "OBJECTID": 61198,
    "SHAPE.LEN": 55.5933543049363
    }
  },
  {
   "type": "Feature",
    "geometry": {
    "type": "LineString",
     "coordinates": [
      [[-49.10282737306965,-26.87221219881834],[-49.10281371744119,-26.87195503886944],[-49.10280580501496,-26.87174957735483],[-49.10280247900931,-26.87158745618743],[-49.10279613231302,-26.87142620064975],[-49.10278623597279,-26.87127675736573],[-49.1027784441868,-26.87108173400294],[-49.10277934815732,-26.87100883833259],[-49.10277199466578,-26.87099439848309],[-49.1027686126473,-26.87098622352293],[-49.1027663940278,-26.87097787012877],[-49.10276146247497,-26.87086495868684],[-49.10274981336993,-26.87065828174259],[-49.10274304832197,-26.87052546361678],[-49.1027376044751,-26.87043449787393],[-49.10273912069557,-26.87042343363095],[-49.10274210517645,-26.87040924180124],[-49.10274574275787,-26.87039824936566],[-49.10275159915911,-26.87038950887728],[-49.10275630993004,-26.87038362050725],[-49.10276395773208,-26.87037783655812],[-49.10277285703049,-26.87037256492933],[-49.10277950595125,-26.87036976504017],[-49.10293095335658,-26.8703614530218],[-49.10292506961395,-26.87029267043425],[-49.10276804868624,-26.8703026107863],[-49.10275435001112,-26.87030262091075],[-49.10274886041692,-26.87030144695555],[-49.10274501469375,-26.87029904499723],[-49.10274156411172,-26.87029455616081],[-49.10273683317217,-26.87028573759919],[-49.10273495868688,-26.87027738882513],[-49.10272514625225,-26.87010260848213],[-49.10271291717851,-26.86993790911175],[-49.10270286834718,-26.86976426915872],[-49.1026686084825,-26.86976524424785],[-49.10264048336212,-26.86976552097051],[-49.10264554153387,-26.86989857252144],[-49.10265380340394,-26.87005518023513],[-49.10266331063336,-26.87022749784997],[-49.10267161573883,-26.87036475840535],[-49.10267613437781,-26.87045833101706],[-49.10268356134553,-26.87057193305021],[-49.10268832690144,-26.87069839994015],[-49.10269296979976,-26.87080014348012],[-49.10269854028464,-26.87088942941131],[-49.10270704057298,-26.87103013231473],[-49.10270755166583,-26.87114407652179],[-49.10271016973149,-26.87131501723831],[-49.10272227113845,-26.87149532140346],[-49.1027292994367,-26.87165191433112],[-49.10273634270105,-26.87179109395835],[-49.10274525160944,-26.87198683631868],[-49.10275173154821,-26.87211418456368],[-49.10275933840998,-26.87221575036465]]
     ]
    },
    "properties": {
    "OBJECTID": 61208,
    "SHAPE.LEN": 584.53897084304
    }
  },
  {
   "type": "Feature",
    "geometry": {
    "type": "LineString",
     "coordinates": [
      [[-49.10389146673018,-26.8664591750993],[-49.10389988212877,-26.86660831515553],[-49.10390661268568,-26.8667401490579],[-49.10390805671946,-26.86680519315666],[-49.10391343843428,-26.86688817655858],[-49.10391528479445,-26.86697012690426],[-49.10391952630659,-26.86705690841528],[-49.10392197371486,-26.86715133328769],[-49.10392324085839,-26.86724694997757],[-49.10392590502659,-26.86736747411129],[-49.10392878016613,-26.86745876102625],[-49.10393445894798,-26.86755524832779],[-49.10394321492215,-26.86765248363863],[-49.10394852455588,-26.86771372737783]]
     ]
    },
    "properties": {
    "OBJECTID": 61174,
    "SHAPE.LEN": 139.15665893544
    }
  },
  {
   "type": "Feature",
    "geometry": {
    "type": "LineString",
     "coordinates": [
      [[-49.09750789927485,-26.88359122423513],[-49.09750916473677,-26.8835895877559],[-49.09751120372172,-26.88358744090732],[-49.0975134801634,-26.88358547957775],[-49.09751596335835,-26.88358373404124],[-49.09751861362183,-26.8835822299381],[-49.09752138841644,-26.88358098294179],[-49.09752424229164,-26.88358000236853],[-49.0975271309543,-26.88357928852432],[-49.09753001323612,-26.88357883543921],[-49.09753285110864,-26.88357862996493],[-49.09753560966814,-26.88357865267724],[-49.09764095872259,-26.8835687956166],[-49.09778788613094,-26.88355064411104],[-49.09788747314449,-26.88353727315313],[-49.09799684273096,-26.88351843334948],[-49.09812739950182,-26.88349319423459],[-49.09825999639568,-26.8834615281247],[-49.09835267629322,-26.88344118889999],[-49.09836344731468,-26.88343962622722],[-49.09837213201748,-26.88343846960684],[-49.09838083435957,-26.8834374016761],[-49.09838955432591,-26.88343642333734],[-49.09839828889751,-26.88343553454994],[-49.09840703606179,-26.88343473528678],[-49.09841579580367,-26.88343402645025],[-49.09842456411297,-26.88343340708378],[-49.09843334196585,-26.88343287900567],[-49.09844212535216,-26.88343244125935],[-49.09845091326561,-26.88343209383128],[-49.09845970367846,-26.88343183759674],[-49.09846849559952,-26.8834316716398],[-49.09847728600989,-26.88343159591983],[-49.09848607489446,-26.88343161133921],[-49.09849485924941,-26.88343171695492],[-49.09850363806845,-26.88343191275341],[-49.09851303416208,-26.88343215296392],[-49.09852242947952,-26.88343249966764],[-49.09853181998039,-26.88343295371274],[-49.0985412036672,-26.88343351416976],[-49.09855057852735,-26.88343418101162],[-49.09855994353943,-26.88343495512714],[-49.09856929469331,-26.88343583555975],[-49.09857862698764,-26.88343682043701]]
     ]
    },
    "properties": {
    "OBJECTID": 58147,
    "SHAPE.LEN": 108.480168337306
    }
  },
  {
   "type": "Feature",
    "geometry": {
    "type": "LineString",
     "coordinates": [
      [[-49.10070859911558,-26.88053583955374],[-49.10064851555228,-26.88057553407568],[-49.10059590303789,-26.88060212428603],[-49.10057075743141,-26.88061234094695],[-49.10055101980768,-26.88061756414072],[-49.1004775405768,-26.88063232702876],[-49.10042627689416,-26.88063844314629],[-49.10035102491966,-26.88064142332435],[-49.10029406910486,-26.88063726279835],[-49.10010825830469,-26.8806206042457],[-49.09990805460466,-26.8806020044641],[-49.09975922189076,-26.88058640242851],[-49.09955167505196,-26.88056555974242],[-49.09937943169737,-26.8805522517178],[-49.09922099518275,-26.88053717698404],[-49.09909201105214,-26.88052633706817],[-49.09905789386899,-26.8805228624537],[-49.09900120705523,-26.88051273988488],[-49.09899012089306,-26.88050957427866],[-49.09896723006372,-26.88050124952587],[-49.09894543525213,-26.88049082477644],[-49.09893139256791,-26.88048281043763],[-49.09891835651965,-26.88047352617705],[-49.0989064723648,-26.88046307323349],[-49.09889586900327,-26.88045156796948],[-49.09888666213222,-26.88043913379048],[-49.0988789541252,-26.88042590836393],[-49.09887444830417,-26.88041614409835],[-49.09886496961574,-26.88039589534136],[-49.09892168419797,-26.88037151635048],[-49.09892436937113,-26.88038241502477],[-49.09892854097856,-26.8803937461813],[-49.09893400951312,-26.8804046245474],[-49.09894071657597,-26.8804149310992],[-49.09894858756184,-26.88042455291271],[-49.09895753768163,-26.88043338414758],[-49.09896746789201,-26.88044132869995],[-49.09897826994182,-26.88044829936785],[-49.09898982533575,-26.88045421964242],[-49.09900200733167,-26.88045902463738],[-49.09901468193198,-26.88046266200491],[-49.099050295517,-26.88046741586345],[-49.09915683497793,-26.88047863164012],[-49.09931084643038,-26.88049282284944],[-49.09950261223354,-26.88051135778549],[-49.09962351877742,-26.88052233687168],[-49.09971272942213,-26.88053311422819],[-49.09980266189639,-26.88054286056461],[-49.09995208804679,-26.88055613736682],[-49.10009754766694,-26.88057151331698],[-49.10021502595831,-26.88058503168329],[-49.10031268721535,-26.88059335627848],[-49.10031801381825,-26.88059371131918],[-49.10036138521735,-26.88059434510329],[-49.10040462315391,-26.88059098226274],[-49.10044725397143,-26.88058365794695],[-49.10046308669959,-26.88058063780588],[-49.10058416711325,-26.88055077217723],[-49.10063456843125,-26.8805297112271],[-49.10068943162883,-26.88050064389501]]
     ]
    },
    "properties": {
    "OBJECTID": 61730,
    "SHAPE.LEN": 382.726079046678
    }
  },
  {
   "type": "Feature",
    "geometry": {
    "type": "LineString",
     "coordinates": [
      [[-49.09506765322564,-26.87392990044035],[-49.09506753602739,-26.87392812619593],[-49.09506753981891,-26.87392633914153],[-49.09506766646141,-26.87392454832799],[-49.09506791476709,-26.87392276457026],[-49.09506828556063,-26.87392099871041],[-49.0950687756872,-26.8739192588291],[-49.0950693809252,-26.87391755660293],[-49.09507009712868,-26.87391589919663],[-49.09507484978586,-26.87390802509633],[-49.09507939688336,-26.87390004533042],[-49.09508373529666,-26.87389196617482],[-49.09508785985847,-26.87388379568314],[-49.09509176745936,-26.87387553922891],[-49.09509545596587,-26.87386720400401],[-49.09509892022588,-26.87385879715966],[-49.09510216010329,-26.8738503268172],[-49.09512463792478,-26.87379301647329],[-49.09516243915193,-26.87368946962897],[-49.09522059786125,-26.87353525026577],[-49.09527342759217,-26.87338761374225],[-49.09532143623107,-26.87325733196882],[-49.09536745884022,-26.87313907011885],[-49.09542169234224,-26.87302955299826],[-49.09542880211347,-26.87301633038412],[-49.09543600086209,-26.87300314326693],[-49.09544328756674,-26.87298999253546],[-49.09545066218201,-26.87297688089683],[-49.09545812268033,-26.87296380922628],[-49.09546566801006,-26.87295078021737],[-49.09547329815609,-26.87293779477243],[-49.09548101107568,-26.87292485466908],[-49.09557618945582,-26.8727839453104],[-49.09567663848869,-26.87265065518023],[-49.09578253795865,-26.87250518681663],[-49.09585584010825,-26.87240502357374],[-49.09591069145397,-26.87233576505957],[-49.0959123895964,-26.87233412719854],[-49.09591421182934,-26.87233253162581],[-49.09591615696511,-26.8723309891563],[-49.09591822485253,-26.87232950881375],[-49.09592041230662,-26.87232810048363],[-49.09592271614239,-26.87232677405136],[-49.0959251311322,-26.87232554118],[-49.09592765110266,-26.87232440990961],[-49.0959302678226,-26.87232339096018],[-49.09593297310622,-26.87232249234459],[-49.09593575574903,-26.87232172203508],[-49.09593860555278,-26.87232108801742],[-49.09594150934596,-26.87232059552958],[-49.09594445395703,-26.87232024980954],[-49.09594742523846,-26.87232005427695],[-49.09595041006408,-26.87232001146267],[-49.09595339234955,-26.87232012024737],[-49.09595635899893,-26.87232038135716],[-49.095959293943,-26.87232079277032],[-49.09596218519788,-26.8723213489099],[-49.09596501773079,-26.87232204596301],[-49.09596778158541,-26.87232287747743],[-49.09597046380189,-26.87232383605787],[-49.09597305446923,-26.87232491254503],[-49.09597554565868,-26.87232609961141],[-49.09597792951706,-26.87232738541765],[-49.09598020014314,-26.87232876176105],[-49.09598235267215,-26.87233021864768],[-49.09598438327576,-26.87233174429243],[-49.09598629009276,-26.87233332964442],[-49.09598807328945,-26.87233496477754],[-49.09598973101969,-26.87233663973855],[-49.09607309861454,-26.87245811483168],[-49.09613419684159,-26.87255639589425],[-49.09622667707593,-26.87271752214448],[-49.09628692359548,-26.87282929064483],[-49.09639635000504,-26.87301672243605],[-49.09651590027645,-26.87320345655926],[-49.09664777229727,-26.87340200617052],[-49.09680295894702,-26.87361728312813],[-49.09693626625261,-26.87380639009443],[-49.09706287790269,-26.87398570765161],[-49.09717584499965,-26.87414587364423],[-49.09723688156198,-26.87423400033761],[-49.09730905444631,-26.87433560717155],[-49.09738724893718,-26.87444654198568],[-49.09747703371752,-26.87457354440281],[-49.0975640026947,-26.87469104350479],[-49.09763104375751,-26.87478978941212],[-49.09771889959711,-26.87491397043036],[-49.09777584129104,-26.87499580586032],[-49.09782606372751,-26.87506550588477],[-49.09787192440052,-26.87513020284069],[-49.09792918043855,-26.87520752233007],[-49.09796812559823,-26.87525713792377],[-49.09800329864361,-26.87529430128672],[-49.09803901506707,-26.87532852684032],[-49.09807912174358,-26.87536581888059],[-49.09812266194069,-26.87540422849232],[-49.09821242850548,-26.87547216003454],[-49.09822795439264,-26.87548256095187],[-49.09829705432681,-26.8755255864729],[-49.09840087546237,-26.87557806537931],[-49.09841300098811,-26.87558338592197],[-49.09850632290597,-26.87562153850151],[-49.09859939992533,-26.87565947381438],[-49.09872452407105,-26.87571329520896],[-49.0988489185372,-26.87576646133357],[-49.09896547694357,-26.87581630421747],[-49.09907984961789,-26.87586396765547],[-49.09921450940925,-26.87592285404305],[-49.09930008004179,-26.87596106429613],[-49.0994199696265,-26.8760135348174],[-49.09954841930179,-26.87606998433181],[-49.09968434675552,-26.87613663327992],[-49.09981304590158,-26.87620923577853],[-49.09981545686952,-26.87621077370857],[-49.09981767499445,-26.87621252837177],[-49.09981967641301,-26.87621448229817],[-49.09982143936489,-26.87621661263061],[-49.09982294510856,-26.87621889655252],[-49.09982417493264,-26.8762213094426],[-49.0998251182211,-26.87622382408069],[-49.09982576234534,-26.87622641321954],[-49.09982610072944,-26.87622904879075],[-49.09982613083752,-26.87623170187764],[-49.0998258511551,-26.87623434267472],[-49.09982526516876,-26.87623694324891],[-49.09982438042028,-26.87623947391651],[-49.09982320439112,-26.87624190860331],[-49.09982188261531,-26.8762440308424],[-49.09981659349184,-26.87625149714859],[-49.0998072047791,-26.8762628264145],[-49.09979778675457,-26.87627277885132],[-49.09976726346578,-26.87630273199746],[-49.09971321831141,-26.87635605605865],[-49.09965419549283,-26.87641254257255],[-49.09959390435525,-26.87647138127],[-49.09958165132809,-26.87648306100166],[-49.09957485439764,-26.87648980932111],[-49.09956888280288,-26.87649715812683],[-49.09956380029024,-26.87650502704424],[-49.09956153605098,-26.87650927842434],[-49.09954033665065,-26.87654194192538],[-49.09953636502699,-26.87654874359209],[-49.09953162223785,-26.87655513594483],[-49.09952615978851,-26.87656104837256],[-49.09952003814998,-26.87656641580035],[-49.0995160137234,-26.87656939433134],[-49.09943833940549,-26.87663864413864],[-49.09937077128737,-26.87668802869549],[-49.09935579395903,-26.87670053281602],[-49.09932026700149,-26.8767353709933],[-49.09926174665848,-26.87679121783806],[-49.09920592730212,-26.87684774814533],[-49.09914012316587,-26.87691254258718],[-49.09910884753777,-26.87694334651316],[-49.09907482182583,-26.87697669751326],[-49.09901577615314,-26.87703469163331],[-49.09895896800307,-26.87709014980107],[-49.09890055611054,-26.87714983931656],[-49.09883293692963,-26.87721457307147],[-49.09877856522294,-26.87726829218253],[-49.09871612259651,-26.87733330764456],[-49.09866171060468,-26.87738960753996],[-49.09869972979443,-26.87741913623199],[-49.0987462916859,-26.87737585598579],[-49.09879363230836,-26.87733000482544],[-49.09884874105546,-26.8772765104421],[-49.09890963282173,-26.87721599145729],[-49.0989502113104,-26.87717672111019],[-49.09899807880322,-26.87712872611655],[-49.09906371475841,-26.87706461183791],[-49.09912381572236,-26.87700730973372],[-49.09918394081666,-26.87694850152064],[-49.09927886626315,-26.87685701695521],[-49.09934824109506,-26.8767903696489],[-49.09942889616063,-26.87671225243983],[-49.09949026080522,-26.87665303022649],[-49.09957216173316,-26.87657406862512],[-49.09964102976001,-26.87650827540262],[-49.09971118031741,-26.87643927176862],[-49.09977909499694,-26.87637131480067],[-49.09984573677385,-26.87630592295698],[-49.09987453672338,-26.87627833032849],[-49.09987673222862,-26.87627584075648],[-49.09987920587825,-26.87627357064186],[-49.09988193210842,-26.87627154401046],[-49.09988487931778,-26.87626978480689],[-49.09988801601062,-26.87626831065915],[-49.09989130867872,-26.87626713916815],[-49.09989471887317,-26.8762662824529],[-49.0998982122304,-26.87626574907703],[-49.09990174836445,-26.87626554662059],[-49.09990528902258,-26.87626567547168],[-49.0999087949458,-26.87626613600489],[-49.09991222900836,-26.87626692140287],[-49.09991555307823,-26.87626802483471],[-49.09991873015039,-26.87626943226403],[-49.09992172521723,-26.87627113058393],[-49.09992249781607,-26.8762716346858],[-49.099970905837,-26.87629936130794],[-49.10007259758761,-26.87635853191151],[-49.10019261528191,-26.87642890980871],[-49.10029845305706,-26.8764911452113],[-49.10040014514388,-26.87655031649784],[-49.1004969591241,-26.87660598329878],[-49.10062902251786,-26.87667909695634],[-49.10079081500994,-26.87677561059561],[-49.10090970026503,-26.87684490674324],[-49.10101143754721,-26.87690580846489],[-49.10101405750449,-26.87690755046003],[-49.10101646625058,-26.87690952428695],[-49.1010186379696,-26.87691170883931],[-49.10102054791223,-26.87691407941478],[-49.10102217538439,-26.8769166095604],[-49.10102350271077,-26.87691927286379],[-49.10102451529516,-26.8769220393436],[-49.1010252025664,-26.8769248790726],[-49.10102521089878,-26.87692492250845],[-49.10102869888699,-26.87693874186125],[-49.10102876489371,-26.87694448767059],[-49.10102816101694,-26.8769502073267],[-49.10102689331349,-26.87695583953556],[-49.10102497691164,-26.87696132222244],[-49.10102243093455,-26.8769665951715],[-49.10101928452279,-26.87697160100929],[-49.10101557181806,-26.87697628423471],[-49.10101503542268,-26.87697688265595],[-49.10101050086449,-26.87698081652375],[-49.10100553292384,-26.87698430410698],[-49.10100307267267,-26.87698577293041],[-49.1009498280624,-26.87701975781809],[-49.10085726098262,-26.87707950985585],[-49.10076190101866,-26.87714460726968],[-49.10070315715042,-26.87718368900946],[-49.10064787512349,-26.87722195439841],[-49.10059383094694,-26.87725980407072],[-49.1005265155182,-26.87731147791198],[-49.10042383856547,-26.87738767681533],[-49.10030435422877,-26.87746753794796],[-49.10018878614704,-26.87754895443154],[-49.10006300554224,-26.87763756151476],[-49.09996012882812,-26.87771074365385],[-49.09987016968038,-26.87777698441792],[-49.09976680683176,-26.87784973023858],[-49.09966348404842,-26.87791989243142],[-49.09957661034554,-26.87797777779995],[-49.09944615678522,-26.8780658945099],[-49.09938866328341,-26.87810369998892],[-49.09935618024722,-26.87812947027215],[-49.09932687541365,-26.87815814628835],[-49.09930513507886,-26.87818401415531],[-49.09927017065303,-26.87823049862403],[-49.09924144562984,-26.8782716804376],[-49.09922549548972,-26.87830230967893],[-49.0992130463988,-26.87833423519366],[-49.09921209633884,-26.87833717835817],[-49.09918926618931,-26.87841115346055],[-49.09913151601569,-26.87860281625659],[-49.09908719297712,-26.87873687837184],[-49.09903825726574,-26.87887904583727],[-49.09912883110292,-26.87888598964769],[-49.09926680102394,-26.87889589343933],[-49.0994047925512,-26.87890450760178],[-49.0995697027097,-26.87891410563115],[-49.09975260556344,-26.87892650881806],[-49.09990610400907,-26.87893875726986],[-49.10008879852123,-26.87894755502666],[-49.10019690362645,-26.87895372755278],[-49.10032943720436,-26.87896173128523],[-49.10045354791409,-26.87897150803005],[-49.10058215692032,-26.87897850382662],[-49.10074873852535,-26.87899006621304],[-49.10082526873234,-26.87899382537713],[-49.10083239510632,-26.87899543209943],[-49.10083928808034,-26.87899769456691],[-49.10084587158458,-26.87900058738731],[-49.10085207366482,-26.87900407980823],[-49.10085782654276,-26.87900813210762],[-49.10086306652558,-26.87901270100807],[-49.10086773708503,-26.87901773610779],[-49.10087178681474,-26.87902318165841],[-49.10087517139753,-26.87902897929913],[-49.10087785366575,-26.87903506444715],[-49.10087842573147,-26.8790366678986],[-49.10088101055071,-26.87904364529052],[-49.10088276551856,-26.87905083265861],[-49.10088367285818,-26.87905814943429],[-49.10088372281272,-26.87906551696199],[-49.10088291372085,-26.87907285398719],[-49.10088125499031,-26.87908007940414],[-49.10087876502504,-26.87908711583837],[-49.10087547030944,-26.87909388421884],[-49.10087423914154,-26.87909600407424],[-49.1008452335299,-26.87914706570038],[-49.10081162941761,-26.87920732325862],[-49.10078657277684,-26.8792543212926],[-49.10075165515273,-26.87932372687139],[-49.10074508082599,-26.87933852563426],[-49.10071889164485,-26.87940485793041],[-49.10069371041499,-26.87947934955309],[-49.10068270618009,-26.8795254669354],[-49.10067659213083,-26.87955312912947],[-49.10067639056533,-26.87955483048984],[-49.10067599321192,-26.87955650304307],[-49.10067540136354,-26.87955812965753],[-49.10067462439358,-26.87955969150507],[-49.10067366862638,-26.87956117152168],[-49.10067254639383,-26.87956255452931],[-49.10067126903665,-26.87956382443403],[-49.10066985086909,-26.87956496788954],[-49.10066830620548,-26.87956597154963],[-49.10066665332487,-26.87956682573169],[-49.10066491052145,-26.87956751985069],[-49.10066309602904,-26.87956804693116],[-49.10066123007893,-26.87956840092705],[-49.10065933285716,-26.87956857849944],[-49.10065837530745,-26.87956859992326],[-49.1005892649658,-26.87956645133583],[-49.1004837420356,-26.87956406583103],[-49.10046211182285,-26.87956318108805],[-49.10045935615265,-26.87956293102554],[-49.10035465165294,-26.87955295400171],[-49.10032054977956,-26.87955026334702],[-49.10030340887666,-26.87954942270263],[-49.1001812917466,-26.87954510523859],[-49.10010393571459,-26.87954171639641],[-49.0999773216619,-26.87953498344806],[-49.099860281142,-26.87952965901428],[-49.09976363173462,-26.87952630742622],[-49.09964116856982,-26.8795215606295],[-49.0994943535203,-26.87951629657694],[-49.09936177087599,-26.87951335845727],[-49.09923608816115,-26.87950986138986],[-49.09912099189687,-26.87950606529938],[-49.09900662965781,-26.87950249380664],[-49.09889770090568,-26.87949769923861],[-49.0987707983338,-26.8794935418029],[-49.09866137393033,-26.87948895609886],[-49.09851900116216,-26.8794828852503],[-49.09842290052519,-26.87947610040483],[-49.09841884779956,-26.87947516944784],[-49.09841492413926,-26.87947386385262],[-49.09841117362436,-26.87947219594608],[-49.09840763617387,-26.87947018612231],[-49.09840435169166,-26.8794678556778],[-49.0984013549898,-26.87946522945077],[-49.09839867979848,-26.87946233677784],[-49.09839635478631,-26.87945920873259],[-49.09839440552751,-26.87945588085988],[-49.09839285457742,-26.87945238866394],[-49.09839171740209,-26.87944877026125],[-49.09839100640344,-26.87944506643483],[-49.09839073923114,-26.87944172600402],[-49.09839202783496,-26.87942325040954],[-49.09832421216192,-26.87941724698397],[-49.09831137986948,-26.87952416884285],[-49.09844316004454,-26.87953096830858],[-49.0986216443175,-26.87954071318775],[-49.09882354932685,-26.8795477385684],[-49.09895834842027,-26.8795504895001],[-49.099082298578,-26.87955461065215],[-49.09921950516856,-26.87956061593817],[-49.09935328259266,-26.87956571930954],[-49.09950872197573,-26.87957023125412],[-49.09968382305484,-26.87957627744483],[-49.09986923070449,-26.87958395581725],[-49.10002811574736,-26.87958850992698],[-49.1001658145619,-26.87959452091628],[-49.10032220688958,-26.87960097901091],[-49.10044100884591,-26.87960396018664],[-49.10052609497218,-26.87960716666661],[-49.1006507372408,-26.87961409013781],[-49.10065299535881,-26.87961411959567],[-49.10065523985336,-26.87961436187911],[-49.10065744556732,-26.87961481664992],[-49.1006595884706,-26.87961547636435],[-49.10066164550915,-26.879616335297],[-49.10066359268303,-26.87961738409939],[-49.10066541106898,-26.87961861078355],[-49.10066707974624,-26.8796200024321],[-49.10066857886069,-26.87962154253168],[-49.10066989458082,-26.87962321555247],[-49.10067101110781,-26.87962500323048],[-49.10067191570695,-26.87962688463516],[-49.10067259963852,-26.87962884069484],[-49.10067305422313,-26.87963084872833],[-49.1006732757826,-26.87963288792686],[-49.10067328828711,-26.87963436742303],[-49.10067082579847,-26.87966444076181],[-49.10066017202877,-26.87975870374204],[-49.10065409800296,-26.87981388973476],[-49.10064905645297,-26.87986607770018],[-49.10064706087225,-26.87989766191508],[-49.10064346780105,-26.87995158876865],[-49.1006415794071,-26.87999169116525],[-49.10064250413141,-26.88004028675023],[-49.10064736266948,-26.88008747665732],[-49.10065770360971,-26.88013394961627],[-49.10066844897818,-26.8801665887593],[-49.10068195725331,-26.88019742107885],[-49.10069895835753,-26.8802268562307],[-49.1007192654627,-26.88025457038347],[-49.10072657847893,-26.88026319898476],[-49.10075918685281,-26.88029912411329],[-49.10076660441118,-26.88030932641187],[-49.10077279137791,-26.8803201683409],[-49.10077403464647,-26.88032274386906],[-49.10080535965111,-26.88037559134782],[-49.1008061375901,-26.88037680133486],[-49.10080677653566,-26.88037807714674],[-49.10080727070649,-26.88037940336183],[-49.10080761226349,-26.88038076723868],[-49.10080779946563,-26.8803821525074],[-49.10080782953541,-26.88038354468942],[-49.1008077027293,-26.88038492844432],[-49.10080741930376,-26.88038628843167],[-49.10080698354044,-26.8803876093652],[-49.10080639969081,-26.88038887776338],[-49.10080636958806,-26.88038893241603],[-49.10079691280077,-26.88040672509226],[-49.10078552298087,-26.88042352511661],[-49.10077232600342,-26.88043914824951],[-49.10077062730654,-26.88044093598611],[-49.10075552212638,-26.88045630872016],[-49.10073874325987,-26.88047016698617],[-49.10072047440466,-26.88048235981482],[-49.10070704244021,-26.8804897626972],[-49.10068943162883,-26.88050064389501]]
     ]
    },
    "properties": {
    "OBJECTID": 57656,
    "SHAPE.LEN": 2432.16718472534
    }
  },
  {
   "type": "Feature",
    "geometry": {
    "type": "LineString",
     "coordinates": [
      [[-49.09975544348577,-26.87402328265304],[-49.09975632797055,-26.87404213139346],[-49.09975914954993,-26.87414850590147],[-49.09976289793165,-26.87424219086519],[-49.09976637123882,-26.87432145070559],[-49.09976816996894,-26.87443061035394],[-49.09976949689248,-26.87450575354031],[-49.09977464238296,-26.8745716867111],[-49.09977900852144,-26.87464040920247],[-49.09978472530165,-26.87473368829931],[-49.09979470810127,-26.87483692155969],[-49.099799390908,-26.87490091247123],[-49.09980439155186,-26.87497653108108],[-49.09981117933624,-26.87508015550832],[-49.09981883238913,-26.87517561329533],[-49.09982610537565,-26.87524787869248],[-49.09982676126585,-26.87525650444392],[-49.099826358921,-26.87529139547855],[-49.0998219774242,-26.87532607955719],[-49.09981937390703,-26.87533870412663],[-49.09981234333803,-26.87538019052105],[-49.09980797501483,-26.87542515967322],[-49.09979951773173,-26.87550579523255],[-49.0997725198315,-26.87562424321375],[-49.09974977635628,-26.87572071914295],[-49.09972902181903,-26.87582440545008],[-49.09969684016635,-26.87589809515371],[-49.09965316304081,-26.87599834838998],[-49.09964676909069,-26.8760135602098],[-49.09964580784,-26.87601603117955],[-49.09964513917731,-26.87601858009641],[-49.09964477264189,-26.87602117820614],[-49.09964471071413,-26.87602379756213],[-49.09964495387705,-26.87602640928835],[-49.09964550060113,-26.87602898448164],[-49.09964634429542,-26.87603149597597],[-49.09964747538042,-26.87603391475993],[-49.09964888218857,-26.87603621630693],[-49.09965054806644,-26.87603837331555],[-49.09965245628504,-26.87604036299627],[-49.09965458505398,-26.87604216429667]]
     ]
    },
    "properties": {
    "OBJECTID": 61749,
    "SHAPE.LEN": 226.630414720718
    }
  },
  {
   "type": "Feature",
    "geometry": {
    "type": "LineString",
     "coordinates": [
      [[-49.09969854582637,-26.87401897387036],[-49.09969981773509,-26.87403481681476],[-49.09970042073368,-26.87417779810576],[-49.099704543032,-26.87426621342071],[-49.09971044428566,-26.87433551977178],[-49.09971869674317,-26.8744297951269],[-49.09972705306095,-26.87453374843732],[-49.09973287845774,-26.87462498375041],[-49.09974030792296,-26.87472483951584],[-49.09974758720818,-26.8748180286102],[-49.09975634422371,-26.87494520617312],[-49.09975954290523,-26.87503017383921],[-49.09976462737767,-26.8751549408554],[-49.09976828318666,-26.87521757040058],[-49.09977060527203,-26.87527719988321],[-49.09977110334426,-26.87531012637743],[-49.09977064829805,-26.87531380458815],[-49.09976976654795,-26.87531742019724],[-49.09976846781418,-26.87532093362194],[-49.09976676582684,-26.87532430623595],[-49.09976468030825,-26.87532750220134],[-49.09976223399948,-26.87533048572075],[-49.0997594516239,-26.87533322282866],[-49.09975636685549,-26.87533568599797],[-49.09975301036458,-26.87533784675864],[-49.09974942180227,-26.8753396812743],[-49.09974563771038,-26.87534117108222],[-49.09974170167447,-26.87534229781446],[-49.09973765616819,-26.87534304940614],[-49.09973354558718,-26.87534341923376],[-49.09972941431194,-26.87534340157616],[-49.09972913477164,-26.87534338608278],[-49.09968599241662,-26.87533940849721],[-49.09963670543595,-26.8753336324447],[-49.09963325931826,-26.87533260679273],[-49.09962995238931,-26.87533126259704],[-49.09962682060232,-26.87532961658768],[-49.09962389687666,-26.87532768635647],[-49.09962121509266,-26.8753254922159],[-49.09961880301773,-26.87532305890913],[-49.09961668840412,-26.87532041208171],[-49.09961489389745,-26.87531758182338],[-49.09961343910945,-26.87531459908566],[-49.09961233959669,-26.8753114965707],[-49.09961160788191,-26.87530830784238],[-49.0996114263037,-26.87530706886566],[-49.09960481231406,-26.87525384141754],[-49.09959198479653,-26.87512049593051],[-49.099578631277,-26.8749892951163],[-49.09957229544985,-26.87490078414594],[-49.09956634636957,-26.8748028103142],[-49.09955853258056,-26.87468093094105],[-49.09955067965914,-26.87456163241833],[-49.09954445964352,-26.87449851257361],[-49.09953644764413,-26.87440328822724],[-49.09951593619929,-26.87440471458926],[-49.0995260299692,-26.87454269777743],[-49.09953679263857,-26.87466843021874],[-49.09954281419204,-26.87476399513875],[-49.0995494109202,-26.87487096467022],[-49.09955288866984,-26.87495488368136],[-49.09955802310274,-26.87504355449439],[-49.09956454200935,-26.87515589964372],[-49.09957098149172,-26.87527383610775],[-49.09957210454071,-26.87531578777928],[-49.09957219563179,-26.87531702102599],[-49.09957214276933,-26.87531825594667],[-49.09957194515837,-26.87531947989451],[-49.09957160708046,-26.87532067758324],[-49.09957113072922,-26.87532183821142],[-49.09957052139247,-26.87532294650632],[-49.09956978627993,-26.87532399263652],[-49.09956893365289,-26.87532496407705],[-49.09956797276377,-26.87532584921881],[-49.09956691280463,-26.87532664006224],[-49.09956576801383,-26.87532732777305],[-49.09956454759856,-26.87532790344929],[-49.09956326773418,-26.87532836279564],[-49.09956194162267,-26.87532869876905],[-49.09956058339676,-26.87532890885187],[-49.0995592081954,-26.87532899053999],[-49.09955783013627,-26.87532894221819],[-49.09955646629533,-26.87532876592129],[-49.09955639506317,-26.875328752327]]
     ]
    },
    "properties": {
    "OBJECTID": 61722,
    "SHAPE.LEN": 368.8925226527621
    }
  },
  {
   "type": "Feature",
    "geometry": {
    "type": "LineString",
     "coordinates": [
      [[-49.10072785598443,-26.8712483462491],[-49.10072901567798,-26.87125417084611],[-49.10073993459519,-26.87132594731383],[-49.10074123541603,-26.87133368547344],[-49.10074221857699,-26.87133881180781],[-49.10074438818827,-26.871349004931],[-49.10074672259662,-26.87135915333508],[-49.10075137100362,-26.87137946701782],[-49.10075342608484,-26.87138970824335],[-49.10075433121035,-26.87139486692421],[-49.10075568254278,-26.8714036175555],[-49.10075787692017,-26.87142112101172],[-49.10075951375082,-26.87143862329174],[-49.10076036851651,-26.87145028799923],[-49.10076170992515,-26.87147360344027],[-49.10076232369969,-26.8714884266483],[-49.10076264469633,-26.87150818213425],[-49.10076255919812,-26.87151805521679],[-49.10076208132175,-26.87153285833586],[-49.1007616728516,-26.87154025671406],[-49.100760057218,-26.87155954480679],[-49.10075894951368,-26.87156915684219],[-49.10075689362114,-26.87158353349152],[-49.10075434751001,-26.87159785481214],[-49.1007528845889,-26.87160499441743],[-49.10074942957222,-26.87161920062658],[-49.1007444774184,-26.87163801695002],[-49.10074232731226,-26.87164749222257],[-49.10073830005133,-26.87166775517825],[-49.10073075329673,-26.87170837004904],[-49.10072553809935,-26.87173774573589],[-49.10072317274094,-26.87175245217917],[-49.10072118028047,-26.87176718800449],[-49.10072037351044,-26.87177457109994],[-49.10071883668054,-26.87179384039371],[-49.10071693794685,-26.87183241463102],[-49.10071624855055,-26.87184415606037],[-49.10071525522551,-26.87185981060389],[-49.10071490694202,-26.87186764212658],[-49.10071479793579,-26.87187940309097],[-49.10071500245793,-26.87188529156786],[-49.10071621520255,-26.87190787418815],[-49.10071790110036,-26.87193803672178],[-49.10071874721134,-26.87195310945653],[-49.10072213916951,-26.87201355303244],[-49.10072324688645,-26.87202814820815],[-49.10072419713491,-26.87203789350713],[-49.10072617235949,-26.87205742933599],[-49.10072733764912,-26.87207213269258],[-49.10072770358762,-26.87207950357116],[-49.10072975150589,-26.87213491524499]]
     ]
    },
    "properties": {
    "OBJECTID": 61757,
    "SHAPE.LEN": 98.89582598948101
    }
  },
  {
   "type": "Feature",
    "geometry": {
    "type": "LineString",
     "coordinates": [
      [[-49.1008450217647,-26.87294342216805],[-49.10084235444087,-26.87290459430983],[-49.10083975593763,-26.87288025650072],[-49.10083725943274,-26.87287294002245],[-49.10083391907621,-26.87286589109894],[-49.10082976981034,-26.87285918691916],[-49.10082485769113,-26.8728529021137],[-49.10081923593876,-26.87284710418881],[-49.10081296789596,-26.87284185717644],[-49.10081268462084,-26.87284164397012],[-49.10080372201029,-26.87283683639807],[-49.10079423984659,-26.87283282513842],[-49.10078434405042,-26.87282965584125],[-49.10077414073848,-26.87282736242578],[-49.1007665052915,-26.87282624890113],[-49.10063817149479,-26.87280771865092],[-49.10048104841259,-26.87278303646779],[-49.10036670614981,-26.87276572482081],[-49.10023094361174,-26.87274402104212],[-49.10005117606717,-26.87271359316235],[-49.09992959845049,-26.87269370177747],[-49.09976367826849,-26.87266733904218],[-49.09970520749735,-26.87265693386443],[-49.09970174893177,-26.87265611564296],[-49.0996982085664,-26.87265561493204],[-49.09969462357109,-26.87265543584189],[-49.09969103414943,-26.87265558162096],[-49.09968747960443,-26.87265604918755],[-49.09968399722668,-26.87265683543286],[-49.0996806274612,-26.87265792916732],[-49.09967740669799,-26.87265932095201],[-49.09967436943531,-26.87266099410187],[-49.09967154919542,-26.87266293011361],[-49.09966897751828,-26.87266510865209],[-49.09966668199442,-26.87266750481617],[-49.09966468719576,-26.87267009366409],[-49.09966301575718,-26.87267284571516],[-49.0996617546057,-26.87267555815541],[-49.0996507648426,-26.87270837798794],[-49.09964704958213,-26.87272381178049],[-49.09964640783519,-26.87273016904667],[-49.09964627066945,-26.87273674610827],[-49.09964664028337,-26.87274347169102],[-49.09964751189226,-26.8727502708164],[-49.09964762446027,-26.87275094204486],[-49.09965221731113,-26.87280459902453],[-49.09965746222833,-26.87286385986804],[-49.0996649727338,-26.87293563476798],[-49.09967393855801,-26.87302486347782],[-49.09968098756197,-26.87311105539892],[-49.09969055288396,-26.87320933331443],[-49.09969927680786,-26.87329834395368],[-49.09970928526323,-26.8733998554531],[-49.09971710559914,-26.87350004863772],[-49.09972847592576,-26.87360889566749],[-49.0997359928455,-26.87369660028185],[-49.09974190600687,-26.87377675039274],[-49.09974549940222,-26.87384804658366],[-49.09975010469422,-26.87390084266227],[-49.09975298109759,-26.87397083851965],[-49.09975544348577,-26.87402328265304]]
     ]
    },
    "properties": {
    "OBJECTID": 61733,
    "SHAPE.LEN": 279.468683893707
    }
  },
  {
   "type": "Feature",
    "geometry": {
    "type": "LineString",
     "coordinates": [
      [[-49.09663691010066,-26.88407333058872],[-49.096631503853,-26.88406348462613],[-49.09662597500959,-26.88405368665316],[-49.09662032355534,-26.88404393757216],[-49.09661455046633,-26.88403423920144],[-49.09660865769475,-26.88402459517759],[-49.09660264522551,-26.88401500640297],[-49.09659651604733,-26.88400547472302],[-49.09659027011489,-26.88399600284482],[-49.0965752627837,-26.88397226048219],[-49.09656042905167,-26.88394843019966],[-49.09654577189233,-26.88392451474513],[-49.09653129026902,-26.88390051590981],[-49.09652151471538,-26.88388549886298],[-49.09651156778043,-26.88387055803032],[-49.09650145245298,-26.88385569525723],[-49.09649116966376,-26.88384091506911],[-49.09648884718969,-26.88383781410424],[-49.09648638147871,-26.8838347915385],[-49.09648378044525,-26.88383185560175],[-49.09648104999116,-26.88382901449672],[-49.09647819902205,-26.88382627736918],[-49.0964752344612,-26.88382365153305],[-49.09647216522936,-26.88382114523175],[-49.09646900232043,-26.88381876312631],[-49.09646564798121,-26.88381537116417],[-49.09646407838488,-26.883813592693],[-49.09646258713722,-26.88381176383071],[-49.09646117617525,-26.88380988911631],[-49.09645985045497,-26.88380797312945],[-49.09645746149632,-26.88380403457847],[-49.09645374572369,-26.88379698411016],[-49.09644994169091,-26.8837899748735],[-49.09644605037408,-26.8837830086868],[-49.09644207274928,-26.88377608736837],[-49.09643800878627,-26.88376921272295],[-49.09643386046746,-26.8837623865824],[-49.09642962779286,-26.88375560894672],[-49.09642531272974,-26.88374888255014],[-49.09641826698831,-26.88373686635056],[-49.09641110647564,-26.8837249117844],[-49.09640383415022,-26.88371302250184],[-49.09639644999695,-26.88370119940522],[-49.09638895499192,-26.88368944431286],[-49.09638135111754,-26.88367775905659],[-49.09637363933479,-26.88366614635709],[-49.09636582061975,-26.88365460803265],[-49.09635874339929,-26.88364423048757],[-49.09635163442462,-26.8836338859096],[-49.09634449666936,-26.88362357704655],[-49.09633732912717,-26.88361330388486],[-49.09633013475651,-26.8836030700747],[-49.09632291355739,-26.88359287561607],[-49.09631566751218,-26.88358272234083],[-49.09630839657552,-26.88357261295609],[-49.09630452991933,-26.88356838010401],[-49.096300845799,-26.883564006202],[-49.09629735807609,-26.88355950497559],[-49.09629407856928,-26.88355489192789],[-49.09629101812116,-26.88355018074372],[-49.09628818653778,-26.88354538689907],[-49.09628559260369,-26.88354052675876],[-49.096283243106,-26.88353561575807],[-49.0962830525052,-26.88353407609923],[-49.09628286174507,-26.88353248589387],[-49.09628267172604,-26.88353085147219],[-49.09628248432465,-26.88352918098268],[-49.09628229945015,-26.88352747983958],[-49.09628211795758,-26.88352575708018],[-49.09628193972596,-26.88352401992349],[-49.09628176765324,-26.88352227562918],[-49.09627901772748,-26.88351675360201],[-49.09627607020901,-26.88351131014377],[-49.09627293099961,-26.88350595345719],[-49.09626960298213,-26.88350069170431],[-49.09626609105206,-26.8834955330743],[-49.09626240211752,-26.88349048578346],[-49.09625854108907,-26.88348555711856],[-49.09625451391391,-26.88348075257523],[-49.09624783743526,-26.883468986846],[-49.09624096916095,-26.8834573142048],[-49.0962339130255,-26.88344574012009],[-49.0962266699748,-26.88343426821491],[-49.09621924296733,-26.88342290213942],[-49.09621163395525,-26.88341164553022],[-49.09620384589706,-26.88340050203747],[-49.09619588175121,-26.88338947531131],[-49.0961849183273,-26.88337297103183],[-49.09617407340162,-26.88335642321982],[-49.09616334695902,-26.88333983277766],[-49.09615273999063,-26.88332320062135],[-49.09615037205565,-26.88331920999959],[-49.09614800376493,-26.88331518056216],[-49.09614563606426,-26.88331111593211],[-49.09614327188185,-26.88330702156437],[-49.09614091420639,-26.8833028993044],[-49.09613856395343,-26.88329875457998],[-49.09613622510287,-26.8832945901525],[-49.09613389757906,-26.88329041053383],[-49.0961325350136,-26.88328835144034],[-49.09613125671344,-26.88328624925625],[-49.09613006461559,-26.88328410852061],[-49.09612896266971,-26.88328193379952],[-49.09612795180644,-26.88327972961841],[-49.09612703496911,-26.88327750052986],[-49.0961262130884,-26.88327525105928],[-49.09612548910759,-26.88327298575926],[-49.09612507951165,-26.88327154062696],[-49.09611857212452,-26.88325551339377],[-49.09611783102688,-26.88325396902268],[-49.09611758694,-26.8832530983555],[-49.09611745241239,-26.88325217681548],[-49.09611743926263,-26.88325121990576],[-49.09611756022495,-26.88325024855724],[-49.09611781995274,-26.88324928539711],[-49.0961182170313,-26.88324835477589],[-49.09611874304709,-26.88324747824204],[-49.09611938354871,-26.88324667726267],[-49.09612012115654,-26.88324596784989],[-49.09612093153751,-26.88324536050669],[-49.09612179142542,-26.8832448621401],[-49.09612267869646,-26.88324447154935],[-49.09612445216639,-26.88324399452209]]
     ]
    },
    "properties": {
    "OBJECTID": 58211,
    "SHAPE.LEN": 106.235572753247
    }
  },
  {
   "type": "Feature",
    "geometry": {
    "type": "LineString",
     "coordinates": [
      [[-49.09603809988342,-26.87094169211107],[-49.09593182351847,-26.87094770630484],[-49.09575671727041,-26.87095666128803],[-49.09556194368389,-26.87096763540338],[-49.0954467148976,-26.87097281914076],[-49.09537363258212,-26.8709716914437],[-49.09536921924356,-26.87097139908894],[-49.09536580074172,-26.8709704775077],[-49.09533002241188,-26.87095520466788],[-49.09527053388017,-26.87095846707842],[-49.09509079465776,-26.87097038422363],[-49.09508816446562,-26.87099058097326],[-49.09505620248641,-26.87099260418732],[-49.09505210716566,-26.87099297318748],[-49.09504799734899,-26.87099324631872],[-49.09504387904339,-26.8709934254672],[-49.09503975630396,-26.87099350888242],[-49.0950356321493,-26.87099349660508],[-49.09503151060427,-26.87099338868944],[-49.09502739669988,-26.87099318520334],[-49.09502329343965,-26.87099288708982],[-49.09502019342351,-26.87099199867663],[-49.0950171168291,-26.87099091381694],[-49.09501408480189,-26.87098963189326],[-49.09501112246674,-26.8709881550495],[-49.09500824988728,-26.87098648716648],[-49.09500549211273,-26.87098463489995],[-49.09500287012217,-26.87098260755856],[-49.09500040381278,-26.87098041894927],[-49.09499811105425,-26.87097808375424],[-49.09499600666732,-26.87097561841975],[-49.09499410542744,-26.87097304209913],[-49.09499241607277,-26.87097037386437],[-49.09499094426236,-26.87096763635626],[-49.09498969472468,-26.87096484769013],[-49.09498866706644,-26.8709620313277],[-49.09498785898779,-26.87095920438701],[-49.09498725487349,-26.87095633777497],[-49.09498685432239,-26.87095339538305],[-49.0949866691064,-26.87095039542153],[-49.09498670697261,-26.87094735604643],[-49.09498697662893,-26.87094429813448],[-49.09498748175224,-26.87094124249454],[-49.09498822197948,-26.87093821078362],[-49.0949891949503,-26.87093522372921],[-49.09499039423418,-26.87093230471165],[-49.0949918114638,-26.87092947257229],[-49.09499343421677,-26.87092674790294],[-49.09499524714288,-26.8709241458405],[-49.09499723286434,-26.87092168239707],[-49.09499937305772,-26.87091936996173],[-49.09500164741742,-26.87091721909166],[-49.0950040346921,-26.87091523672096]]
     ]
    },
    "properties": {
    "OBJECTID": 57666,
    "SHAPE.LEN": 114.180628133501
    }
  },
  {
   "type": "Feature",
    "geometry": {
    "type": "LineString",
     "coordinates": [
      [[-49.09599132064226,-26.86622687216918],[-49.09601054555426,-26.86633070041044],[-49.09603449169379,-26.86647549085324],[-49.09603672120259,-26.86648592402548],[-49.09603877497379,-26.86649639454344],[-49.09604065306782,-26.86650689879764],[-49.09604235351761,-26.86651743405383],[-49.09604387540767,-26.8665279948842],[-49.09604521978943,-26.8665385785952],[-49.09604638368974,-26.86654918243901],[-49.09604736820535,-26.86655980101494],[-49.09604817237543,-26.86657043160232],[-49.09604879627548,-26.86658106968925],[-49.09604923894465,-26.86659171255506],[-49.09604950144951,-26.8666023566038],[-49.09604958386558,-26.86661299732357],[-49.09604948524712,-26.86662363109133],[-49.09604920666069,-26.86663425431112],[-49.09604874917288,-26.86664486338698],[-49.09604736096632,-26.86665876516989],[-49.09604630025597,-26.86667270205287],[-49.09604556920546,-26.86668666503931],[-49.096045166975,-26.86670064418951],[-49.09604509472202,-26.86671463049327],[-49.09604535261293,-26.86672861402447],[-49.09604593980796,-26.86674258484342],[-49.09604685546734,-26.86675653301044],[-49.09604757609709,-26.86676079567505],[-49.09604851153298,-26.86676509192149],[-49.0960496690147,-26.86676941011378],[-49.09605105279368,-26.86677373677048],[-49.09605267012476,-26.86677805935321],[-49.09605452225598,-26.86678236343754],[-49.09605661145666,-26.86678663371013],[-49.09605893996589,-26.86679085666249],[-49.09606150404623,-26.86679501509522],[-49.09606430393954,-26.86679909457029],[-49.09606733287475,-26.86680307875002],[-49.09607058705393,-26.86680695404456],[-49.09607405670258,-26.86681070317315],[-49.09607773396789,-26.86681431429646],[-49.09608160802385,-26.86681777282734],[-49.09608566600188,-26.86682106595628],[-49.09608989501829,-26.86682418177614],[-49.09609428013169,-26.86682711105981],[-49.09609880539453,-26.86682984456662],[-49.096103454829,-26.86683237486065],[-49.09610821044498,-26.86683469447887],[-49.09611305618908,-26.86683680049725],[-49.09611797300456,-26.86683868904872],[-49.0961229438016,-26.86684035900043],[-49.09612795048427,-26.866841809206],[-49.09613297590233,-26.86684304214211],[-49.09613800493296,-26.86684405941018],[-49.09614301937443,-26.86684486618044],[-49.09614800607092,-26.86684546678857],[-49.09615294982406,-26.86684586734785],[-49.09615783642656,-26.86684607488754],[-49.09616265569576,-26.86684609649106],[-49.09624727696573,-26.8668428842805],[-49.09631500044851,-26.8668390346128],[-49.096444377407,-26.86683274267054],[-49.09657206867302,-26.86682620857672],[-49.09657593321632,-26.86682584905382],[-49.09657981999858,-26.8668253634692],[-49.09658372101578,-26.86682474900728],[-49.09658763024599,-26.86682400468439],[-49.09659153869412,-26.86682312676903],[-49.09659543832591,-26.86682211425042],[-49.09659932109201,-26.86682096702012],[-49.09660317793687,-26.86681968495619],[-49.09660700082623,-26.86681826704781],[-49.09661078166541,-26.8668167158937],[-49.09661451039269,-26.86681503135835],[-49.0966181789134,-26.86681321604046],[-49.09662178012386,-26.86681127345467],[-49.09662530393218,-26.86680920527024],[-49.09662874320448,-26.86680701680654],[-49.09663208984609,-26.8668047106623],[-49.0966353377142,-26.86680229307284],[-49.09663847767776,-26.86679976842811],[-49.09664150659732,-26.86679714390642],[-49.09664441534186,-26.86679442389772],[-49.09664720077193,-26.86679161558038],[-49.09664985773585,-26.86678872610565],[-49.09665238108187,-26.86678576262476],[-49.09665476869189,-26.86678273142728],[-49.09665701640525,-26.8667796405804],[-49.09665912307975,-26.86677649819194],[-49.09666108659734,-26.86677331055144],[-49.09666290583095,-26.86677008486438],[-49.09666458163565,-26.86676683016807],[-49.09666611289951,-26.86676355276561],[-49.09666750050783,-26.86676025988955],[-49.09666874735823,-26.86675695879957],[-49.09668665859367,-26.86669827601709],[-49.09669150409119,-26.86667966238878],[-49.09669619321406,-26.86666101145347],[-49.09670072593215,-26.86664232501587],[-49.09670510117891,-26.86662360667199],[-49.09670931994546,-26.86660485733777],[-49.09671338018933,-26.86658607879088],[-49.09671728287143,-26.86656727375201],[-49.09672102593416,-26.8665484449012],[-49.09673044112922,-26.8664918057499],[-49.0967314424739,-26.86648465455693],[-49.09673228426109,-26.86647747594274],[-49.0967329654091,-26.86647027440566],[-49.09673348582729,-26.86646305535997],[-49.09673384344293,-26.86645582238805],[-49.09673403918667,-26.86644858001536],[-49.09673407097065,-26.86644133272667],[-49.09673394073169,-26.86643408506097],[-49.09673364639705,-26.86642684060066],[-49.09673318988843,-26.86641960478712],[-49.0967325711303,-26.86641238213219],[-49.09673179006227,-26.86640517624543],[-49.09673084761499,-26.86639799165222],[-49.09672974574036,-26.8663908319892],[-49.09672848533883,-26.86638370358654],[-49.09672706636508,-26.86637660915138],[-49.09672449143171,-26.86636828969031],[-49.09672166821147,-26.86636001291678],[-49.09671859553202,-26.86635178874335],[-49.09671527726697,-26.86634362624799],[-49.09671171529273,-26.86633553357916],[-49.09670791249181,-26.86632751889891],[-49.09670387171658,-26.866319592174],[-49.09669959685574,-26.86631176158002],[-49.09669509280414,-26.86630403530608],[-49.09669036445668,-26.86629642154132],[-49.09668541672332,-26.86628892757247],[-49.09668025552019,-26.86628156069985],[-49.09667488673321,-26.8662743300285],[-49.09666931732999,-26.86626724016514],[-49.09666355522388,-26.86626029933957],[-49.09665760636122,-26.8662535130473],[-49.09659465598551,-26.86618864337451],[-49.09658885691331,-26.86618258838171],[-49.09658272348958,-26.86617672745282],[-49.09657626841665,-26.86617108332337],[-49.09657292369833,-26.86616834768174],[-49.09656950445736,-26.86616567511942],[-49.09656601270607,-26.86616306566355],[-49.09656244939018,-26.86616052293714],[-49.09655881850414,-26.86615804879919],[-49.0965551220149,-26.8661556459839],[-49.0965513619046,-26.86615331632312],[-49.09654754117659,-26.8661510607599],[-49.09654366278892,-26.86614888294438],[-49.0965397297601,-26.86614678291722],[-49.09653574504813,-26.86614476432857],[-49.09653171168662,-26.86614282631674],[-49.09652763264872,-26.86614097162946],[-49.09652351092269,-26.86613920211218],[-49.09651934954213,-26.86613751690314],[-49.09651515349252,-26.86613591877727],[-49.09651092376487,-26.86613440865046],[-49.0965066664113,-26.86613298570168],[-49.09650238240771,-26.8661316517492],[-49.09649807577878,-26.86613040684725],[-49.0964894097221,-26.86612818530057],[-49.09648069539249,-26.86612632232993],[-49.09647195898032,-26.86612481648294],[-49.09637527681674,-26.86611161452917],[-49.09627228767176,-26.86609937183113],[-49.09626378213685,-26.86609862273584],[-49.0962552828333,-26.8660977419473],[-49.09624679378582,-26.86609672951979],[-49.09623831700673,-26.86609558548039],[-49.09622985853304,-26.86609430991045],[-49.09622142037709,-26.86609290283706],[-49.09621300755465,-26.86609136523041],[-49.09620462306907,-26.86608969803351],[-49.09619627094506,-26.86608790130061],[-49.09618795519218,-26.86608597598831],[-49.09617967881382,-26.86608392303965],[-49.09617144580442,-26.86608174431362],[-49.09616326018865,-26.86607943986445],[-49.09615512495481,-26.86607701153755],[-49.09614704411244,-26.86607446028956],[-49.09613902064983,-26.86607178796588],[-49.09607654549693,-26.86605223217734],[-49.09603295795183,-26.86603966498476],[-49.09603071509926,-26.86603892082604],[-49.09602839033293,-26.86603826040616],[-49.09602598854762,-26.86603769191426],[-49.09602351364705,-26.8660372226236],[-49.09602097456575,-26.86603685987516],[-49.09601837723486,-26.8660366100669],[-49.09601573161022,-26.86603647965104],[-49.09601304664142,-26.8660364750662],[-49.09601033234475,-26.86603659915509],[-49.09600760070347,-26.86603685749459],[-49.0960048627551,-26.86603725203862],[-49.09600213054333,-26.86603778475459],[-49.09599941815444,-26.86603845583227],[-49.09599673767747,-26.86603926453198],[-49.09599410123167,-26.86604020830927],[-49.09599152195764,-26.86604128373087],[-49.09598901099871,-26.86604248643402],[-49.09598658152568,-26.86604381118069],[-49.09598424170874,-26.86604525086033],[-49.09598200276685,-26.86604679659834],[-49.09597987288534,-26.86604844038174],[-49.09597785925849,-26.8660501732817],[-49.09597596810466,-26.86605198455104],[-49.09597420460583,-26.86605386523378],[-49.09597257097082,-26.86605580362618],[-49.09597107139056,-26.86605778985629],[-49.09596970502515,-26.86605981398446],[-49.09596847204089,-26.86606186608454],[-49.09596737261917,-26.86606393532802],[-49.09596640287139,-26.86606601353931],[-49.09596556093638,-26.8660680916675],[-49.09596484190428,-26.86607016242585],[-49.09596371492739,-26.86607441734611],[-49.09596274513184,-26.86607872131831],[-49.09596193365986,-26.86608306623462],[-49.09596128564809,-26.86608744584617],[-49.09596080222363,-26.86609185294753],[-49.09596048655613,-26.86609627855562],[-49.09596033773017,-26.86610071724261],[-49.09596035893051,-26.86610515912305],[-49.09596054826578,-26.86610959695081],[-49.09596090584181,-26.86611402440927],[-49.0959614318249,-26.86611843157228],[-49.09596212328726,-26.86612281298492],[-49.09596297736159,-26.86612715958276],[-49.09596399316268,-26.86613146413322],[-49.09596516575042,-26.86613572115427],[-49.09596649324855,-26.86613992249741],[-49.09599132064226,-26.86622687216918]]
     ]
    },
    "properties": {
    "OBJECTID": 57646,
    "SHAPE.LEN": 282.833913138912
    }
  },
  {
   "type": "Feature",
    "geometry": {
    "type": "LineString",
     "coordinates": [
      [[-49.11917016147167,-26.88306795112338],[-49.11928556659085,-26.8831423958055],[-49.11932883676094,-26.88307427074557],[-49.11936169376682,-26.88301498324144],[-49.11940531246546,-26.88293729178146],[-49.11944511630514,-26.88286038982452],[-49.11949225591866,-26.88278427057423],[-49.11954398006563,-26.88269995638925],[-49.11962645907267,-26.88255502418784],[-49.11967926958629,-26.88245018788299],[-49.11976103868191,-26.88229029300507],[-49.11981030690899,-26.88219463932539],[-49.11988558032478,-26.88205828397063],[-49.11996007091231,-26.88191502961628],[-49.12000129963123,-26.88182320412686],[-49.12002356515412,-26.88177522567082],[-49.12005987296794,-26.88169567571912],[-49.12011301477101,-26.88159181389775],[-49.12018191309905,-26.88145910208713],[-49.120245456002,-26.8813419914657],[-49.1202620723223,-26.88131112482199],[-49.12027578839378,-26.88128405466942],[-49.12028805714164,-26.88126707692208],[-49.12029831565747,-26.88125479384948],[-49.12031670928445,-26.88121986394015],[-49.12037678401818,-26.88110387143259],[-49.12044461022955,-26.88097630166837],[-49.1205252560363,-26.88081864324052],[-49.12062045732406,-26.8806426528289],[-49.12070868863696,-26.88047040289642],[-49.12079015088474,-26.88031329759429],[-49.12086631857979,-26.8801692138127],[-49.12091913932959,-26.88006878709552],[-49.12083261015467,-26.88001198716294],[-49.12077646806095,-26.87997404116672],[-49.12076353746195,-26.87996636415471],[-49.12073503734447,-26.87995020872681],[-49.12062203071976,-26.87990004697036],[-49.12043315181088,-26.87982293084207],[-49.12039907323831,-26.87980959842823],[-49.12038730330855,-26.87980088080092],[-49.12037787571916,-26.87978844228948],[-49.12036981118332,-26.87977355695185],[-49.12036697643655,-26.87976317830977],[-49.12036509264252,-26.87974776325593],[-49.12036455721405,-26.87973054562722],[-49.12036586682503,-26.87971551243512],[-49.12036918905626,-26.87970062606553],[-49.12037297854478,-26.87969101791609],[-49.12041134692361,-26.87962441213888],[-49.12052737538617,-26.87941579597223],[-49.12059767180484,-26.87927913017224],[-49.12066735689675,-26.8791432062447],[-49.12073577096544,-26.87900586003981],[-49.12080364209529,-26.87886646040843],[-49.12085853168734,-26.87875391960905],[-49.12091372766587,-26.87863909570484],[-49.12098250647202,-26.87850217480479],[-49.12100897482127,-26.87844915783613],[-49.12102221135608,-26.87841751592251],[-49.12103298896319,-26.87838849219832],[-49.12104195158083,-26.87835997054105],[-49.12105165843986,-26.87832028566809],[-49.12106584131294,-26.87825381831656],[-49.12107267402937,-26.87822901586611],[-49.12109468884762,-26.87817183829262],[-49.12112747308198,-26.87809616914869],[-49.1211369590001,-26.87807641313815],[-49.12116231449912,-26.87807552192855],[-49.12117058002022,-26.87815475616615],[-49.12119715333211,-26.87831180484095],[-49.1212248611747,-26.8784462046606],[-49.12124916438412,-26.87856646441269],[-49.1212937204831,-26.87872793750939],[-49.12131490347463,-26.87880140179555],[-49.12134760465842,-26.87888754714556],[-49.12137582380736,-26.87895921136588],[-49.12139573150636,-26.87900998030366],[-49.12141822628267,-26.87906864245864],[-49.12142786778344,-26.87909450430143],[-49.12144779840562,-26.87916482806604],[-49.1214778556321,-26.87927112276506],[-49.12153329826651,-26.87946707764116],[-49.12157836386863,-26.87963253603337],[-49.12163898169638,-26.8798458785084],[-49.12169190090493,-26.8800398592167],[-49.12174368884777,-26.88022714933955],[-49.12176266250239,-26.88030228917676],[-49.12182021573645,-26.88050591240631],[-49.12185135650845,-26.88061233516698],[-49.12187064447416,-26.88066384495354],[-49.12190240039372,-26.88073927566116],[-49.12194061150607,-26.88081645474558],[-49.12196703804498,-26.88086691765368],[-49.12197472365271,-26.88088032665611],[-49.12197495651171,-26.8808898637687],[-49.12197456995061,-26.88090222586419],[-49.12196827472261,-26.8809191134989],[-49.12195901971577,-26.88093774078157],[-49.12194687842291,-26.88096206382073],[-49.12182521161714,-26.88115038013916],[-49.12167351442102,-26.88133669042813],[-49.12160397349348,-26.88143185955711],[-49.12154665238496,-26.88152522711465],[-49.12149192091862,-26.88161859929609],[-49.12140767009129,-26.88175625146833],[-49.12129943435919,-26.88193996576889],[-49.12123085958888,-26.88206698714389],[-49.12115876757498,-26.88220661865525],[-49.12112365999185,-26.88227406765967],[-49.12106778313405,-26.88238893211875],[-49.12098236499711,-26.88254986328642],[-49.12084802534057,-26.8827676888385],[-49.1207171000763,-26.8829285893698],[-49.12077789281179,-26.88295479238596],[-49.12084735409269,-26.882862653568],[-49.12090072849357,-26.88279419125002],[-49.12093325751392,-26.88274189853076],[-49.12102028709334,-26.88259363947981],[-49.12107425757355,-26.88248949316771],[-49.12113013363639,-26.8823862413657],[-49.12116885055963,-26.88231137778983],[-49.12122089224873,-26.88221246331518],[-49.12126697315058,-26.88212644781951],[-49.12132139933126,-26.88202338423491],[-49.1213852160946,-26.88191522766064],[-49.12146184707638,-26.88178935311125],[-49.12152284757056,-26.88168318712007],[-49.12156873101194,-26.88160555389998],[-49.12160673542886,-26.88154562120496],[-49.12163241562785,-26.88150298514732],[-49.12167642150425,-26.88144380917094],[-49.12171796523299,-26.88138695348254],[-49.12178340533043,-26.88129678154169],[-49.12184890706891,-26.88120908437325],[-49.12189585476714,-26.88114254441937],[-49.12196342656695,-26.88104359599523],[-49.12198714210743,-26.88100769681904],[-49.12199460679343,-26.88100256737583],[-49.12201411300223,-26.88099217798513],[-49.12202138326118,-26.88099016348803],[-49.12202605324827,-26.88099121751335],[-49.1220329478268,-26.88099500164992],[-49.12203849518515,-26.88099972822785],[-49.12211846680071,-26.88115743697163],[-49.12217735028652,-26.8812698127648],[-49.1221947164081,-26.88130443304667],[-49.12221136308764,-26.88134409373247],[-49.1222298708605,-26.88140195994767],[-49.12225710046485,-26.88149342533367],[-49.12228875656656,-26.88163228026666],[-49.12229846310639,-26.88168041333162],[-49.12230872150773,-26.88172554631457],[-49.12231488253826,-26.88175544243277],[-49.12233744833535,-26.88183531708007],[-49.12236971619713,-26.88193784291464],[-49.12240562634846,-26.88202882524198],[-49.12243633796098,-26.88210530340547],[-49.12248819744558,-26.88223485761388],[-49.12254984078015,-26.88238863998765],[-49.1225756562328,-26.88245187348843],[-49.12266977803863,-26.88268506556255],[-49.12276989179508,-26.88293161876632],[-49.12286521472993,-26.88316039047845],[-49.12292501046596,-26.88330525046304],[-49.12292646974643,-26.88331208528234],[-49.12292400963332,-26.88332603906543],[-49.12291810750829,-26.88333893350496]]
     ]
    },
    "properties": {
    "OBJECTID": 61366,
    "SHAPE.LEN": 1779.17065465861
    }
  },
  {
   "type": "Feature",
    "geometry": {
    "type": "LineString",
     "coordinates": [
      [[-49.11901306463432,-26.88227261977692],[-49.11894980964065,-26.88238791578783],[-49.1188891965059,-26.8825105768373],[-49.11883364271844,-26.88261387528471],[-49.11879707898602,-26.88268583342744],[-49.11879532777606,-26.8826949388494],[-49.11879575941916,-26.88270613123514],[-49.11879802908103,-26.88271908196433],[-49.11880488876191,-26.8827366410438],[-49.11881574966013,-26.88275406657381],[-49.11883332576809,-26.88277571356537],[-49.11886508680846,-26.88280388289581],[-49.11905552467793,-26.88293010006134],[-49.11918732893737,-26.88300201120181],[-49.11921268911093,-26.8830130616481],[-49.11922645587016,-26.88301742572125],[-49.1192446214071,-26.88301983469337],[-49.1192607392951,-26.88301940665294],[-49.11927410517966,-26.88301612770974],[-49.11928799467764,-26.88301070848694],[-49.11929973731277,-26.883001696371],[-49.11931165932363,-26.88298537660603],[-49.11933243077783,-26.88295331894868],[-49.11937016792479,-26.88288622316388],[-49.11947563094265,-26.88270370744277],[-49.11957434876317,-26.8825325610551],[-49.11966439705286,-26.88235532677462],[-49.11974121054732,-26.8822048169095],[-49.11983063531617,-26.88203864530727],[-49.11992118808966,-26.88186475349125],[-49.12001153227515,-26.88166580215336],[-49.12010072187859,-26.88148994697826],[-49.12020122220806,-26.88129872770358],[-49.12029425143276,-26.88111488504252],[-49.12036514835168,-26.88098027810421],[-49.12044865744983,-26.88082033185973],[-49.12050870782728,-26.88070615405244],[-49.12067133982626,-26.88040692720919],[-49.120763576988,-26.88023618819462],[-49.12079616941759,-26.88015823489055],[-49.12080085220565,-26.88013983298528],[-49.12080217290685,-26.88011469548717],[-49.12080045143917,-26.88009852984007],[-49.12079736686363,-26.88008524065297],[-49.12079243413812,-26.88007062354691],[-49.12078180704935,-26.88005804274196],[-49.12076813074415,-26.88004518579872],[-49.12073904340966,-26.88002309166812],[-49.12071182495759,-26.88000630522843],[-49.12068722784116,-26.87999290495705],[-49.12053654271743,-26.87993351929323],[-49.12039396481698,-26.87987440471102],[-49.1203770008154,-26.87987094413245],[-49.1203569591345,-26.87986929290252],[-49.1203329888906,-26.87986892612704],[-49.12031538360043,-26.87987137436021],[-49.12029804361179,-26.87987737599076],[-49.12027943564565,-26.87988743862942],[-49.12026773246515,-26.87989731514542],[-49.12025167769649,-26.87991390675989],[-49.12024660959442,-26.87992402048858],[-49.12014716298644,-26.8801059058216],[-49.12004581762056,-26.88029807693709],[-49.11998104926655,-26.88042248303532],[-49.11991942522945,-26.88054329623184],[-49.11984631784838,-26.88068172936885],[-49.11979146407754,-26.88079009749642],[-49.11973954767717,-26.88088895353552],[-49.1196361890551,-26.88108645974648],[-49.11959436627102,-26.88116680717453]]
     ]
    },
    "properties": {
    "OBJECTID": 61368,
    "SHAPE.LEN": 690.2977312893131
    }
  },
  {
   "type": "Feature",
    "geometry": {
    "type": "LineString",
     "coordinates": [
      [[-49.11987844332518,-26.86735885597914],[-49.11984785254243,-26.86743192406852],[-49.11981636428348,-26.86749323303882]]
     ]
    },
    "properties": {
    "OBJECTID": 61414,
    "SHAPE.LEN": 16.1275436578382
    }
  },
  {
   "type": "Feature",
    "geometry": {
    "type": "LineString",
     "coordinates": [
      [[-49.11820180478254,-26.88262737790393],[-49.11824785217944,-26.88265599221332],[-49.11826584938795,-26.88266643026525],[-49.11828072397855,-26.88267099421543],[-49.11829253814287,-26.88267273472713],[-49.11835664980058,-26.88267955032216],[-49.11857209237721,-26.88270769597619],[-49.11866667299271,-26.8827206612983]]
     ]
    },
    "properties": {
    "OBJECTID": 61376,
    "SHAPE.LEN": 48.001955066003
    }
  },
  {
   "type": "Feature",
    "geometry": {
    "type": "LineString",
     "coordinates": [
      [[-49.11935174439326,-26.8816308881324],[-49.11929063041358,-26.88174999105802],[-49.11921855749497,-26.88188457269189],[-49.11916930414039,-26.88197541737916],[-49.11911914669346,-26.8820744156943],[-49.11909347244797,-26.88212422597777]]
     ]
    },
    "properties": {
    "OBJECTID": 61364,
    "SHAPE.LEN": 60.3914143292447
    }
  },
  {
   "type": "Feature",
    "geometry": {
    "type": "LineString",
     "coordinates": [
      [[-49.11742819385316,-26.88018826977222],[-49.11745960008064,-26.88020650712842],[-49.11749723437597,-26.88022658480526],[-49.11752917411593,-26.8802477355793],[-49.11756720705733,-26.88027631458137],[-49.11760677390357,-26.88032147915236],[-49.11766052395036,-26.88039390212337],[-49.11772264474017,-26.88049454581037]]
     ]
    },
    "properties": {
    "OBJECTID": 61358,
    "SHAPE.LEN": 45.6943457266864
    }
  },
  {
   "type": "Feature",
    "geometry": {
    "type": "LineString",
     "coordinates": [
      [[-49.11497113595973,-26.87963891888602],[-49.1149402728843,-26.87968667165185],[-49.1148947971097,-26.87976008483856],[-49.11483584833701,-26.87986325963571],[-49.1147748787726,-26.87996810790331],[-49.11472498546508,-26.8800544204694],[-49.11466815461826,-26.88014664712241],[-49.11460462186945,-26.88025812125916],[-49.1145414312091,-26.88036444075736],[-49.11447282231362,-26.88048658691608],[-49.11441016271853,-26.88059054866151],[-49.11437637952339,-26.8806498027377],[-49.11434637778564,-26.88070244891997],[-49.11432193283364,-26.88074486086068],[-49.1143098298349,-26.88076617538012],[-49.11430146659635,-26.88078303231617],[-49.11429504179392,-26.88080056408506],[-49.1142947043985,-26.88081840275907],[-49.1142990385752,-26.88083416286418],[-49.11431245334786,-26.88085952040993],[-49.11432270825492,-26.8808715010027],[-49.11433284634889,-26.8808768153572],[-49.11434718683686,-26.88087896809538],[-49.11437471992474,-26.88087960187841],[-49.11441333236095,-26.88087438406895],[-49.11447593507279,-26.88086372617169],[-49.11454836695759,-26.88084891757888],[-49.11459094280906,-26.88084032009343],[-49.11462321973242,-26.88083500593375],[-49.11464301932887,-26.88083208226076],[-49.11466597395739,-26.88082985145549],[-49.11468598552804,-26.88082865002767],[-49.11470891573502,-26.88082770868176],[-49.11473203805389,-26.88082956519819],[-49.11475029055895,-26.88083113287977],[-49.11477386736102,-26.88083471577962],[-49.11479644008137,-26.88083978898062],[-49.11481824613909,-26.88084678437903],[-49.11485962843272,-26.88086267784167],[-49.11490704674507,-26.8808816727885],[-49.11495541472915,-26.88090197199012],[-49.11498517340581,-26.88091381836782],[-49.11499725968341,-26.88091916228264],[-49.11500498048306,-26.8809233639412],[-49.11501350965206,-26.88092349399885],[-49.11502037389457,-26.88092144827446],[-49.11502579129775,-26.8809185203734],[-49.11503125395562,-26.88091322920861],[-49.11504182605984,-26.88089554514761],[-49.11508090038279,-26.88082712716738],[-49.1151187245103,-26.88076041011],[-49.11518352705664,-26.8806461609899],[-49.11525521418599,-26.88051589075608],[-49.1154137571522,-26.88023945853717],[-49.11545247357219,-26.88017705408744],[-49.11550151021456,-26.88009739359718],[-49.11553196218249,-26.88004668828473],[-49.1155679697799,-26.87998574865929],[-49.11560197481346,-26.87992757310053],[-49.11564455018603,-26.87985447840751],[-49.1156901173699,-26.87977777355445],[-49.11573009728499,-26.87971302470552],[-49.11577222869668,-26.87963755837052],[-49.11579998802748,-26.87958745700594],[-49.1158284743093,-26.87953758195059],[-49.11585420565189,-26.87949153501107],[-49.11589202884261,-26.87942481768772],[-49.11593035527721,-26.87935724870578],[-49.11596443671269,-26.87929498896239],[-49.11599241953856,-26.87924596641252],[-49.11605616030224,-26.87913621466171],[-49.11610254434503,-26.87905500852002],[-49.11616780392593,-26.87894226955014],[-49.11627629621611,-26.8787603164709],[-49.1163216433784,-26.8786823186425],[-49.11639345035473,-26.87855850006964],[-49.11644415358659,-26.87846789861024],[-49.11648144378451,-26.87840353875917],[-49.11651998048994,-26.87833769180864],[-49.11656378032571,-26.87826418527706],[-49.11661621070807,-26.87817253540001],[-49.11665448289526,-26.87810775985681],[-49.11669148411083,-26.8780457599552],[-49.11673907309833,-26.8779652158718],[-49.116769824317,-26.87791150590881],[-49.11682425224508,-26.87781730658815],[-49.11687472038707,-26.87772627217525],[-49.11691636321437,-26.8776507980064],[-49.11696826431857,-26.87756128996931],[-49.11702352000518,-26.87746194331464],[-49.11709410224758,-26.87733832099295],[-49.11713562769305,-26.87726760360826],[-49.11717994192465,-26.87719112607154],[-49.11722330031402,-26.8771137747134],[-49.11727491088341,-26.87702494411839],[-49.11734618154079,-26.87690116744876],[-49.11739327617115,-26.87681935920762],[-49.11744891263772,-26.87672371260638],[-49.11753978403082,-26.87656799907569],[-49.11760045293943,-26.87646383225981],[-49.11765582471718,-26.87636925610896],[-49.11770711948033,-26.87628407477893],[-49.11775815542447,-26.87619974833685],[-49.11778780804582,-26.87615141641395],[-49.11781170304372,-26.87611137745306],[-49.11783715757183,-26.87606620459844],[-49.11786664278038,-26.8760140001391],[-49.11789212264893,-26.87596753781536],[-49.11792089096469,-26.87591467844333],[-49.11794636266541,-26.87586864562934],[-49.1179636320298,-26.87583151315362],[-49.11797053117784,-26.87581463915926],[-49.1179703269244,-26.87580023478515],[-49.11796798033431,-26.8757834325861],[-49.11796243055061,-26.87576873045485],[-49.1179542006621,-26.87575420111864],[-49.11794833578969,-26.87574314845542],[-49.11794335154411,-26.87573683797328],[-49.11789945324992,-26.87571767166202],[-49.11779354127561,-26.87567282379249],[-49.11771580867453,-26.87564238557696],[-49.11764811259162,-26.8756211303604],[-49.11758621911729,-26.87560168448582],[-49.11753422015687,-26.8755862614656],[-49.11751750742213,-26.87558256292714],[-49.11750125174826,-26.87558037598906],[-49.11747229198059,-26.8755810010134],[-49.11740488321426,-26.87558231955923],[-49.11732232918288,-26.87558684170875],[-49.11726437054424,-26.87559002629949],[-49.11720097751594,-26.87559742572526],[-49.11714681750902,-26.87560539765664],[-49.11708368881187,-26.87561172557281],[-49.11702934063448,-26.87561690054702],[-49.1169694369564,-26.87562005457994],[-49.11691980178929,-26.87562057361176],[-49.11686583120953,-26.8756188758567],[-49.11679951227692,-26.87561419290866],[-49.11672936222902,-26.87560644061733],[-49.11666874663428,-26.87559625655924],[-49.11661303321817,-26.87558421441577],[-49.11655159700202,-26.8755662806048],[-49.11648900779706,-26.87554510375281],[-49.11645541968262,-26.87553362006394],[-49.11644328589921,-26.87553214233079],[-49.11642840952317,-26.87553406056349],[-49.1164207992839,-26.87553759652209],[-49.11641142758393,-26.87554411460446],[-49.11640391658513,-26.87555496011577],[-49.11637885974318,-26.87560465272914],[-49.11633549228964,-26.87568243425471],[-49.11626629665011,-26.87581204622012],[-49.11619989327448,-26.87593568235395],[-49.11608763652122,-26.87613985571999],[-49.11603749621076,-26.87622806464072],[-49.11597768717174,-26.87632558022539],[-49.11592170600511,-26.87641391248275],[-49.11588349775829,-26.87647672738307],[-49.11583348060119,-26.87655870460811],[-49.11577414807611,-26.87665665697678],[-49.1157196647212,-26.87674307848544],[-49.11567133616195,-26.87682572621823],[-49.11560024522411,-26.87694026190506],[-49.11552639876469,-26.87705883867055],[-49.1154440550492,-26.8771906593896],[-49.11537737781101,-26.87729847901832],[-49.11527226995051,-26.87747045519418],[-49.11517877883333,-26.87762368072801],[-49.11511156396408,-26.87773869746094],[-49.1150241581057,-26.877896629804],[-49.11497353166546,-26.87798758827095],[-49.11492867135181,-26.87806605336444],[-49.11486653884153,-26.87817415176825],[-49.11480452048566,-26.87828913206113],[-49.11475165494089,-26.87838156245097],[-49.11467017957571,-26.87852474510988],[-49.11457497439418,-26.87869223699396],[-49.11453155447646,-26.87876599251857],[-49.11448016099579,-26.87885199437048],[-49.1144210591674,-26.87895572837423],[-49.11435883368569,-26.87906221144362],[-49.1142987029837,-26.87915539398435],[-49.11426356690745,-26.87921346837456],[-49.11426095131899,-26.87922181575719],[-49.11426049306832,-26.87923298994704],[-49.1142615469094,-26.8792421444814],[-49.11426238419633,-26.87924506288066]]
     ]
    },
    "properties": {
    "OBJECTID": 60269,
    "SHAPE.LEN": 1493.11498547793
    }
  },
  {
   "type": "Feature",
    "geometry": {
    "type": "LineString",
     "coordinates": [
      [[-49.1187644143711,-26.87944633194473],[-49.11888033391811,-26.87949640937412]]
     ]
    },
    "properties": {
    "OBJECTID": 61360,
    "SHAPE.LEN": 12.7850709943277
    }
  },
  {
   "type": "Feature",
    "geometry": {
    "type": "LineString",
     "coordinates": [
      [[-49.1185220066066,-26.87065050286715],[-49.11866583496771,-26.87071401131078],[-49.11876711516657,-26.87075898355714],[-49.11884980801995,-26.87079553536072],[-49.11891251493333,-26.87082759514375],[-49.11901731123688,-26.87088026525063],[-49.11904427040489,-26.87083510579592],[-49.11886044728504,-26.87074286938625],[-49.11878340700267,-26.87070526100273]]
     ]
    },
    "properties": {
    "OBJECTID": 61404,
    "SHAPE.LEN": 90.75644958187
    }
  },
  {
   "type": "Feature",
    "geometry": {
    "type": "LineString",
     "coordinates": [
      [[-49.11819122746736,-26.8704366998582],[-49.11812746818668,-26.8704112687875],[-49.11801919655666,-26.87036321542438],[-49.11787212134728,-26.87029404991998],[-49.11771477536795,-26.87021931207971]]
     ]
    },
    "properties": {
    "OBJECTID": 61406,
    "SHAPE.LEN": 53.1348146172164
    }
  },
  {
   "type": "Feature",
    "geometry": {
    "type": "LineString",
     "coordinates": [
      [[-49.117002360655,-26.85967947586799],[-49.11706385138883,-26.85967593014894],[-49.11712859643871,-26.85967233478894],[-49.11722027067452,-26.85966809895792],[-49.11734200963636,-26.8596628708407],[-49.11743273734217,-26.85965818270336],[-49.11753761749331,-26.859654266973],[-49.1177356452387,-26.8596450758844],[-49.11783026063803,-26.85963897616962],[-49.11791954023834,-26.85963446790587],[-49.11799234144733,-26.85962914355995],[-49.11800107402944,-26.85962625151396],[-49.11800992217649,-26.85961959992494],[-49.11801723365695,-26.85961215706474],[-49.11802228649242,-26.85960400989719],[-49.11802469223271,-26.85959600980562],[-49.11802530082658,-26.85958398642042],[-49.11801868152389,-26.85944728898653],[-49.11801459386733,-26.85937687968246],[-49.11801128098033,-26.85930477480397],[-49.11800797823648,-26.85925589002175],[-49.11800297732498,-26.85924673528192],[-49.11799695301025,-26.85923970604708],[-49.11798852300308,-26.85923283161511],[-49.11797524314751,-26.85922755697627],[-49.11796091261925,-26.85922526493594],[-49.11792925423806,-26.85922447783822],[-49.11782997955613,-26.85922931875774],[-49.11765859748162,-26.85923752633011],[-49.11751181649957,-26.85924183092301],[-49.11740797839846,-26.85924677323142],[-49.11729816472678,-26.85925092192117],[-49.11722003473408,-26.85925499796069],[-49.11713690753042,-26.8592576607275],[-49.11700714454569,-26.85926604463895],[-49.11696584054595,-26.85927855841553],[-49.11693879584693,-26.85928648295504],[-49.11691603969492,-26.85928720421536],[-49.11690535073477,-26.859284570667],[-49.11689960278912,-26.85927689972027],[-49.11689530753645,-26.85922174046127],[-49.11693286098814,-26.85921450831865],[-49.11701794677536,-26.85921018753611],[-49.11713158665741,-26.85920335519469],[-49.11723028948288,-26.85919980506939],[-49.11731489087048,-26.85919568705467],[-49.11743275613817,-26.85919154089073],[-49.11760866088169,-26.85918325662998],[-49.11775795666102,-26.85917645727563],[-49.11787584165181,-26.85917166565302],[-49.11793981225368,-26.85916918151198],[-49.11795300409292,-26.8591682217138],[-49.11796388935384,-26.85916440790814],[-49.11797581671642,-26.85915782530081],[-49.11798981415875,-26.8591461327289],[-49.11799709747725,-26.85913491758068],[-49.11799996858486,-26.859119290504],[-49.11799377856896,-26.85900085902405],[-49.11798851255932,-26.85892266455449],[-49.11798736172054,-26.8588817836852],[-49.11798217401907,-26.85879995283017],[-49.11797932962902,-26.85878289847674],[-49.11797514962606,-26.85877011272675],[-49.11796772026251,-26.85876133452274],[-49.1179553424351,-26.85875695372249],[-49.11789632315217,-26.85875919873591],[-49.11775270516212,-26.85876608831002],[-49.11762565830423,-26.85877401887936],[-49.11749796253439,-26.85877956778922],[-49.11735190744896,-26.85878747420374],[-49.11721408020242,-26.85879385638371],[-49.11704678078009,-26.85880405005978],[-49.116922911934,-26.85881033539462],[-49.11682352952258,-26.8588133780355],[-49.11682239074223,-26.85876432079727],[-49.11685985854609,-26.85876267634577],[-49.11687402185775,-26.85875743869115],[-49.11687837493625,-26.85874937611156],[-49.11690450607789,-26.85874744792917],[-49.11701213975437,-26.8587406737421],[-49.11715477641767,-26.8587339135559],[-49.11725488605806,-26.8587284569191],[-49.11740091929764,-26.85872113609036],[-49.11756241763607,-26.8587133405259],[-49.11771062819692,-26.85870585882967],[-49.11786372989393,-26.85869634810476],[-49.11794475055216,-26.85869148973134],[-49.11795522876946,-26.85868831043886],[-49.11796392330277,-26.85868035617536],[-49.11796910576809,-26.85866887386778],[-49.11796829171364,-26.85860928774764],[-49.1179632742512,-26.85849820359133],[-49.11796007819324,-26.85842974220171],[-49.1179564615279,-26.85835118608892],[-49.11795515048791,-26.8583232064738],[-49.11795234879987,-26.85831238866452],[-49.11794940146683,-26.85830629666883],[-49.11794310100695,-26.85829947766919],[-49.11793433979245,-26.85829431735236],[-49.11792316938792,-26.8582890987806],[-49.11791383327892,-26.8582869346185],[-49.11780472858091,-26.8582913513199],[-49.11768349252903,-26.85829826450219],[-49.11749636556689,-26.85830764411628],[-49.11728756458227,-26.85831627717453],[-49.11709998205568,-26.85832478551411],[-49.11698699079615,-26.85833017965873],[-49.11687505902081,-26.85833898697081],[-49.11681532263091,-26.85834091691161],[-49.11681246150625,-26.85831783574408],[-49.1168081247491,-26.85828074030357],[-49.11685866147615,-26.85827642772012],[-49.11691319745573,-26.85827350603288],[-49.11697299301598,-26.85826964169068],[-49.11701136097376,-26.85826674195207],[-49.11702616281387,-26.85826475036567],[-49.11703506523762,-26.85826131998871],[-49.11704213784275,-26.85825547789198],[-49.11704721759851,-26.85824485441779],[-49.11703941606455,-26.85813434512498],[-49.11703158265577,-26.85802491038749],[-49.11701730905094,-26.85778371231201],[-49.11700945107294,-26.85765169812132],[-49.11700749552775,-26.85761677173052],[-49.11700309467285,-26.85753979010827],[-49.11699964043517,-26.85748391546196],[-49.11699335022738,-26.85737153537291],[-49.11698994195568,-26.85729040062875],[-49.11698962987511,-26.85721353484902],[-49.11698955204695,-26.85714871450841],[-49.11698747905087,-26.85709547937356],[-49.11698703710894,-26.85702997994876],[-49.11698299107614,-26.85696602828543],[-49.11698036853746,-26.85689845725555],[-49.11697660549623,-26.85683698425556],[-49.11697191279426,-26.85678656098045],[-49.11696678687978,-26.856738598705],[-49.11696231007374,-26.85668893286836],[-49.11695730610668,-26.85662108821843],[-49.11695152921403,-26.85656698238385],[-49.11694842293707,-26.85652734810769],[-49.11694790558069,-26.85652121716066],[-49.116947008724,-26.85648829417152],[-49.11694465586536,-26.85647189260111],[-49.11694157931453,-26.85646364348698],[-49.11693604135797,-26.85645812711005],[-49.11692711215102,-26.85645467580438],[-49.11690483300026,-26.85645239240844],[-49.11684057000723,-26.85645463847432],[-49.11677391896516,-26.85645725344378],[-49.11675270938933,-26.85645886720422],[-49.11672934912683,-26.856460857569],[-49.11671355091944,-26.85646432873802],[-49.11669887489667,-26.85646997835826],[-49.11668918909514,-26.85647575403519],[-49.11667892225361,-26.8564849563143],[-49.11667148637427,-26.85649487505703],[-49.11666520000076,-26.85650611245098],[-49.11664500119858,-26.8565524791056],[-49.11662712704907,-26.85659197464576],[-49.116596223225,-26.8566660976274],[-49.11657925509338,-26.85670775790204],[-49.11655566718664,-26.85676006443761],[-49.11653859411552,-26.8567950567987],[-49.11651613915838,-26.85683813592949],[-49.11649299374071,-26.85688012816634],[-49.11646438470051,-26.85693429028602],[-49.1164206135952,-26.85702283027241],[-49.11638648094755,-26.85709217158592],[-49.11635375099929,-26.85716261017309],[-49.1163202188582,-26.85723755099532],[-49.11628403430971,-26.85731460010355],[-49.11625328239005,-26.85738098442524],[-49.11622150098666,-26.85745143741912],[-49.11618953846269,-26.85751909267796],[-49.11616004974181,-26.85758162712605],[-49.11613323620912,-26.85764097769319],[-49.11610515931271,-26.85770417900047],[-49.11607543407329,-26.85776670937081],[-49.11605208668686,-26.85781880418773],[-49.11603826721981,-26.8578572895242],[-49.11603024107445,-26.85789092034157],[-49.11602545973152,-26.85792847372568],[-49.11602382645627,-26.85796285134701],[-49.11602546669439,-26.85801168781486],[-49.11602819281136,-26.85807752724572],[-49.11603198620858,-26.85814940566887],[-49.11603667884205,-26.85823570407092],[-49.11603999286504,-26.85833165621748],[-49.11604523171726,-26.85842634963759],[-49.11605052367672,-26.85853028896129],[-49.11605600586615,-26.8586604645047],[-49.11606171635616,-26.85879107362312],[-49.1160670959338,-26.85890254078163],[-49.11607605918314,-26.85907255054757],[-49.11608374765125,-26.85923501484305],[-49.11608374185446,-26.85927113809233],[-49.11608742936264,-26.85931248148809],[-49.11609284470456,-26.85936245227281],[-49.1161031659566,-26.85944023937816],[-49.11611529580544,-26.85952256984038],[-49.11612750284505,-26.859601031941],[-49.11613687311358,-26.85966697706659],[-49.11615232507936,-26.85977322883285],[-49.11616953030108,-26.85988681852778],[-49.11617798539396,-26.85995102931689],[-49.11610732020539,-26.85995958446625],[-49.11610362941678,-26.85993738760059],[-49.11609949350806,-26.85992571708572],[-49.11609264470105,-26.8599165854905],[-49.11608287405064,-26.85990826969932],[-49.11606900019061,-26.85989924664533],[-49.11605285570859,-26.85989491926822],[-49.11603689224332,-26.85989381834168],[-49.11602062840274,-26.85989572263338],[-49.11600963747064,-26.85990050064272],[-49.11599863383415,-26.85990592383128],[-49.11599171816624,-26.8599129133428],[-49.11598300513673,-26.8599252492861],[-49.11595952713349,-26.85996229799976],[-49.11593752273469,-26.8599982940791],[-49.11590930821619,-26.86004236494951],[-49.11588632322241,-26.8600789914919],[-49.11587208023892,-26.86010177696718],[-49.11586033307744,-26.86012073083597],[-49.11584855237867,-26.86014140458652],[-49.11583997410187,-26.8601593311317],[-49.11583485493107,-26.8601736564368],[-49.11582887373257,-26.8601950618726],[-49.11582734946082,-26.86021137656412],[-49.11582618163576,-26.86023435890126],[-49.11582924008991,-26.8603021180341],[-49.11583270390915,-26.86038664901781],[-49.11583493284913,-26.86045976928632],[-49.11583825917635,-26.86052624219235],[-49.11584099659076,-26.86061076258772],[-49.11584501577609,-26.8607167987774],[-49.1158490485198,-26.86080950755448],[-49.11585309495582,-26.8609394039787],[-49.11585714580406,-26.86105640340185],[-49.11585994112779,-26.86113791534099],[-49.1158668796221,-26.86128118332143],[-49.1158688037647,-26.86137020580016],[-49.11587272882419,-26.86146850195016],[-49.11587353674843,-26.8615652465174],[-49.11587771155548,-26.86167579860507],[-49.11588185927118,-26.86177517270038],[-49.11588744167846,-26.86188811103439],[-49.11589172413809,-26.86203090945123],[-49.1158949147082,-26.86209179081871],[-49.11589787196255,-26.86211440663466],[-49.1159019164861,-26.86213080458616],[-49.1159094420322,-26.86214252570868],[-49.11591823582901,-26.86215125722266],[-49.11593238593859,-26.86215856455473],[-49.11594805035236,-26.8621626698389],[-49.11595797762855,-26.86216282022806],[-49.11604231907531,-26.86216000835024],[-49.1161661525713,-26.86215650342965],[-49.11627352463438,-26.86215253529789],[-49.11639177662418,-26.86214959030432],[-49.11647319158704,-26.86214780963287],[-49.1165023420108,-26.86214330519594],[-49.11651382522313,-26.86213810408648],[-49.11652678206369,-26.86213185124429],[-49.11653710012406,-26.86212426802336],[-49.11654603949971,-26.86211279523488],[-49.11655108453434,-26.86210233830801],[-49.11655273185347,-26.86209226031726],[-49.11655282641726,-26.86203680214596],[-49.11655205601123,-26.86193812382272],[-49.11654813393103,-26.86183961289806],[-49.11654336489809,-26.86170949022605],[-49.11653629333755,-26.86153526536849],[-49.11653166625806,-26.86138515409503],[-49.11652486829055,-26.8612724125669],[-49.11666833360879,-26.86126812810362],[-49.11667236144784,-26.86140145050505],[-49.11661268869057,-26.8614013250522],[-49.1166181755431,-26.86156770246687],[-49.11662862135288,-26.86181514047351],[-49.11663479650501,-26.86200478761194],[-49.11663721155595,-26.86207138014025],[-49.11663886461537,-26.86208203463863],[-49.11664077838083,-26.86209043794982],[-49.11664651602401,-26.86210359740098],[-49.11665246948186,-26.86211302392194],[-49.11666052369416,-26.86212041692885],[-49.11667174914351,-26.86212791988797],[-49.11668072592235,-26.86213326367977],[-49.11669074665074,-26.86213797874047],[-49.11669883356626,-26.86213950988115],[-49.11671120822414,-26.86214045551529],[-49.11675822573151,-26.86213885805703],[-49.11686347642301,-26.86213543344769],[-49.11696983392174,-26.8621319594225],[-49.11697339821696,-26.86219212459994],[-49.11686872111535,-26.86219645951859],[-49.11673334276695,-26.86220165429987],[-49.1167058534087,-26.86220436220659],[-49.11669021293752,-26.86220859000372],[-49.11667816208466,-26.86221421951271],[-49.1166698838575,-26.86221919437317],[-49.11666485354552,-26.86222408524909],[-49.11665517822906,-26.86223709436891],[-49.11664868810767,-26.8622493101381],[-49.11664452642026,-26.86225917410668],[-49.11664367860794,-26.86226940716645],[-49.1166522487721,-26.86247352037497],[-49.11666235837627,-26.86275194599012],[-49.11667088302692,-26.86302004023026],[-49.1166799699988,-26.86324046282567],[-49.11668815024709,-26.86346216042107],[-49.11669632153477,-26.86370073986811],[-49.11675702566239,-26.86370100904848],[-49.1167662542594,-26.86383580153078],[-49.11662184037185,-26.8638372509377],[-49.11661920513,-26.86374446784689],[-49.11661250942288,-26.86356942217067],[-49.11660462692236,-26.86337951132332],[-49.1166027026575,-26.8633392429609],[-49.11659666488586,-26.86332172091821],[-49.11658717898415,-26.86330500677031],[-49.11657758734255,-26.86329388544339],[-49.11656690340841,-26.86328855770288],[-49.11655037025548,-26.86328141904418],[-49.11652983848675,-26.86327830768739],[-49.11646631323434,-26.86328013363143],[-49.11635446879963,-26.86328337254035],[-49.11615382513429,-26.86328977097102],[-49.11606134953836,-26.86329287520045],[-49.11602283295279,-26.86329443770572],[-49.11599506992465,-26.86329767163264],[-49.11597780073039,-26.86330343188473],[-49.11596438524791,-26.8633126949983],[-49.11595190547911,-26.86332433897087],[-49.11594631640863,-26.86333458192559],[-49.11594189024628,-26.86334807073908],[-49.11594171014288,-26.86337023224554],[-49.11594426865801,-26.86345419243101],[-49.11594986886448,-26.86358403281082],[-49.11595386214621,-26.86368264665405],[-49.11595726771726,-26.86379911213416],[-49.11596376124194,-26.86395909184183],[-49.11596765679612,-26.86407556475302],[-49.11597417117181,-26.8642344688511],[-49.11597881349552,-26.86440152090693],[-49.11598521845678,-26.86457892836099],[-49.11599164975462,-26.86476774124042],[-49.11599490134568,-26.86487947058973],[-49.1159969070546,-26.86494104286738],[-49.11599622096818,-26.86498966415543],[-49.11598766982314,-26.86509045295943],[-49.11597794180265,-26.86515033982672],[-49.11596229213107,-26.86522498445623],[-49.1159409618357,-26.86530190819634],[-49.11592143648138,-26.86537412554167],[-49.11589463419682,-26.86545421750456],[-49.11587328191222,-26.86552420456249],[-49.11585632950854,-26.8655836900216],[-49.1158440953362,-26.86562901182453],[-49.11583482258317,-26.86565529244294],[-49.11582457909957,-26.8656806963432],[-49.11580970885897,-26.86570915789134],[-49.11579684282822,-26.86572896869871],[-49.11577840377981,-26.86575859122237],[-49.11575356379637,-26.86579005090544],[-49.11572604764201,-26.86582060932079],[-49.11570008281599,-26.86584688849601],[-49.11568211908836,-26.86586446962663],[-49.11567267800357,-26.86587163934165],[-49.11566378031052,-26.86587602009061],[-49.11563321301154,-26.8658869525915],[-49.11558414581964,-26.86590512986099],[-49.11552968104976,-26.86592386965416],[-49.11546313714518,-26.86594694141753],[-49.11540993748883,-26.86596354987956],[-49.11534663749746,-26.86598344442033],[-49.11528876304387,-26.86600127035733],[-49.11524712808192,-26.86601482881105],[-49.11519810603579,-26.86603064086647],[-49.11516436896153,-26.86604087841634],[-49.11514190328101,-26.86605064441192],[-49.11511763359953,-26.86606511589102],[-49.11507545347349,-26.86609437201126],[-49.11502304784673,-26.86613336781618],[-49.11496367897042,-26.86617806531662],[-49.1149136804915,-26.86621925036617],[-49.11487111078786,-26.86625603059257],[-49.11484590458105,-26.86628102992267],[-49.11483554066564,-26.86629808321543],[-49.11483133937657,-26.86631286387142],[-49.11483134576268,-26.86632534310441],[-49.11483406343037,-26.86633678803955],[-49.11484165256406,-26.86634959858576],[-49.11489576790387,-26.86642573691232],[-49.1149263371335,-26.86646579617753],[-49.11496482243582,-26.86651436861535],[-49.11501044405943,-26.86657380949567],[-49.11504862695985,-26.86662538890459],[-49.11509683328747,-26.86669046297439],[-49.11516124586182,-26.86677859311551],[-49.11519363741146,-26.86682578088552],[-49.11524235473779,-26.86688978764916],[-49.11529297212059,-26.86695683437461],[-49.11535790296222,-26.86704346673668],[-49.1154218767741,-26.86712900862143],[-49.11548916882075,-26.86722019437238],[-49.11556494324313,-26.86732872447159],[-49.11562047866445,-26.86740746558765],[-49.11567354076664,-26.86748745988826],[-49.11573967773115,-26.86758788072994],[-49.1157679744085,-26.8676315622926],[-49.11580519718511,-26.86769496071079],[-49.11582800125458,-26.86773145845619],[-49.1158577226312,-26.86779022315429],[-49.11592048757834,-26.86792609133805],[-49.1159501068307,-26.86799023316568],[-49.11597908670637,-26.86804941668337],[-49.11599479245479,-26.86808580532507],[-49.11601225078036,-26.86813297705536],[-49.11601990811098,-26.86816773482583],[-49.11602042731105,-26.86820453475156],[-49.11600906306701,-26.86828654832342],[-49.11599875824036,-26.86835158123181],[-49.11598809032843,-26.86843554193454],[-49.11597564764884,-26.86854830665562],[-49.1159685769334,-26.86863619552947],[-49.11596012250932,-26.86873245458354],[-49.11595829356369,-26.86880235079853],[-49.11595599278773,-26.86888407452178],[-49.11595229827085,-26.86896190305613],[-49.11595106151886,-26.86902643046207],[-49.11595185700606,-26.86908711648159],[-49.11595340785368,-26.86914673759253],[-49.11595729696658,-26.86919929555674],[-49.11596073879718,-26.86924969398783],[-49.11596515861317,-26.86930010816592],[-49.11597151467526,-26.86933893368874],[-49.115987697154,-26.86940157768155],[-49.11601612866217,-26.86948936855436],[-49.11603604971943,-26.86956132201291],[-49.11605738641381,-26.86963609416333],[-49.11607570344193,-26.86968951961712],[-49.11609486737313,-26.86973714822197],[-49.11610664371424,-26.86976142682562],[-49.11611493414407,-26.86977596969792],[-49.11612403230356,-26.86978665305164],[-49.11613199035705,-26.86979301496923],[-49.11615308210192,-26.86980388258922],[-49.11616499687187,-26.86980815361472],[-49.11617943287943,-26.86980859157505],[-49.11619781490548,-26.86980758384849],[-49.11621499683019,-26.86980526671532],[-49.11622903892833,-26.86980074963986],[-49.11623402091146,-26.86979630764124],[-49.11625036757415,-26.86977097336435],[-49.11628034886053,-26.86972241138804],[-49.11630731196132,-26.86967724260517],[-49.11632584629807,-26.8696478559889],[-49.11635115851066,-26.86961169285015],[-49.11637521018503,-26.86957701570794],[-49.11640045529145,-26.86954429232081],[-49.11641982166057,-26.86952287487884],[-49.11644191546798,-26.86950042332327],[-49.11646191518737,-26.86948439102015],[-49.11647866293818,-26.86947110345426],[-49.1164911528488,-26.86946162039363],[-49.11649887207268,-26.86945700908059],[-49.11652722637901,-26.86944175062598],[-49.11657020283099,-26.86942134285147],[-49.1166318035946,-26.86939240745441],[-49.1166692825111,-26.86937621456003],[-49.11668869158947,-26.86936533353062],[-49.11672305518565,-26.86934479286368],[-49.11675419934243,-26.86932527703994],[-49.11678116340547,-26.86930548165848],[-49.1167924608279,-26.86929404482494],[-49.11680824073888,-26.869279882349],[-49.11683296468578,-26.86924865563835],[-49.11685835082186,-26.86920862309414],[-49.11688828432005,-26.86914973926318],[-49.11693330662681,-26.86904872792983],[-49.11697383938902,-26.86896355941231],[-49.11700287559553,-26.86890014615076],[-49.11703134915529,-26.8688403790519],[-49.11708009079287,-26.86873658129407],[-49.11708195219122,-26.86872932042315],[-49.11708114596821,-26.86872009156978],[-49.11707859488462,-26.8687121220409],[-49.1170704757647,-26.86869956719332],[-49.11706108302245,-26.86868935112362],[-49.1170533105111,-26.86868430499347],[-49.11686827993267,-26.86860092700431],[-49.11675460375116,-26.86855356160421],[-49.11663757677486,-26.86850143002995],[-49.1165080997297,-26.86844460955977],[-49.11639373145869,-26.8683948752959],[-49.11629698063527,-26.86834969376117],[-49.11632903136646,-26.86829422838061],[-49.11639355627261,-26.86832735141967],[-49.11647056839109,-26.86836323400389],[-49.11657664887763,-26.86840919956268],[-49.11666736161062,-26.86844871794382],[-49.11676341670201,-26.86849174541685],[-49.11687678955255,-26.86854210786388],[-49.11698238647813,-26.86858763705448],[-49.11708894120363,-26.86863446601922],[-49.11710115503362,-26.86863872289613],[-49.11711096654432,-26.86863994215053],[-49.11711933745644,-26.86863942458766],[-49.1171252827175,-26.86863715617979],[-49.11713878527678,-26.86861270813364],[-49.11715764450654,-26.86857826582095],[-49.11717972920547,-26.86854237089685],[-49.11720383667043,-26.86850350633429],[-49.1172322184801,-26.86845977511036],[-49.1172561987533,-26.86842755368095],[-49.11727436023147,-26.86840381845709],[-49.11729094737433,-26.86838520428801],[-49.11730671148022,-26.86836839966737]]
     ]
    },
    "properties": {
    "OBJECTID": 60262,
    "SHAPE.LEN": 3590.46104821313
    }
  },
  {
   "type": "Feature",
    "geometry": {
    "type": "LineString",
     "coordinates": [
      [[-49.11935143136137,-26.86765816951143],[-49.11941335313487,-26.86771660479654],[-49.11947304962635,-26.86777054895661],[-49.11950870309176,-26.86780155341596],[-49.1195265987235,-26.8678167239561],[-49.11953023556076,-26.86782167159386],[-49.11953114940246,-26.86782671928652],[-49.11952924913473,-26.86783463676318],[-49.1195249375463,-26.86783969254191],[-49.11951333955673,-26.8678469971807],[-49.11945420403317,-26.86788633382126],[-49.11936031883744,-26.86794569217938],[-49.11930211098306,-26.86798096230812],[-49.11928819366644,-26.86799097450747],[-49.11917911319702,-26.86806676878481],[-49.11913942236642,-26.86808828798498],[-49.11912655097802,-26.86809232271832],[-49.11910491454989,-26.86809466486833],[-49.11908607761157,-26.86809258910993],[-49.11907486905086,-26.86808839993985],[-49.11897294874382,-26.86801394640224],[-49.11887924485655,-26.86793524087363],[-49.11878720466405,-26.86785142984065],[-49.11869075775993,-26.86776201098235],[-49.11859408647479,-26.86766852472838],[-49.1184891913107,-26.86756905939583],[-49.11847965418745,-26.86755783511142],[-49.11847185020032,-26.86754490274161],[-49.11846796783925,-26.8675279185258],[-49.11846710465964,-26.86751422021062],[-49.11846900779984,-26.86750832187492],[-49.11847947493944,-26.8674951002527],[-49.11854997903868,-26.86742450898441],[-49.11862214069126,-26.8673469203288],[-49.11870393888754,-26.86724614791515],[-49.11876736641337,-26.86715811911183],[-49.1187737630563,-26.86715088789918],[-49.11877833696456,-26.86714931961991],[-49.1187855813516,-26.86714997205312],[-49.1187971338952,-26.86715416762703],[-49.11881052108865,-26.86716280397979],[-49.11895422900567,-26.86729238966501],[-49.11910585911052,-26.86743259308799],[-49.11923309415447,-26.86755339731487],[-49.11933332702051,-26.86764351155006],[-49.11935143136137,-26.86765816951143]]
     ]
    },
    "properties": {
    "OBJECTID": 61412,
    "SHAPE.LEN": 301.505298159242
    }
  },
  {
   "type": "Feature",
    "geometry": {
    "type": "LineString",
     "coordinates": [
      [[-49.11768776503899,-26.86789361604541],[-49.11760275457288,-26.86779497816245],[-49.11751903131692,-26.86770029807178],[-49.11748647990714,-26.86766329615455],[-49.11746535117094,-26.86767849584092],[-49.11750143917189,-26.867719564995]]
     ]
    },
    "properties": {
    "OBJECTID": 61439,
    "SHAPE.LEN": 40.911429633239
    }
  },
  {
   "type": "Feature",
    "geometry": {
    "type": "LineString",
     "coordinates": [
      [[-49.11742127521934,-26.86825621998365],[-49.1174760253702,-26.86820335019868],[-49.11752704519032,-26.86815676955898],[-49.11756503986988,-26.86812344045474],[-49.11763283148183,-26.86806610594081],[-49.11770853160581,-26.86800335200438],[-49.11772513038791,-26.86799040798016]]
     ]
    },
    "properties": {
    "OBJECTID": 61443,
    "SHAPE.LEN": 42.2010856437291
    }
  },
  {
   "type": "Feature",
    "geometry": {
    "type": "LineString",
     "coordinates": [
      [[-49.11566362915664,-26.87462551266003],[-49.11560792122498,-26.87460279805074],[-49.11548640704322,-26.87455424110418],[-49.11536593655211,-26.87450247575088],[-49.11520200273615,-26.87443026460631],[-49.11503581529593,-26.87436274643808],[-49.1148853144656,-26.87430235117724],[-49.11475961759909,-26.87425588416666],[-49.11462010169556,-26.87420640484662],[-49.11450090947175,-26.87416347860358],[-49.11440106788795,-26.87412708979381],[-49.11433025652141,-26.87410018460961],[-49.11426506552122,-26.87407229567291],[-49.114218109238,-26.87404576929228],[-49.11418253450941,-26.87402243200658],[-49.11414970895225,-26.87399548677091],[-49.11411383785207,-26.87396247702838],[-49.11407276423552,-26.87392165185453],[-49.11404537811674,-26.87389049553611],[-49.11401072248523,-26.87384526114353],[-49.1139807940441,-26.8737949451135],[-49.11396420688863,-26.87375944979478],[-49.11394493200232,-26.87369985027977],[-49.11392819069842,-26.87362289087841],[-49.11391006612244,-26.8735173362838],[-49.11389623459506,-26.87341636184577],[-49.11388897621462,-26.87336468766685],[-49.11387604412742,-26.87331679088126],[-49.11385633422642,-26.87326685222797],[-49.11383951282536,-26.87323092323694],[-49.11382442695832,-26.87320576358322],[-49.11379639596051,-26.87317030050705],[-49.11375728700067,-26.87312864673293],[-49.11368002589152,-26.8730462129943],[-49.11358009301886,-26.87295289281935],[-49.11348345644755,-26.87286521080862],[-49.11339277481392,-26.87278428195838],[-49.11328486441721,-26.87268804171465],[-49.11319326448037,-26.87260430608207],[-49.11309166147889,-26.87250924025071],[-49.11300166817812,-26.87243047121805],[-49.1129001391694,-26.87234399884938],[-49.11281632604598,-26.87227284702119],[-49.11273001550694,-26.87220487769648],[-49.11263819109395,-26.87213252392843],[-49.11252043070035,-26.87204192720538],[-49.1123596150329,-26.8719246506626],[-49.11221964515028,-26.87182446218412],[-49.11214494264532,-26.87177278942627],[-49.11205008357144,-26.87170618753841],[-49.11194961809554,-26.87163992586508],[-49.11185901755149,-26.87157962122587],[-49.1117760141291,-26.87152910548998],[-49.11169010358776,-26.87147789828873],[-49.11161861513494,-26.87143615783349],[-49.11152896428673,-26.87138940264031],[-49.1114467097583,-26.87135028372856],[-49.1113523619205,-26.87130710577027],[-49.11124927821975,-26.87126417201213],[-49.11114261592025,-26.87122449470286],[-49.11104262499568,-26.87119398378787],[-49.11095441428159,-26.87117002510212],[-49.11083038948129,-26.87113783162965],[-49.11072395166164,-26.87111524021725],[-49.11062142332394,-26.87109643679573],[-49.11049862682014,-26.87107718175267],[-49.11040340866563,-26.87106519746992],[-49.11031466365742,-26.87105807255554],[-49.110187611809,-26.87105051197402],[-49.11011943831959,-26.87104744840897],[-49.11005794940415,-26.87104578838218],[-49.10997770261903,-26.8710468442161],[-49.10991411190289,-26.87104877627534],[-49.10983848576225,-26.87105152119583],[-49.10977624472914,-26.87105556794882],[-49.10971054820486,-26.87106139256803],[-49.10964123554336,-26.87106794319477],[-49.10956744488411,-26.87107536173207],[-49.10946319509137,-26.87108721325449],[-49.10933640066295,-26.87110235532187],[-49.10911702765212,-26.87113033870234],[-49.10898745397666,-26.87114816545095],[-49.10880528747033,-26.87116770528424],[-49.10872566405313,-26.87117447938901],[-49.10864452238745,-26.87117868513389],[-49.10852900915883,-26.87118383785371],[-49.10843690344686,-26.87118525575188],[-49.10835065635808,-26.87118521402145],[-49.10826203412098,-26.8711824489369],[-49.10816845211946,-26.87117769127923],[-49.1080646003938,-26.8711695503643],[-49.10796643673723,-26.87115979770868],[-49.10786076861231,-26.87114517795285],[-49.10778239740555,-26.87113241564056],[-49.10767420459467,-26.87111311724623],[-49.10759022330743,-26.87109505103452],[-49.10752512261948,-26.87107862853074],[-49.10742955505344,-26.87105235690977],[-49.10736360939718,-26.87103307085432],[-49.10728359512491,-26.87100892996661],[-49.10722979343075,-26.87099035438711]]
     ]
    },
    "properties": {
    "OBJECTID": 64606,
    "SHAPE.LEN": 1004.43112771009
    }
  },
  {
   "type": "Feature",
    "geometry": {
    "type": "LineString",
     "coordinates": [
      [[-49.11306264058319,-26.87399482040401],[-49.11306785641261,-26.87400371011441],[-49.11307530839535,-26.87401091568144],[-49.11308281279535,-26.87401532845025],[-49.11309838687157,-26.8740202966707],[-49.11311377700189,-26.87402203840236],[-49.11312284100858,-26.87402174877458],[-49.1131451622554,-26.87401951511935],[-49.11318991256319,-26.87400946404717],[-49.11323517172602,-26.87399834658311],[-49.11328573996873,-26.87397850160885],[-49.11333635702371,-26.87395607948699],[-49.11342918735804,-26.87391540212656],[-49.11349069688762,-26.87388670169664],[-49.11354015999105,-26.87386060952676],[-49.11358348450523,-26.87383549591625],[-49.11362185583801,-26.87381331364351],[-49.11365658905737,-26.87378935704636],[-49.11367672202125,-26.8737735535189],[-49.11370779985417,-26.87374868072233],[-49.11373795660905,-26.87372078550276],[-49.11376515183014,-26.87369413331172],[-49.11379216762797,-26.87366404077561],[-49.11380919672402,-26.87364410798628],[-49.11382454581435,-26.8736224297335],[-49.11384795147122,-26.87358905864136],[-49.11386138316062,-26.87356520212367],[-49.11387502028659,-26.87353060578693],[-49.11388451760116,-26.87349487108398],[-49.11388942219971,-26.87345605773142],[-49.11389242991783,-26.87338927323689]]
     ]
    },
    "properties": {
    "OBJECTID": 60268,
    "SHAPE.LEN": 118.843406764346
    }
  },
  {
   "type": "Feature",
    "geometry": {
    "type": "LineString",
     "coordinates": [
      [[-49.11434491335519,-26.86639656674051],[-49.11434046519116,-26.86639886493933],[-49.11433887048221,-26.86640551196108],[-49.11434959862644,-26.86652253811443],[-49.11436311291741,-26.86667296551105],[-49.11437705006778,-26.86682684191043],[-49.11439080246437,-26.86699040058236],[-49.11440146265309,-26.86712378156928],[-49.11436955109978,-26.86712411302728],[-49.11436536671937,-26.8670870322403],[-49.11435707160034,-26.8669962992793],[-49.11434796528473,-26.86688403334562],[-49.11433558455974,-26.8667510563185],[-49.11432549861014,-26.86662607703102],[-49.11431524675867,-26.86650970348462],[-49.11430821586248,-26.86641683923358],[-49.11430620835902,-26.86640669265863],[-49.11430216144188,-26.86640081968942],[-49.11429460004953,-26.86639962576045]]
     ]
    },
    "properties": {
    "OBJECTID": 60282,
    "SHAPE.LEN": 165.544520131039
    }
  },
  {
   "type": "Feature",
    "geometry": {
    "type": "LineString",
     "coordinates": [
      [[-49.11329479896702,-26.87469206481417],[-49.11328628858705,-26.87469440800216],[-49.1132830627485,-26.87469629284446],[-49.11328202649896,-26.87469917720412],[-49.1132828324162,-26.87470198146409],[-49.11328559334097,-26.8747052441687],[-49.11328888320387,-26.87470647409653],[-49.11330492005111,-26.87470843023624],[-49.11332682903967,-26.87471133307418],[-49.11334943289062,-26.87471639424037],[-49.11337139141511,-26.87472316350085],[-49.11338551107246,-26.87472917280856],[-49.11339793039195,-26.87473429744236],[-49.11340411108044,-26.87473836217461],[-49.11340958061577,-26.87474112852044],[-49.11341289210637,-26.87474117725159],[-49.11341536968093,-26.87473992595727],[-49.11341626688899,-26.87473789900004],[-49.11341583382752,-26.87473488490441],[-49.11341195107013,-26.87472602203163],[-49.11341060915309,-26.87471912912957],[-49.11341015987191,-26.87471042402425],[-49.11341009513903,-26.87470086569625],[-49.11341062513731,-26.87469228287988],[-49.11341248465758,-26.87468479279426],[-49.11341431695907,-26.87467869954543],[-49.11341575302318,-26.8746741029057],[-49.11341581989592,-26.87467056025322],[-49.11341491027864,-26.87466678794156],[-49.11341298325137,-26.87466482616708],[-49.11340919878798,-26.8746638035502],[-49.11340268766119,-26.8746642437164],[-49.11329479896702,-26.87469206481417]]
     ]
    },
    "properties": {
    "OBJECTID": 66663,
    "SHAPE.LEN": 36.8430144267412
    }
  },
  {
   "type": "Feature",
    "geometry": {
    "type": "LineString",
     "coordinates": [
      [[-49.11101756133561,-26.87028619541364],[-49.11100934794146,-26.87028455483108],[-49.11099388562305,-26.87028470644861],[-49.11091644708845,-26.87028565416145],[-49.11082876521066,-26.87028744237956],[-49.11074373660344,-26.87028787964949],[-49.11065127260827,-26.87028855140577],[-49.11052239449675,-26.87028997452461],[-49.11042392596083,-26.87028999089364],[-49.11033221792969,-26.87029011024027],[-49.11033065277828,-26.87026082393493],[-49.11043600938511,-26.87025765495247],[-49.11053553815745,-26.87025803273898],[-49.11071142886436,-26.87025762631052],[-49.11083650730402,-26.87025574063893],[-49.1109663738961,-26.87025594065598],[-49.11100854333054,-26.8702549140498],[-49.11101384259219,-26.87025355790749]]
     ]
    },
    "properties": {
    "OBJECTID": 61911,
    "SHAPE.LEN": 139.297539702528
    }
  },
  {
   "type": "Feature",
    "geometry": {
    "type": "LineString",
     "coordinates": [
      [[-49.10968656302238,-26.86849862341423],[-49.10976795780463,-26.86850032237352],[-49.10988689784316,-26.86850269227215],[-49.1100037099078,-26.86850085103576],[-49.11010368825294,-26.86849576632448],[-49.11021377087782,-26.86848784446313],[-49.1102859821215,-26.86848651759759],[-49.11035140143706,-26.86848704493841],[-49.11037090228599,-26.86848785989889],[-49.11039233907761,-26.86849045446515],[-49.11043450555523,-26.86849761710954],[-49.1104692629705,-26.86850495144531],[-49.11048926094025,-26.86851164163782],[-49.11051967428629,-26.86852910895003],[-49.11055728421518,-26.86855246707134],[-49.11059093403357,-26.86857787615645],[-49.11062336460895,-26.86861179022744],[-49.11065825604583,-26.86865737962524],[-49.11067479764505,-26.86870852999652],[-49.11068067505172,-26.8687491580675],[-49.1106790299396,-26.8688940116319],[-49.11067961045419,-26.868999425857],[-49.1106811225989,-26.86904564934776],[-49.11068510398552,-26.8690808853029],[-49.11069515943291,-26.86911961423728],[-49.11071276440116,-26.86917406332497],[-49.11074396884903,-26.86927163827811],[-49.11077692766031,-26.86936757141333],[-49.11082158018687,-26.86947603621019],[-49.11086767898598,-26.86960224346879]]
     ]
    },
    "properties": {
    "OBJECTID": 61910,
    "SHAPE.LEN": 211.54152134775
    }
  },
  {
   "type": "Feature",
    "geometry": {
    "type": "LineString",
     "coordinates": [
      [[-49.11080443935145,-26.86844357858155],[-49.11081320526505,-26.8684318908783],[-49.11082302499735,-26.86842280045868],[-49.11083179274946,-26.8684182070895],[-49.11084583848276,-26.86841498580734],[-49.11087991865941,-26.86841056927167],[-49.11094349438194,-26.86840188157846],[-49.11100778181848,-26.86839384871795],[-49.11114923316709,-26.86837260992266],[-49.11132506413382,-26.86834395002784],[-49.1115139142316,-26.86831527616397],[-49.11167957680194,-26.86828882303621],[-49.11178740534881,-26.86827329622804],[-49.11188576362231,-26.8682612766038],[-49.11189369285019,-26.86826268859015],[-49.11190083247161,-26.86826752796983],[-49.11191533589751,-26.86827806988651],[-49.11192501169422,-26.86828896700024],[-49.11193393861011,-26.86830114299795],[-49.11193552617538,-26.86830632609013],[-49.11194020426655,-26.86835132285824],[-49.11194484186396,-26.86841093463455],[-49.11195163722847,-26.86848369250005],[-49.11195602041853,-26.8685314779231],[-49.11201529119038,-26.86852100377821],[-49.11200787334119,-26.86845554492114],[-49.11199943569498,-26.8683679302367],[-49.11199269017169,-26.86829259435367],[-49.11198764973044,-26.86824135859414],[-49.11198653954482,-26.86821064866904],[-49.11198150198169,-26.86818062638999],[-49.11183657304331,-26.86820391175893],[-49.11171296971378,-26.868221457197],[-49.11158334631651,-26.86824116319191],[-49.11145312050174,-26.86826308227478],[-49.11134833554391,-26.86827932283273],[-49.11118254793593,-26.86830675681207],[-49.11109546608525,-26.8683204330891],[-49.11104859560243,-26.86832598925639],[-49.11097011857309,-26.86833457888738],[-49.11085638537646,-26.86834803953826],[-49.11079621034735,-26.86835363978885],[-49.11074950893028,-26.86835628908756],[-49.11074720502589,-26.8683571500382],[-49.11074302034986,-26.86835999589816],[-49.11074147384407,-26.86836275969364],[-49.11073465423883,-26.86841689486436],[-49.11072627412468,-26.86849479677258],[-49.1107179807234,-26.86857347515812]]
     ]
    },
    "properties": {
    "OBJECTID": 60298,
    "SHAPE.LEN": 334.972800842567
    }
  },
  {
   "type": "Feature",
    "geometry": {
    "type": "LineString",
     "coordinates": [
      [[-49.11071413153181,-26.86605758316191],[-49.11071371990698,-26.86607441627165],[-49.11071013211008,-26.8660851334289],[-49.11070684177776,-26.86609000310884],[-49.11070158105877,-26.86609468307843],[-49.11069627507685,-26.86609718179903],[-49.1105288552945,-26.86611661717789],[-49.11043808569043,-26.86613392274162],[-49.11033669978586,-26.86615460726791],[-49.1103294208557,-26.86615525366454],[-49.11032545117877,-26.86615340443998],[-49.11032133791303,-26.8661494168785],[-49.11031536700219,-26.86614027418811],[-49.11031181105274,-26.86613115476452],[-49.11030922660356,-26.86612316573095],[-49.11030780792674,-26.86610879837977],[-49.11029729564537,-26.86594780376926],[-49.11028685480799,-26.86580817969482],[-49.11027890284094,-26.86568986100427],[-49.11026884755645,-26.86555289567901],[-49.11026042499015,-26.86544048713183],[-49.11025071612129,-26.86533426213637],[-49.11024247587967,-26.86523467813636],[-49.11023189880907,-26.8650961100575],[-49.11022379637311,-26.86497988424342],[-49.11021614229901,-26.86487488715644],[-49.11021336785033,-26.86481228471802],[-49.11021440575839,-26.86480627204184],[-49.1102193977074,-26.86479947464164],[-49.11022480456079,-26.86479483996588],[-49.1102297449897,-26.86479271545783]]
     ]
    },
    "properties": {
    "OBJECTID": 61826,
    "SHAPE.LEN": 194.772629307247
    }
  },
  {
   "type": "Feature",
    "geometry": {
    "type": "LineString",
     "coordinates": [
      [[-49.10629748944288,-26.88535333243003],[-49.10625183389175,-26.88531263580656],[-49.10615594118558,-26.88523256023197],[-49.10610740003445,-26.88519197741119],[-49.10606542305433,-26.88516417016787],[-49.10602578586776,-26.8851413413314],[-49.10593224974119,-26.88510026071832],[-49.10583263883267,-26.88506342013795],[-49.10560567644888,-26.88497694360708],[-49.10551388960624,-26.8849488012129],[-49.10540362185996,-26.88491700904844],[-49.10534098754644,-26.88490404454616],[-49.10529534366609,-26.88489815760935],[-49.10521554374405,-26.88489103174403],[-49.10515283680562,-26.88488344827251],[-49.10503823816053,-26.88486926303358],[-49.10497122609836,-26.88485969471662],[-49.10492443480438,-26.88484970448074],[-49.10488348045637,-26.88483525617415],[-49.1048358647115,-26.88481513782488],[-49.1048131637013,-26.88480326035488],[-49.10478292528031,-26.8847794579458],[-49.10474964669978,-26.88474916309438],[-49.10471035534484,-26.88470093090721],[-49.10468436662708,-26.88466554943555],[-49.10465054769568,-26.88460424548346],[-49.10461750138499,-26.88453928922076],[-49.10457654861544,-26.88445400725159],[-49.10455476741527,-26.8844100598691],[-49.10452676827681,-26.88436324548642],[-49.10448572466978,-26.88430229132722],[-49.1044353363791,-26.88423843541688],[-49.10437223052104,-26.88417185541863],[-49.10430661851071,-26.88411256710173],[-49.10425765983775,-26.88406745795776],[-49.1041970570606,-26.88401145542367],[-49.10413288059901,-26.88395282893611],[-49.10407329881954,-26.88389253113851],[-49.10402041086482,-26.88383553725453],[-49.1039742306808,-26.88378076979768],[-49.10389284970608,-26.88367781671856],[-49.10385036455551,-26.88361684665202],[-49.10381198065845,-26.88355506063932],[-49.10378764963497,-26.88350398012983],[-49.10376437816532,-26.88344580692415],[-49.10374683120246,-26.88339135608454],[-49.1037372508826,-26.88335271167054],[-49.10373092470816,-26.88330484415046],[-49.1037279905204,-26.88325529282206],[-49.1037295869725,-26.88320880519906],[-49.10373388275814,-26.88315847181525],[-49.1037452716081,-26.88309982070034],[-49.10377298618078,-26.88299096970833],[-49.10380319558146,-26.88287568701509],[-49.103831667479,-26.8827466058077],[-49.10385932749588,-26.88262418917567],[-49.10387293089334,-26.88256190238976],[-49.10388946873288,-26.88247854814989],[-49.1039068518342,-26.88238616139713],[-49.10391434657463,-26.88234835091596],[-49.1039231405318,-26.8823211054271],[-49.10394675857203,-26.88228325773663],[-49.10396318813979,-26.88226083342411],[-49.10397809111063,-26.88224441966094],[-49.1039873425897,-26.88223655600089],[-49.10400896035242,-26.88222193914132],[-49.10402372820661,-26.8822154284765],[-49.10403918873414,-26.88221107795615],[-49.10405726706651,-26.88220890980847],[-49.10407820014306,-26.88220914112415],[-49.10411276625925,-26.88221555215603],[-49.10414391052097,-26.88222580105793],[-49.10417595291999,-26.88224079604142],[-49.10420876689995,-26.88225213870166],[-49.1042339348919,-26.88225952201508],[-49.10425960043882,-26.88226561950627],[-49.10429180422911,-26.88226877477456],[-49.10432887656984,-26.8822678931427],[-49.10436455997845,-26.88226290507507],[-49.10440777356277,-26.88225283362585],[-49.10445249778318,-26.88223782636463],[-49.1045204532004,-26.88221338746152],[-49.1045862104534,-26.88219129281637],[-49.10462653318789,-26.88218140454352],[-49.10466707374783,-26.8821732404027],[-49.1047116566869,-26.88216856661157],[-49.10475309537787,-26.88216514943391],[-49.10481181355261,-26.88216515289125],[-49.10485894063073,-26.8821680425143],[-49.10489425822976,-26.88217230807526],[-49.10495138234676,-26.88218327449598],[-49.10501326368706,-26.88219838437701],[-49.10506880097272,-26.8822198824375],[-49.10512185942896,-26.88224673563225],[-49.10516243740026,-26.8822710828089],[-49.10520080692712,-26.88229863520047],[-49.10525977211997,-26.88235117469578],[-49.10532033597686,-26.88240997605443],[-49.10542871598246,-26.88252722179421],[-49.10548637786282,-26.88258706726242],[-49.10552962071907,-26.88262780665059],[-49.10561853382219,-26.88270780521819],[-49.10572179923819,-26.88279420595804],[-49.10577703821564,-26.88283766135201],[-49.10588761261729,-26.88291746825577],[-49.10598416143974,-26.8829846332068],[-49.10604759879482,-26.88302688788076],[-49.10613444366708,-26.88308210332704],[-49.10622230939666,-26.88313302439017],[-49.10628808512833,-26.88316260106904],[-49.10634796944236,-26.88318307022113],[-49.10643108721645,-26.88321154711049],[-49.10651451657317,-26.88323486085257],[-49.10668909775091,-26.88327984971923],[-49.10696244426728,-26.883314035843],[-49.10710748329561,-26.88332498096272],[-49.10726469654907,-26.88334250912332],[-49.10734784329338,-26.88336014858002],[-49.10741526680071,-26.88337978142705],[-49.10750896515379,-26.88341518596815],[-49.10757853867553,-26.88345040714471],[-49.10765624850369,-26.88350034917842],[-49.10773585863549,-26.88356328852826],[-49.10778191738184,-26.88360207118679],[-49.10784520259624,-26.88365708555173],[-49.10789324357983,-26.88370002133161],[-49.10793446717275,-26.88373903341787],[-49.10797676214527,-26.88378104377792],[-49.10800745599289,-26.88380937716458],[-49.1080420522399,-26.88384121609092],[-49.1080413614374,-26.88385718704289],[-49.10804624872701,-26.88386446954505],[-49.10806429468583,-26.88388250654905],[-49.10811200340505,-26.88392612377173],[-49.10815940776248,-26.883965294397],[-49.10822188890471,-26.8840120428259],[-49.10826600793768,-26.88404770892025],[-49.10831191786716,-26.88408396670968],[-49.10833307866785,-26.88409810653089],[-49.10836427779545,-26.88411297377796],[-49.10838646469981,-26.88412303954133],[-49.10842184123068,-26.8841368678875],[-49.10843747378007,-26.88414129409119],[-49.10845386158986,-26.88414400737891],[-49.10847022211742,-26.88414908416051],[-49.10848484401967,-26.88415629482814],[-49.10849578222381,-26.8841643343778],[-49.10850208073745,-26.88417083156306],[-49.10850761829493,-26.88417968602959],[-49.1085130940413,-26.88419412574551],[-49.1085283000707,-26.88423721914029],[-49.10853869965073,-26.88427167906248],[-49.10854548661752,-26.88430052348556],[-49.10854609694654,-26.8843043098647],[-49.10855163161605,-26.88434047640903],[-49.1085535601776,-26.88438737870933],[-49.10854928319586,-26.88442111228562],[-49.10853826754076,-26.88446812917611],[-49.10852713787644,-26.88450331530489],[-49.10851834149427,-26.88452604546192],[-49.10849636544192,-26.88459276334414],[-49.10848032108974,-26.88463070783177],[-49.10844827055065,-26.88470315486507],[-49.10840392261689,-26.88480583253757],[-49.1083957397158,-26.88481716858838],[-49.10839352308648,-26.88481887185979],[-49.10838936327747,-26.88481969977902],[-49.10838035386691,-26.88481726400346],[-49.10836720581649,-26.8848137203922],[-49.10831607738836,-26.88479977403512],[-49.1082664226338,-26.88478497821076],[-49.10821698356349,-26.88477276483574],[-49.10811691612637,-26.88474553312916],[-49.10795305636522,-26.88470124462975],[-49.10788926298851,-26.88468418876649],[-49.10781229788538,-26.88466573884487],[-49.10774315443487,-26.88464670499567],[-49.10763898580513,-26.88461492496728],[-49.10759007064428,-26.88459948896108],[-49.10754746939816,-26.8845873290587],[-49.10750291211748,-26.88457536858181],[-49.10744060701182,-26.88455617258408],[-49.10738560753429,-26.88453896896576],[-49.10733060964093,-26.88452155053352],[-49.10722276599287,-26.88449081669673]]
     ]
    },
    "properties": {
    "OBJECTID": 62918,
    "SHAPE.LEN": 1213.11423230826
    }
  },
  {
   "type": "Feature",
    "geometry": {
    "type": "LineString",
     "coordinates": [
      [[-49.10871741990865,-26.87591829929958],[-49.10875127057938,-26.87592599656932],[-49.10885399491698,-26.87594487091077],[-49.10892360627223,-26.87595429869788],[-49.10897801618886,-26.87595777353242],[-49.10903940555491,-26.8759590410785],[-49.10905250744498,-26.87595913069284]]
     ]
    },
    "properties": {
    "OBJECTID": 62989,
    "SHAPE.LEN": 33.7089645371689
    }
  },
  {
   "type": "Feature",
    "geometry": {
    "type": "LineString",
     "coordinates": [
      [[-49.11001185257866,-26.87476641629],[-49.10992817688976,-26.87476379593506],[-49.10986234302038,-26.87476498122993],[-49.10982677171895,-26.8747665298422],[-49.10976993597993,-26.87477356687605],[-49.1095295428141,-26.87480765786933],[-49.10948095843326,-26.87481394864099],[-49.10947635241299,-26.87481584832122],[-49.10947099028074,-26.87482096913071],[-49.10946611845675,-26.87482523363148],[-49.1094615124358,-26.87482713331119],[-49.10934229002762,-26.87484103439419],[-49.10922230748855,-26.87485464630461],[-49.10918153455338,-26.87485693024475],[-49.10916926942301,-26.8748456363515],[-49.10907578964254,-26.87484936843539],[-49.10902920281847,-26.87484811492011],[-49.10899717915935,-26.87484676928628],[-49.1088997069088,-26.87483712479298],[-49.1087123056074,-26.87481289926787],[-49.10855288214061,-26.87478505412189],[-49.10852941953291,-26.87478080746413],[-49.10852374263603,-26.87478482196871],[-49.10851350983324,-26.87480024008469],[-49.10851197244305,-26.8748072235438],[-49.10857887981991,-26.87482746612259],[-49.10867593678682,-26.87485703791274],[-49.10879092514371,-26.87488437026947],[-49.108858694276,-26.87489825653319],[-49.10894156091541,-26.87491090883207],[-49.109009970957,-26.87491839977803],[-49.10910903479999,-26.87492784617161],[-49.10917473405826,-26.87493203340886],[-49.10923333411303,-26.87493298823194],[-49.1093012548215,-26.87493347656962],[-49.10943001670375,-26.87492761882769],[-49.10951705665259,-26.87492373445387],[-49.10961101294357,-26.87491138878792],[-49.10971140057621,-26.87489547364403],[-49.1097712015743,-26.87488540391546],[-49.11003723564419,-26.87481858306279],[-49.11006448831603,-26.87481129551671],[-49.11008103652118,-26.87480670881586],[-49.11008542252671,-26.87480502640272],[-49.11008786994132,-26.87480310956114],[-49.11009020690009,-26.87480033017769],[-49.11009133124033,-26.8747975399891],[-49.11009160546768,-26.87479484944669],[-49.1100910602976,-26.87478956475072],[-49.11008942168426,-26.87478448656115],[-49.11008681636435,-26.87477907502339],[-49.11008418190388,-26.87477614158903],[-49.11008117563533,-26.87477395954577],[-49.1100781642199,-26.87477220796573],[-49.11007345079311,-26.87477076306133],[-49.11006775954089,-26.87476995583916],[-49.11004776800565,-26.87476826143382],[-49.11002437420432,-26.87476707479715],[-49.11001185257866,-26.87476641629]]
     ]
    },
    "properties": {
    "OBJECTID": 62975,
    "SHAPE.LEN": 323.749853469476
    }
  },
  {
   "type": "Feature",
    "geometry": {
    "type": "LineString",
     "coordinates": [
      [[-49.10708426652315,-26.87126667473805],[-49.10722369963815,-26.87125918010898],[-49.10732903172558,-26.87125246149497],[-49.10734219115398,-26.87125359540326],[-49.1073564155873,-26.87125653068943],[-49.10737416519123,-26.87126130211115],[-49.10738906435891,-26.87126705256143],[-49.10742972702718,-26.87128267395057],[-49.10746300487015,-26.87129536952775],[-49.10749404679252,-26.87130786095164],[-49.10752514240668,-26.8713266774852],[-49.10755172391555,-26.87134321139483],[-49.10756426877376,-26.87135302711828],[-49.10758325690492,-26.87137148291277],[-49.10759744608797,-26.8713893491295],[-49.10760631710991,-26.87140692118124],[-49.10761136191429,-26.87142133439597],[-49.10761498894055,-26.87143941657545],[-49.10761644824785,-26.87145736863355],[-49.10761642259363,-26.87147021113966],[-49.10759231533869,-26.87146990722582],[-49.10759239306896,-26.87145804742729],[-49.10759109837469,-26.87144211665132],[-49.10758796483964,-26.87142649249543],[-49.1075838115957,-26.87141462657564],[-49.10757650431111,-26.8714001532731],[-49.10756455283635,-26.87138510419999],[-49.10754747816455,-26.87136850898136],[-49.10753692128741,-26.87136024885744],[-49.10751151720689,-26.8713444464631],[-49.10748246228942,-26.8713266789828],[-49.10745370521149,-26.87131526154505],[-49.10742335045798,-26.87130447617193],[-49.10737908029299,-26.87129262618998],[-49.10736674353598,-26.87129037958887],[-49.10735670939586,-26.87129019464054],[-49.10733000897675,-26.87129192196049],[-49.10712214411303,-26.87130345695848],[-49.10703426427357,-26.87130868709641],[-49.10702887282013,-26.87130886578515],[-49.10702543127851,-26.87130992443981],[-49.10702210073332,-26.87131217418525],[-49.10701889117252,-26.87131453205617],[-49.10701653818434,-26.8713170051996],[-49.10699373476288,-26.87134217057784],[-49.10699174489064,-26.87134507911745],[-49.10699023809865,-26.87134853206818],[-49.10698959649638,-26.87135134133517],[-49.10698866102406,-26.87135880218588],[-49.10699165558457,-26.87150492980227],[-49.10699736105246,-26.87161471243893],[-49.10701077196705,-26.8719584267448],[-49.10701186392047,-26.87206428090375],[-49.10702009284574,-26.87235330508812],[-49.10704156666947,-26.87291021806728],[-49.10704762192517,-26.87306292587311],[-49.10705466610896,-26.87332102522038],[-49.10706525463522,-26.8735658571512],[-49.10706566611831,-26.87362761193081],[-49.10706476500921,-26.87364593762304],[-49.10706251607912,-26.87366457560282],[-49.10705705012693,-26.87368758591473],[-49.10705035808881,-26.8737081924694],[-49.1070458495521,-26.87371837817969],[-49.10703723713532,-26.87373487933284],[-49.10702626881383,-26.87375426696982],[-49.10700974692584,-26.87377769687706],[-49.10698154437979,-26.87380533517067],[-49.10696473145976,-26.8738207994944],[-49.10695608501106,-26.87382804510718],[-49.1069509038939,-26.87383166093185],[-49.10694100519803,-26.87383656290844],[-49.10692653318624,-26.87384297229631],[-49.10690599262603,-26.87384869203141],[-49.10687977889607,-26.87385270478304],[-49.10686312687201,-26.87385404042226],[-49.10684942136515,-26.87385376923037],[-49.10683643400155,-26.87385322424891],[-49.10681649131751,-26.8738524777596],[-49.1068122139916,-26.8738527715505],[-49.10680610395294,-26.8738535453274],[-49.10680074580308,-26.87385491946772],[-49.10679429506048,-26.87385705338314],[-49.10678853104272,-26.87385971187451],[-49.10678307195973,-26.87386237174389],[-49.1067779137777,-26.87386551672135],[-49.1067738009146,-26.87386928946143],[-49.10677156932773,-26.87387292945807],[-49.10676968798872,-26.87387807965498],[-49.10676788955899,-26.87388689183619],[-49.10676769214113,-26.87389421003502],[-49.10676898875862,-26.8738984208062],[-49.1067711234714,-26.87390403819971],[-49.10677340868908,-26.87390696520722],[-49.10679486376278,-26.87392965930026],[-49.1068057295162,-26.87393944627918],[-49.10681587816238,-26.87394793476114],[-49.10683631639739,-26.87396297667012],[-49.10686136034498,-26.87398042700258],[-49.10692404708626,-26.87402209885228],[-49.10697127155461,-26.87405350152078],[-49.10702749441462,-26.87408958187256],[-49.10705943442461,-26.87410692870454],[-49.10710818190844,-26.87413324672936],[-49.10715370729817,-26.87415662969785],[-49.10720741045802,-26.87418489325788],[-49.10726862412426,-26.87421622419964],[-49.10733962048268,-26.87425457557436],[-49.10741274027601,-26.87429022324235],[-49.10747909991724,-26.87432307708886],[-49.10755472846677,-26.87436147145345],[-49.10762223702096,-26.87439713862993],[-49.10771088501386,-26.87444576567292],[-49.10781175312184,-26.87449563129757],[-49.10790413403695,-26.87454270071866],[-49.10795419803263,-26.87456795119114],[-49.10798567543937,-26.87458353971555],[-49.10802523284013,-26.8746023286809],[-49.10808285092398,-26.87462736887586],[-49.10814314768911,-26.87465244311127],[-49.10823423556412,-26.87468766395932],[-49.1082919851983,-26.87471018853068],[-49.10833944295502,-26.8747271958906],[-49.10836916653963,-26.87473478292362],[-49.10839819331247,-26.87473870245401],[-49.10841182827501,-26.87473940940523],[-49.10842474858249,-26.87473903181126],[-49.10844046439954,-26.87473686842602],[-49.10845664615606,-26.87473398289285],[-49.10846770990479,-26.87473086186031],[-49.10847643198232,-26.87472795949218],[-49.10848710373432,-26.87472359757442],[-49.10849241201108,-26.87472002130428],[-49.1084962724189,-26.87471666032167],[-49.10850203775892,-26.87471229048198],[-49.10856527227692,-26.87473363288161],[-49.1087222319651,-26.87476104699152],[-49.10890079802248,-26.87478487083049],[-49.10900221188063,-26.87479830657463],[-49.10901889269238,-26.8747990587468],[-49.10903945483832,-26.87479875990849],[-49.10921538794231,-26.87478890524169],[-49.1093629444186,-26.87477216481331],[-49.10938537772966,-26.87476792591695],[-49.10938975687726,-26.87476580929163],[-49.1093934352907,-26.87476110551255],[-49.10939544685277,-26.8747538088724],[-49.10939650944069,-26.87474456890876],[-49.10939710294596,-26.87473382077015],[-49.10939118817532,-26.87451072421298],[-49.10938885402814,-26.8743765691537],[-49.10938637347546,-26.87425956030695],[-49.10938458285132,-26.87418226260798],[-49.10938260422634,-26.87405474628588],[-49.10937661913779,-26.87384966613253],[-49.10937444177288,-26.87368812157142],[-49.10936872118382,-26.87339419286826],[-49.10936695116848,-26.87325722206052],[-49.10936710265102,-26.87313391138233],[-49.10936549550169,-26.87299513577825],[-49.10935948582176,-26.87267054875205],[-49.10935665681374,-26.87252142943438],[-49.10935150839454,-26.87234983995818],[-49.10933849017199,-26.87200393578605],[-49.10933099372497,-26.87188291730688],[-49.10932258812927,-26.87174782441416],[-49.10929477020446,-26.8714163187618]]
     ]
    },
    "properties": {
    "OBJECTID": 63160,
    "SHAPE.LEN": 1100.44496805913
    }
  },
  {
   "type": "Feature",
    "geometry": {
    "type": "LineString",
     "coordinates": [
      [[-49.10453704565857,-26.8820885467387],[-49.10453747187557,-26.88209328468775],[-49.10453860546004,-26.88209996635864],[-49.10453690079191,-26.88211737412072],[-49.10453730333953,-26.88212383207071],[-49.10454066810011,-26.88212860222946],[-49.10454356386506,-26.88213186149321],[-49.10454698014352,-26.88213276027249],[-49.10457697762585,-26.88212427146282],[-49.10465949551828,-26.88210797420778],[-49.1047634803982,-26.88209815301493],[-49.10478333503691,-26.88209708267612],[-49.10478732278451,-26.8820919634884],[-49.10478639613109,-26.88208808079008],[-49.10478616192131,-26.88208721748843],[-49.10478250367085,-26.88208610155686],[-49.10474339211061,-26.88208028948992],[-49.10463928126322,-26.88206321749192],[-49.10453715767323,-26.88204401491637],[-49.10453347215874,-26.88204483464799],[-49.10453050735538,-26.88204673812116],[-49.10452876986722,-26.88204843963835],[-49.10452822464811,-26.88205252191496],[-49.10452861584863,-26.88205984077459],[-49.10453333964485,-26.88207280113403],[-49.10453704565857,-26.8820885467387]]
     ]
    },
    "properties": {
    "OBJECTID": 66649,
    "SHAPE.LEN": 61.2505755895981
    }
  },
  {
   "type": "Feature",
    "geometry": {
    "type": "LineString",
     "coordinates": [
      [[-49.10401035888478,-26.87744607057936],[-49.10400742128594,-26.87738006963794],[-49.10400658194341,-26.87731891031982],[-49.10400412195956,-26.87723448237647],[-49.10400161716981,-26.87715485014622],[-49.10400019406815,-26.87710147046083],[-49.10399982796552,-26.87703360499711],[-49.10400135227289,-26.87699968118847],[-49.10400433242216,-26.87698080759871],[-49.10401059423945,-26.8769581637426],[-49.10401965618011,-26.87693901344705],[-49.10403174221937,-26.87692404838659],[-49.10404720127976,-26.87691045357998],[-49.10406686302165,-26.87689778796696],[-49.10408090364422,-26.87689114655938],[-49.10409367252538,-26.87688767419498],[-49.10410615042039,-26.87688650040865],[-49.10415180429833,-26.87688610307048],[-49.10420865205641,-26.87688542088332],[-49.10424769715043,-26.87688593940414],[-49.10427210220548,-26.87688909196273],[-49.10428904610837,-26.87689502273231],[-49.1043026844463,-26.87690326127144],[-49.10431024213998,-26.87691164747389],[-49.10431593525491,-26.87691868005745],[-49.10432074548819,-26.87692819733348],[-49.10432461638654,-26.87693905858468],[-49.10433722733972,-26.87706943504886],[-49.10434984906388,-26.87719084270735],[-49.10436829559964,-26.87739041441819],[-49.10437628996183,-26.87748652020598],[-49.10444734808213,-26.87748225581811],[-49.10443467429107,-26.8773546115362],[-49.10442361877354,-26.87723397584558],[-49.10441121732971,-26.8770938109986],[-49.10439890454094,-26.87696401799574],[-49.1043949082936,-26.87692085529679],[-49.10437805106901,-26.87683734073278],[-49.10436954931388,-26.87679161291688],[-49.10436613043217,-26.87674593885986],[-49.10436023149286,-26.87665804307869],[-49.10435689176262,-26.87656726900611],[-49.10435245270835,-26.87646613389447],[-49.10434736951358,-26.87636723034526],[-49.1043431697374,-26.87628227811201],[-49.10434120367231,-26.87621232696328],[-49.10433883830207,-26.87613729253451],[-49.10433553054626,-26.87603935419624],[-49.10433228590777,-26.87595180902378],[-49.10432893120453,-26.87587689309512],[-49.10432553329199,-26.8757917783209],[-49.10432219140019,-26.87571434526379],[-49.10431952266458,-26.87563758644059],[-49.10431273459896,-26.87548667854783],[-49.10430889691214,-26.87538623835749],[-49.10430284545783,-26.87528263289513],[-49.10429756552181,-26.87515136554404],[-49.10429393923883,-26.87505761902169],[-49.10428735992539,-26.87496128127826],[-49.10428200020903,-26.87487358496497],[-49.10427853288487,-26.87478509088818],[-49.10427284984885,-26.87465898269167],[-49.10426872182555,-26.87453938852826],[-49.10426224608303,-26.87439461694575],[-49.1042607170909,-26.87430226957743],[-49.10426242883378,-26.87422024248258],[-49.10426254700424,-26.87404877255858],[-49.10425993760295,-26.87395301427616],[-49.10425559112731,-26.87383378452281]]
     ]
    },
    "properties": {
    "OBJECTID": 61187,
    "SHAPE.LEN": 564.67953236817
    }
  },
  {
   "type": "Feature",
    "geometry": {
    "type": "LineString",
     "coordinates": [
      [[-49.10638025211989,-26.87372361974234],[-49.10636701609459,-26.87372815292282],[-49.10635435895516,-26.87373334010937],[-49.10634231857112,-26.87374017013705],[-49.10633006242858,-26.87375046499221],[-49.10631758036934,-26.87376308277226],[-49.10630843019612,-26.87377373786571],[-49.1062995729701,-26.87378644213581],[-49.10629278455753,-26.87380014079911],[-49.10628627117115,-26.87381539378416],[-49.1062825307757,-26.87383401717118],[-49.10628210695021,-26.87384809447828],[-49.1062821044943,-26.87386364142111],[-49.10628454566874,-26.87388160754322],[-49.10628972116417,-26.87389838009441],[-49.10629467325452,-26.87391146711639],[-49.10630621591027,-26.87393027638896],[-49.10631728664206,-26.87394382540542],[-49.10632702470518,-26.87395430131927],[-49.10634264750352,-26.87396629030728],[-49.10635647983936,-26.87397453304827],[-49.10637365236268,-26.87398212737206],[-49.10638971652546,-26.87398828707752],[-49.10640915355724,-26.87399304514644],[-49.1064293959913,-26.87399621914435],[-49.10644700963154,-26.87399606619135],[-49.10646612022478,-26.87399377883476],[-49.10648382819425,-26.87399013956414],[-49.10651489049932,-26.87397837189512],[-49.10652917805421,-26.87397016935626],[-49.10654842904999,-26.87395685882931],[-49.10655816243727,-26.87394659784118],[-49.10656863884582,-26.87393565723691],[-49.10657680133207,-26.8739236332119],[-49.10658477234555,-26.87390938897611],[-49.10659097895514,-26.87389520954805],[-49.10659463096114,-26.87388351860261],[-49.10659668400248,-26.87386842696187],[-49.10659790228978,-26.87385166789634],[-49.1065962607114,-26.87383433527469],[-49.10659337224727,-26.87382267311367],[-49.10658873017783,-26.87380825353127],[-49.1065816454577,-26.87379328854808],[-49.10657237638684,-26.87377870586938],[-49.1065629380246,-26.8737658872747],[-49.10655179560438,-26.8737541027667],[-49.10653378867169,-26.8737408353853],[-49.10652038904836,-26.87373320138589],[-49.10650598225482,-26.87372579126673],[-49.10649080132684,-26.87371959918578],[-49.10646891953721,-26.87371442476813],[-49.10645469057815,-26.8737122276338],[-49.10644147079448,-26.87371167950181],[-49.10642600458299,-26.87371246055043],[-49.10641228080724,-26.87371485710463],[-49.10639478256302,-26.87371938190407],[-49.10638025211989,-26.87372361974234]]
     ]
    },
    "properties": {
    "OBJECTID": 66664,
    "SHAPE.LEN": 98.7021573783119
    }
  },
  {
   "type": "Feature",
    "geometry": {
    "type": "LineString",
     "coordinates": [
      [[-49.10601177636925,-26.87008430636158],[-49.10604318955076,-26.8701209913694],[-49.10624256903858,-26.87031384226228],[-49.10633593106706,-26.8703943844578],[-49.1064515359036,-26.87048069341652],[-49.10658189036038,-26.87056753569161],[-49.10665558126566,-26.87061774185253],[-49.10680488189343,-26.87070423758179],[-49.10703349867051,-26.87081859976173],[-49.10711701493659,-26.87085465665988],[-49.10723382195598,-26.87089942621249],[-49.10730072280997,-26.87092498543343]]
     ]
    },
    "properties": {
    "OBJECTID": 65961,
    "SHAPE.LEN": 160.155509795708
    }
  },
  {
   "type": "Feature",
    "geometry": {
    "type": "LineString",
     "coordinates": [
      [[-49.10572306310184,-26.87019499647266],[-49.10562756650322,-26.87002223010683],[-49.10540787091895,-26.86967349721339],[-49.10520416489368,-26.86938752917741],[-49.10496221608625,-26.86907034667984],[-49.10482458889857,-26.86889220585859],[-49.10485308567903,-26.86887349121501],[-49.10480115874814,-26.86879562491124],[-49.10473789033267,-26.86871843775312]]
     ]
    },
    "properties": {
    "OBJECTID": 61201,
    "SHAPE.LEN": 194.124894071697
    }
  },
  {
   "type": "Feature",
    "geometry": {
    "type": "LineString",
     "coordinates": [
      [[-49.10211340417474,-26.88360492087385],[-49.10208150596986,-26.88358026795019],[-49.10207296567629,-26.88357043422293],[-49.10206957540797,-26.88356080959255],[-49.10206968292083,-26.8835465448634],[-49.10213821208642,-26.88334363335201],[-49.10215716859895,-26.88328367966256],[-49.1021813240732,-26.88320178731601],[-49.10221106682825,-26.88310784657838],[-49.10224007032428,-26.88301411071352],[-49.10229165132636,-26.88284809088861],[-49.10232320207326,-26.88274749621739],[-49.10236680213563,-26.88260893933594],[-49.10238223107241,-26.88255702261983],[-49.10240089551301,-26.88250170151064],[-49.10241129246298,-26.88247685325536],[-49.10243772736404,-26.88242701319239],[-49.10246779447789,-26.88238044773569],[-49.10250772805146,-26.88232969957134],[-49.10253554273163,-26.8823042079648],[-49.10257817056349,-26.88227136614885],[-49.10266434647553,-26.88221000014191],[-49.10279429932195,-26.88212140542647],[-49.10288342007624,-26.88205986130493],[-49.10298715059902,-26.88198794862236],[-49.10311233222718,-26.88190747591964],[-49.10322588042848,-26.88183482479658],[-49.10329160628206,-26.88179839555456],[-49.10331232703115,-26.88178939614977],[-49.10336406778237,-26.88177131087189],[-49.10340861792063,-26.88175894886928],[-49.10344351310682,-26.88175335654898],[-49.10348695567959,-26.88175024012454],[-49.10351636466496,-26.88175125502929],[-49.10355015748777,-26.88175447692308],[-49.10359612634321,-26.88176366586275],[-49.10364151642003,-26.88177930768781],[-49.10367832043165,-26.88179527289092],[-49.10370509086671,-26.88180981992378],[-49.1037313351525,-26.88182694397634],[-49.10376012787198,-26.88185486730976],[-49.10379119879421,-26.88189530751605],[-49.10380316496718,-26.88191656054464],[-49.1038064428598,-26.88192779834696],[-49.1038113928401,-26.8819599443039],[-49.10381909828719,-26.88202334840544],[-49.10382391588557,-26.88208283986685],[-49.10382635582814,-26.88213691822765],[-49.10382618476169,-26.88216706301732],[-49.10382408460581,-26.88223034361592],[-49.10381167651052,-26.88231201401391],[-49.10378838757939,-26.88245362492371],[-49.10378333481707,-26.88248220048205],[-49.10376318778197,-26.88254684450688],[-49.10375670436149,-26.88259943747354],[-49.1037459547884,-26.88261913730008],[-49.10371573837143,-26.88267304443441],[-49.10367860969463,-26.88273354237295],[-49.10364072763957,-26.88279575501644],[-49.10362138290552,-26.88282071611196],[-49.1036068236434,-26.8828343202006],[-49.1035916065856,-26.88284252976049],[-49.10354346646266,-26.88285333900444],[-49.10349151659615,-26.88285763641321],[-49.1033591892582,-26.88286091868452],[-49.10328485521629,-26.88286320958742],[-49.10314568584388,-26.88286791251069],[-49.1031462865767,-26.8829129457832],[-49.1032649628164,-26.88291035320789],[-49.10339730515086,-26.88290599535318],[-49.10351353470771,-26.88290423348656],[-49.10355130568911,-26.88290341830987],[-49.10357448908483,-26.88290048027039],[-49.10359209499696,-26.88289574793245],[-49.10361241486338,-26.88288846433016],[-49.10363181684703,-26.88287707610363],[-49.10365276258222,-26.88285967575284],[-49.10366983813677,-26.88284028740796],[-49.10368373440743,-26.88282172014931],[-49.10370119848682,-26.88279178043756],[-49.1037125459445,-26.88276370186652],[-49.10372108710011,-26.88274485151026],[-49.10373128909426,-26.88272925378358],[-49.10374756899876,-26.88271459509815],[-49.10375222701894,-26.88271249955863],[-49.10375562768213,-26.88271318874921],[-49.10374286694964,-26.88279101391943],[-49.1037322082022,-26.88285766447894],[-49.10372382022749,-26.88290086038296],[-49.10370550232948,-26.88297229468821],[-49.10369034142964,-26.88303170116625],[-49.10368682623039,-26.88303962014867],[-49.10368213611694,-26.88304430024419],[-49.10366765549321,-26.88305252962599],[-49.10359481707785,-26.88307151773974],[-49.10350918527126,-26.88310004310637],[-49.10342922645798,-26.88312325437964],[-49.10337479151585,-26.88313212063016],[-49.10333769836242,-26.88313730612481],[-49.1032907180525,-26.88313507051582],[-49.10324371404018,-26.88313455579313],[-49.10326900044047,-26.8831929005428],[-49.1032738397701,-26.88319531945256],[-49.10328720037995,-26.88319804683726],[-49.10329887633056,-26.88319924970676],[-49.10331150632457,-26.88320196908402],[-49.10331929698805,-26.88320226955206],[-49.10336797620069,-26.88318667312467],[-49.10345311127922,-26.88315878652355],[-49.1035604443795,-26.8831285632617],[-49.10360826716335,-26.88312241970624],[-49.1036419017934,-26.88312085308709],[-49.10364943398493,-26.88312222594229],[-49.10366272554367,-26.8831301142205],[-49.10366800659789,-26.88313597878015],[-49.10366535630396,-26.88315207952874],[-49.10365963847121,-26.88319739532945],[-49.10365745952549,-26.88323307214866],[-49.10365712480859,-26.88327651154607],[-49.10365792502505,-26.88330792034495],[-49.10366519852357,-26.88336542208931],[-49.10367973183712,-26.88342644478192],[-49.10370391861142,-26.88349424005845],[-49.10372493961231,-26.88354372009704],[-49.10375564451883,-26.88359760746113],[-49.1038034521671,-26.88366587686573],[-49.10391520398211,-26.8838161411556],[-49.10397195491501,-26.88388296909346],[-49.10397498986252,-26.88388838379385],[-49.10397470133429,-26.8838920407862],[-49.10397204758323,-26.88390027009181],[-49.10396202759682,-26.88391358223313],[-49.10394320007879,-26.88393185135716],[-49.10393591565597,-26.88393872600869],[-49.10387401513634,-26.88396963702883],[-49.10378698418123,-26.88401139092382]]
     ]
    },
    "properties": {
    "OBJECTID": 62917,
    "SHAPE.LEN": 783.3502800385661
    }
  },
  {
   "type": "Feature",
    "geometry": {
    "type": "LineString",
     "coordinates": [
      [[-49.10079886360387,-26.8794515296102],[-49.10083407373124,-26.87935686203924],[-49.10084929937741,-26.87932175058658],[-49.10085534052331,-26.87931084830783],[-49.10086195843855,-26.87930150892743],[-49.10087174912992,-26.87929016695372],[-49.10088280776908,-26.87927980327204],[-49.10089501267753,-26.87927053177657],[-49.10090822929143,-26.87926245445471],[-49.10092231421677,-26.87925565963654],[-49.10093711221058,-26.87925022195419],[-49.10095246124251,-26.87924620060473],[-49.10095611614918,-26.87924540131173],[-49.10096117906131,-26.87924472835303],[-49.10096630842827,-26.87924453555734],[-49.10097144988072,-26.87924482399894],[-49.10097654711225,-26.87924559021319],[-49.10098154285534,-26.87924682801482],[-49.10098638302727,-26.87924852133296],[-49.10099101456671,-26.87925065320792],[-49.1009953875367,-26.87925320040393],[-49.10100302517733,-26.87926047045854],[-49.1010099806602,-26.87926862850728],[-49.10101596766496,-26.87927740173265],[-49.10102091931795,-26.8792866962701],[-49.10102478299935,-26.87929640851834],[-49.10103225291047,-26.87931889110447],[-49.10105247271937,-26.8793856631765],[-49.10106610408822,-26.87943093027088],[-49.10110380256133,-26.87952644977978],[-49.10115132592509,-26.87964501513466],[-49.10125453871636,-26.87987600700175],[-49.10133132524588,-26.88003067528985],[-49.10140930748482,-26.88020258083429],[-49.10148353123973,-26.88036475205061],[-49.10153314040645,-26.88047250082901]]
     ]
    },
    "properties": {
    "OBJECTID": 61752,
    "SHAPE.LEN": 178.972485803876
    }
  },
  {
   "type": "Feature",
    "geometry": {
    "type": "LineString",
     "coordinates": [
      [[-49.10393398570645,-26.87744935722275],[-49.10392232007099,-26.87745824542072],[-49.10391173683061,-26.87746192220127],[-49.10390480112832,-26.87746403051056],[-49.1038969428861,-26.87746683767157],[-49.10389261965656,-26.87746914982559],[-49.10387986584981,-26.87747280017951],[-49.10389157171583,-26.87752470315337],[-49.10390004684328,-26.8775315510568],[-49.10390447058018,-26.87753190106005],[-49.10397531366393,-26.87750958511513],[-49.10399362880597,-26.87750053974894],[-49.10400269706314,-26.87749072403431],[-49.10400839612058,-26.87748093621172],[-49.10400982811665,-26.87746985368441],[-49.10401035888478,-26.87744607057936]]
     ]
    },
    "properties": {
    "OBJECTID": 61188,
    "SHAPE.LEN": 29.5365957710612
    }
  },
  {
   "type": "Feature",
    "geometry": {
    "type": "LineString",
     "coordinates": [
      [[-49.10297675616717,-26.87825017252787],[-49.10297424541223,-26.87829535177911],[-49.10297180138637,-26.87830103229508],[-49.1029687513611,-26.87830388501203],[-49.10294429889859,-26.8783113919598],[-49.10292376930544,-26.87831332128429],[-49.10289620966152,-26.87831390341996],[-49.10285594757347,-26.87831378696064],[-49.10283474890016,-26.87831051835192],[-49.10281502645839,-26.87830250664765],[-49.10279617898534,-26.87828989540742],[-49.1027792808444,-26.87827633555647]]
     ]
    },
    "properties": {
    "OBJECTID": 61191,
    "SHAPE.LEN": 26.3627016263762
    }
  },
  {
   "type": "Feature",
    "geometry": {
    "type": "LineString",
     "coordinates": [
      [[-49.10400796323924,-26.87056311210564],[-49.10413847944741,-26.87052153850377],[-49.10431097868406,-26.87046561466714],[-49.10432150105206,-26.87046397774828],[-49.10433204443513,-26.87046458041607],[-49.10434210237393,-26.87046683280815],[-49.10435181517312,-26.87046938293414],[-49.1043648346603,-26.87047292513162]]
     ]
    },
    "properties": {
    "OBJECTID": 61177,
    "SHAPE.LEN": 37.4896922460335
    }
  },
  {
   "type": "Feature",
    "geometry": {
    "type": "LineString",
     "coordinates": [
      [[-49.10384772034722,-26.86800814639197],[-49.10385569496336,-26.86801726567923],[-49.10385852295764,-26.86802390240292],[-49.10385924562452,-26.86802830225855],[-49.1038599482581,-26.86809465055775],[-49.10386254402082,-26.86814699903829],[-49.10386996340084,-26.86822282070604],[-49.10388269184945,-26.86836733872092],[-49.10389286014615,-26.86848988964002],[-49.10390047689352,-26.8686157765609],[-49.10391116822226,-26.86872911732836],[-49.10391450411534,-26.86877432367758],[-49.10391427158463,-26.86878898570797],[-49.10390966039226,-26.86887668638326],[-49.10390777743235,-26.86891312000942],[-49.10390407398038,-26.86898121705151],[-49.10394243936886,-26.86898756703791],[-49.10398553018537,-26.86899667462576],[-49.10401926647455,-26.86900052641084],[-49.10405362811569,-26.86900001266656],[-49.10408588965276,-26.86899525838688],[-49.10411486656626,-26.86898668362767],[-49.10415641663468,-26.86897979930442],[-49.10420557031605,-26.86897694953011],[-49.10425357609743,-26.86897721178507],[-49.10428475196957,-26.8689796816017],[-49.10429465931771,-26.86898063676698],[-49.10429796337161,-26.86898142211253],[-49.1043014571361,-26.86898447006836]]
     ]
    },
    "properties": {
    "OBJECTID": 61210,
    "SHAPE.LEN": 148.519591100081
    }
  },
  {
   "type": "Feature",
    "geometry": {
    "type": "LineString",
     "coordinates": [
      [[-49.10104887868323,-26.86652028893307],[-49.10119720837741,-26.86661070524943],[-49.10133903436095,-26.86670133910868],[-49.10149204506681,-26.86679447973665],[-49.10165692835024,-26.86689293253587],[-49.10185041347295,-26.86700357781409],[-49.10205107276861,-26.86710764370267],[-49.10226608748786,-26.86721425693872],[-49.10240264383279,-26.86728245033745],[-49.10250087593616,-26.86732897700783],[-49.10270777739652,-26.86744044305179],[-49.10281687282051,-26.86749288286232],[-49.10288655973462,-26.86752637906417],[-49.10295495699295,-26.86756237702561]]
     ]
    },
    "properties": {
    "OBJECTID": 65968,
    "SHAPE.LEN": 222.039825096117
    }
  },
  {
   "type": "Feature",
    "geometry": {
    "type": "LineString",
     "coordinates": [
      [[-49.10076640928349,-26.86640612347592],[-49.1008656797751,-26.86644245609341],[-49.10093348060612,-26.86646763134276],[-49.10094792602651,-26.86647319492276],[-49.10104774209012,-26.8665181426655],[-49.10104775207643,-26.8665181473126],[-49.10108545990123,-26.86653777249127],[-49.10116330950088,-26.86657964683546],[-49.10124672320947,-26.86662654024055],[-49.10130459503763,-26.86665955350682],[-49.10138142826244,-26.86670378245391],[-49.10146652318998,-26.86675306489167],[-49.1015501435528,-26.86680254409054],[-49.1016449465963,-26.86685862060556],[-49.10173369981361,-26.86690924092058],[-49.10185845567128,-26.86697946867534],[-49.10193751906235,-26.86702221817448],[-49.10202511542851,-26.86706830355134],[-49.10212537793426,-26.86712014416139],[-49.10225240665378,-26.86718609679575],[-49.10235951348452,-26.86723953015526],[-49.10245079502274,-26.86728523062514],[-49.10252748033828,-26.8673229999237],[-49.10260390524667,-26.86736184246584],[-49.10270760759694,-26.86741329562833],[-49.10280499083976,-26.86746101022958],[-49.10289093503629,-26.86750404204263],[-49.10295433291287,-26.86753555113921],[-49.1030088938843,-26.86756282129481],[-49.10308485993998,-26.86760095612227],[-49.10313511731119,-26.86762577030132],[-49.10320722322388,-26.86766183417438],[-49.10328267634171,-26.86769959556677],[-49.10335789348037,-26.86773666508339],[-49.10342550340754,-26.86777034706515],[-49.10348629250474,-26.86780073872432],[-49.10353823464871,-26.86782658626892],[-49.1035813293875,-26.86784797635007],[-49.10364339202133,-26.86787876953559],[-49.10370586771662,-26.86791002133416],[-49.10377014944357,-26.86794232899248],[-49.10385002198574,-26.86798275063992],[-49.10391902452187,-26.86802087012353],[-49.10397789653694,-26.86805289931572],[-49.10403425172076,-26.86808546153744],[-49.10408656621303,-26.86811657503567],[-49.10412790950432,-26.86814197780553],[-49.10417610286628,-26.86817218213863],[-49.10423012098484,-26.86820657225077],[-49.10427834256476,-26.86823828604662],[-49.10432883242849,-26.86827339056924],[-49.10438099652505,-26.8683102730564]]
     ]
    },
    "properties": {
    "OBJECTID": 65963,
    "SHAPE.LEN": 417.134892266016
    }
  },
  {
   "type": "Feature",
    "geometry": {
    "type": "LineString",
     "coordinates": [
      [[-49.09954313963512,-26.8841896876461],[-49.09953002793275,-26.88417773889991],[-49.09944399301855,-26.88409833676233],[-49.09934552286801,-26.8840035028393],[-49.09934336304141,-26.88400132383459],[-49.09925897235622,-26.88392581487721],[-49.09920241583876,-26.88387496611819],[-49.0992007966756,-26.88387319964487],[-49.09919927277669,-26.88387133426724],[-49.09919785310832,-26.88386937552145],[-49.0991965486192,-26.88386733077544],[-49.09919536821521,-26.88386520917488],[-49.09919431880466,-26.88386301893591],[-49.09919340827202,-26.88386077009302],[-49.09919264145256,-26.88385847444478],[-49.09919202421807,-26.88385614199861],[-49.09919155734836,-26.88385378630365],[-49.09919124369624,-26.88385141732669],[-49.09919108103763,-26.88384904767386],[-49.09919106917622,-26.88384668907608],[-49.09919120390548,-26.88384435230768],[-49.09919148201012,-26.8838420490589],[-49.09919189629487,-26.88383978825871],[-49.09920399339357,-26.88378761863001],[-49.09920638839136,-26.88377839130368],[-49.09920906658218,-26.8837692029887],[-49.09921202372926,-26.8837600662641],[-49.09921525757829,-26.88375099554083],[-49.09921876291637,-26.88374200157964],[-49.09922253549166,-26.883733097862],[-49.09922656906986,-26.88372429603747],[-49.09923085741666,-26.8837156077557],[-49.09925977307849,-26.88366859793316],[-49.09926782628523,-26.88365615774665],[-49.0992760082332,-26.88364378337503],[-49.09928431585814,-26.8836314774848],[-49.09929274912979,-26.88361924188069],[-49.09930130498388,-26.88360707922917],[-49.09930998342039,-26.88359498953022],[-49.09931878337259,-26.88358297637977],[-49.09932770179129,-26.88357104154193],[-49.09938411299,-26.88348927509811],[-49.099431219374,-26.88342268124067],[-49.09950627327548,-26.883323490374],[-49.0995125651452,-26.88331501045635],[-49.0995187295492,-26.88330644849387],[-49.09952476340815,-26.88329780805549],[-49.09953066669188,-26.88328909094597],[-49.09953643633613,-26.88328029983185],[-49.09954206929182,-26.88327143647727],[-49.09954756648976,-26.88326250540766],[-49.09955292390471,-26.88325350656888],[-49.09955814146121,-26.88324444447283],[-49.09956321609501,-26.88323532178606],[-49.09956814776088,-26.88322614121567],[-49.09957293443108,-26.883216903637],[-49.09957757500874,-26.88320761445079],[-49.0995820684574,-26.88319827544825],[-49.09958641374055,-26.88318888842061],[-49.09959060977641,-26.88317945786624],[-49.09959445385432,-26.88317090981162],[-49.09959799905134,-26.88316223769282],[-49.09960123809682,-26.88315345495073],[-49.09960416472645,-26.88314457503978],[-49.09960677470367,-26.88313561053908],[-49.09960906373153,-26.88312657763728],[-49.09961102856467,-26.88311748982942],[-49.09961266894651,-26.8831083624559]]
     ]
    },
    "properties": {
    "OBJECTID": 58125,
    "SHAPE.LEN": 144.750503754251
    }
  },
  {
   "type": "Feature",
    "geometry": {
    "type": "LineString",
     "coordinates": [
      [[-49.09928556431529,-26.88315057322787],[-49.09912028446555,-26.88319283273497],[-49.09891069103571,-26.88325604562064],[-49.09869935360249,-26.8833194657709],[-49.09869637680521,-26.88332093571685],[-49.09864149055544,-26.88333683686851],[-49.09863862987928,-26.88333762331908],[-49.09863578382731,-26.8833386184621],[-49.09863297854866,-26.88333982355212],[-49.09863024421769,-26.8833412398979],[-49.09862760811071,-26.88334286154855],[-49.09862509753417,-26.88334468074841],[-49.09862274186763,-26.88334668615945],[-49.09862056356729,-26.8833488591298],[-49.09861858611077,-26.88335118011876],[-49.09861682596164,-26.88335362768608],[-49.09861529662506,-26.88335617674133],[-49.0986140066047,-26.88335880032166],[-49.09861296137026,-26.88336147232589],[-49.0986121603535,-26.88336416657161],[-49.09861159792442,-26.88336685861344],[-49.09861126540382,-26.88336952577006],[-49.09861115107267,-26.88337220669462],[-49.09861126025891,-26.88337494388003],[-49.09861160540091,-26.88337771583184],[-49.09861219497219,-26.88338049739189],[-49.0986130344122,-26.88338326426379],[-49.09861412418925,-26.88338598847391],[-49.09861545769723,-26.88338864375854],[-49.09861702833,-26.88339120385395],[-49.09861882141579,-26.88339364329046],[-49.09862081819713,-26.88339594015369],[-49.09862299787371,-26.8833980743069],[-49.09862533554439,-26.88340003007108],[-49.09862780423499,-26.88340179534959],[-49.09863037790212,-26.88340336257124],[-49.0986330274532,-26.88340472592896],[-49.09863572570256,-26.88340588595938],[-49.09864269454601,-26.8834095214824],[-49.09864960531408,-26.88341325911732],[-49.09865645401175,-26.88341709700523],[-49.09866323865659,-26.88342103331429],[-49.09866995625989,-26.88342506619913],[-49.098676604809,-26.88342919563266],[-49.09868318131521,-26.88343341976951],[-49.09868968277466,-26.88343773766667],[-49.09869610824147,-26.88344214570112],[-49.09870245367526,-26.88344664472105],[-49.09870871712384,-26.88345123108988],[-49.09871489658966,-26.88345590387817],[-49.09872099009033,-26.88346066125408],[-49.0987269956585,-26.8834655004834],[-49.09873291029033,-26.88347042062315],[-49.09873873302482,-26.88347541895265],[-49.0988139900178,-26.88354116392045],[-49.09892581132469,-26.88364482818959],[-49.09902663050927,-26.88372833143433],[-49.09912092629052,-26.88381972020482],[-49.09912227490832,-26.88382075194945],[-49.09912382850955,-26.88382168446119],[-49.09912558075981,-26.88382247523359],[-49.09912751228777,-26.88382307887704],[-49.0991295905795,-26.88382345343535],[-49.09913176892694,-26.88382356307939],[-49.09913398831956,-26.88382338535315],[-49.09913618247605,-26.88382291124146],[-49.09913828277027,-26.88382215155431],[-49.09914022937615,-26.883821132564],[-49.09914197024643,-26.88381989689389],[-49.0991434723482,-26.88381849374129],[-49.09914471564014,-26.88381697789382],[-49.09914569924632,-26.88381540168926],[-49.09914643346609,-26.88381381129771],[-49.09914693875259,-26.88381224761047],[-49.09917496481042,-26.88372679854795],[-49.09917739130668,-26.88371887677479],[-49.09918000649239,-26.88371098732582],[-49.09918280824918,-26.88370313649058],[-49.09918579650147,-26.88369532878093],[-49.09918897012215,-26.88368757140235],[-49.09919232601666,-26.88367986882604],[-49.09919586307297,-26.88367222735508],[-49.09919957717517,-26.88366465234956],[-49.09920346824771,-26.88365714832133],[-49.09920753214448,-26.8836497224352],[-49.09921176578607,-26.88364237826006],[-49.09921616606292,-26.88363512116949],[-49.09922072986542,-26.88362795653712],[-49.0992254530777,-26.88362088972303],[-49.0992303306228,-26.88361392336659],[-49.09923535936098,-26.88360706464618],[-49.09929439073038,-26.8835267388151],[-49.09937708305152,-26.88342047620876],[-49.09943768134795,-26.88334941740925],[-49.09944785495045,-26.88333723860534],[-49.09945778581788,-26.88332488865498],[-49.09946746878281,-26.88331237561191],[-49.09947689671042,-26.88329970479567],[-49.09948606749756,-26.88328688159347],[-49.09949497599189,-26.88327391315668],[-49.09950361705617,-26.8832608057343],[-49.09951198755073,-26.88324756650475],[-49.09956475160971,-26.88315792735014],[-49.09956625334979,-26.88315534180915],[-49.09956757417496,-26.88315262025245],[-49.0995686927412,-26.88314977502899],[-49.09956959060271,-26.88314682574734],[-49.0995702533389,-26.88314379207023],[-49.09957066645372,-26.88314069817226],[-49.09957082351676,-26.88313756743398],[-49.09957071805228,-26.88313442594307],[-49.09957035059858,-26.88313130168668],[-49.09956972477329,-26.88312821908314],[-49.09956885021681,-26.88312520353434],[-49.09956773861241,-26.88312227866454],[-49.09956640569877,-26.88311946634735],[-49.09956486930271,-26.88311678397161],[-49.09956315229773,-26.88311424809148],[-49.09956127562016,-26.88311187072215],[-49.09955921874132,-26.88310961548427],[-49.09955694989701,-26.88310745577568],[-49.09955447575396,-26.88310541425054],[-49.0995518070193,-26.8831035127148],[-49.09954895944676,-26.8831017721397],[-49.09954594979646,-26.88310021351004],[-49.09954280197839,-26.88309885158875],[-49.09953954090881,-26.88309770115233],[-49.09953619156442,-26.88309677336774],[-49.09953278404402,-26.88309607405541],[-49.09952934647916,-26.88309560630155],[-49.09952590905922,-26.88309537051233],[-49.0995224990604,-26.88309536073668],[-49.09951914177643,-26.88309556919171],[-49.09951586356778,-26.88309598449854],[-49.09951268376578,-26.88309659428117],[-49.09940942549025,-26.88311868285889],[-49.09928556431529,-26.88315057322787]]
     ]
    },
    "properties": {
    "OBJECTID": 58124,
    "SHAPE.LEN": 265.63151373322
    }
  },
  {
   "type": "Feature",
    "geometry": {
    "type": "LineString",
     "coordinates": [
      [[-49.10094984159192,-26.88038424078601],[-49.1009517121507,-26.88038409353953],[-49.10095498147183,-26.88038414471012],[-49.10095822655943,-26.88038450152936],[-49.10095859694577,-26.88038456246845],[-49.10103898004893,-26.88039464356883],[-49.10104398819896,-26.88039532284003],[-49.10120108563395,-26.88040157918208]]
     ]
    },
    "properties": {
    "OBJECTID": 61761,
    "SHAPE.LEN": 25.067081676
    }
  },
  {
   "type": "Feature",
    "geometry": {
    "type": "LineString",
     "coordinates": [
      [[-49.10128581171769,-26.87705981822474],[-49.10116052156128,-26.87698740001368],[-49.10115592215918,-26.87698503661602],[-49.10115107075512,-26.8769831175109],[-49.10114602134032,-26.87698166418331],[-49.1011408290329,-26.87698069091273],[-49.10113555102381,-26.87698020839623],[-49.10113024456434,-26.87698022372136],[-49.10112496806282,-26.87698073496541],[-49.10111977997288,-26.87698173749857],[-49.10111473685622,-26.87698321944497],[-49.10110989230108,-26.87698516618103],[-49.10110530205901,-26.87698755408644],[-49.10110171568233,-26.87698985800594],[-49.10104954796451,-26.87702553349792],[-49.10096745223002,-26.87708017966055],[-49.10087439910107,-26.87714070680837],[-49.10079824508576,-26.87719435505679],[-49.10071757222576,-26.87725267744515],[-49.10065766772727,-26.87729362995145],[-49.10057478626533,-26.87735106240032],[-49.10048436735399,-26.87741678744517],[-49.10036925799538,-26.87749810826041],[-49.10026590976836,-26.87756947191616],[-49.10015452734488,-26.87764933625325],[-49.10005136208435,-26.87772478908108],[-49.09997322118962,-26.87777905637586],[-49.09994797589886,-26.87779851853932],[-49.09994629051402,-26.87780005372436],[-49.09994479184758,-26.87780173854112],[-49.09994349733815,-26.87780355336739],[-49.0999424213753,-26.87780548034509],[-49.09994157439904,-26.87780749705017],[-49.09994096784054,-26.87780958197447],[-49.09994060610217,-26.87781171261268],[-49.09994049462277,-26.87781386466835],[-49.09994063379474,-26.87781601467964],[-49.09994102300422,-26.87781813917125],[-49.09994165659091,-26.87782021550256],[-49.09994252990078,-26.87782222104648],[-49.099943631251,-26.87782413217879],[-49.09994494888331,-26.87782592978721],[-49.09994646905704,-26.87782759292756],[-49.0999481749524,-26.87782910422462],[-49.09994995013384,-26.87783038449056],[-49.09997676659702,-26.87784985817911],[-49.10001818354903,-26.87787647808753],[-49.10003904434524,-26.87788784231906],[-49.10008524278784,-26.87791358331813],[-49.10016013459747,-26.87794936596943],[-49.10028083367362,-26.87800443623089],[-49.10037551487594,-26.87805186460618],[-49.10048461606704,-26.87810743041256],[-49.10059274979285,-26.87816169153917],[-49.10063066933169,-26.87817940723867],[-49.10063300258822,-26.87818047928303],[-49.10063544930009,-26.87818132720778],[-49.10063798145764,-26.87818194070794],[-49.10064056998458,-26.87818231307454],[-49.10064318876307,-26.87818244124868],[-49.10064580864137,-26.87818232303327],[-49.10064839938606,-26.87818196072958],[-49.1006509337825,-26.87818135667944],[-49.10065338452557,-26.87818051863901],[-49.10065572328875,-26.87817945525322],[-49.10065792572541,-26.87817817792829],[-49.10065996741343,-26.87817670258233],[-49.10066182598854,-26.87817504245337],[-49.10066347997202,-26.87817321801197],[-49.10066491293165,-26.87817124889398],[-49.10066610842007,-26.87816915563761],[-49.10066642129961,-26.87816850186341],[-49.1007114503138,-26.87808094685752],[-49.10074443449738,-26.87802211065593],[-49.10079276512035,-26.87794386227863],[-49.10083730900411,-26.87787116709452],[-49.10089394066983,-26.87778246556935],[-49.10094328764074,-26.87770229024561],[-49.10099971998793,-26.87761056956797],[-49.10104597856165,-26.87753854269792],[-49.10110621179947,-26.87744040607299],[-49.10116467797287,-26.87734483246112],[-49.10121352427001,-26.87726508172746],[-49.10130817422928,-26.87711092861344],[-49.10130999785309,-26.87710780492253],[-49.10131144661651,-26.87710452726795],[-49.10131250582864,-26.87710113155546],[-49.101313162781,-26.87709765552265],[-49.10131341180891,-26.87709413700177],[-49.10131324926025,-26.87709061385209],[-49.10131267648404,-26.87708712580528],[-49.10131169989075,-26.87708371085584],[-49.10131033095237,-26.87708040526116],[-49.10130858515083,-26.87707724623509],[-49.10130648002583,-26.87707426831138],[-49.10130403918476,-26.87707150430015],[-49.10130128929909,-26.87706898434502],[-49.10129826111053,-26.8770667359365],[-49.10129633166021,-26.87706553213845],[-49.10128581171769,-26.87705981822474]]
     ]
    },
    "properties": {
    "OBJECTID": 61720,
    "SHAPE.LEN": 393.2560975730721
    }
  },
  {
   "type": "Feature",
    "geometry": {
    "type": "LineString",
     "coordinates": [
      [[-49.09978400367618,-26.86639843883622],[-49.09971482518325,-26.8664907217362],[-49.09962788779552,-26.86661243541606],[-49.09954804440381,-26.86671789147809],[-49.09946446486284,-26.86682781646186],[-49.09943062584853,-26.86687072494335]]
     ]
    },
    "properties": {
    "OBJECTID": 61744,
    "SHAPE.LEN": 63.0287121698825
    }
  },
  {
   "type": "Feature",
    "geometry": {
    "type": "LineString",
     "coordinates": [
      [[-49.09514469623925,-26.87159427841739],[-49.09514057794689,-26.87160346169449],[-49.09516759864787,-26.87161379765731],[-49.09528614750443,-26.87165940191443],[-49.09535159711015,-26.87168606905304],[-49.09544922568372,-26.87172294123081],[-49.09545271338409,-26.87172435925942],[-49.09545619165055,-26.87172579972526],[-49.09545965943152,-26.8717272653219],[-49.0954631167724,-26.87172875334219],[-49.09546656364291,-26.87173026559091],[-49.09546999905197,-26.87173180115212],[-49.09547342299959,-26.8717333600258],[-49.0954768355009,-26.87173494130959],[-49.09548023652565,-26.87173654680825],[-49.09548362509786,-26.87173817470344],[-49.09548700120243,-26.87173982589757],[-49.09549036486959,-26.87174149858588],[-49.09549371504779,-26.87174319546191],[-49.09549705178236,-26.87174491381857],[-49.0955003750582,-26.87174665455821],[-49.09550368487533,-26.87174841768085],[-49.09550698024261,-26.87175020227053],[-49.09551026114497,-26.87175200922967],[-49.09551352758239,-26.87175383855821],[-49.0955167785789,-26.87175568843788],[-49.09552001512559,-26.87175755978462],[-49.09552323519492,-26.87175945347367],[-49.0955264408447,-26.87176136682502],[-49.0955296300171,-26.87176330251868],[-49.09553280275752,-26.87176525784754],[-49.09553595903571,-26.87176723461633],[-49.09553909888191,-26.87176923102032],[-49.09554222127479,-26.87177124794831],[-49.09554532722055,-26.87177328541387],[-49.0955484147219,-26.87177534248749],[-49.09555148579128,-26.87177741919631],[-49.09555453843136,-26.87177951461084],[-49.09564597421622,-26.87184253032818],[-49.09571026061197,-26.87188961511535],[-49.09577883247439,-26.87194300708688],[-49.09578274005149,-26.87194597598161],[-49.09578662607492,-26.87194896985797],[-49.09579049057491,-26.87195198691122],[-49.09579433452743,-26.87195502895966],[-49.09579815593519,-26.87195809507381],[-49.09580195580439,-26.87196118526723],[-49.09580573314394,-26.87196429862397],[-49.09580948795385,-26.87196743514405],[-49.09581322021899,-26.87197059572985],[-49.09581692896339,-26.87197377856305],[-49.09582061417193,-26.87197698454603],[-49.09582427685083,-26.87198021369235],[-49.09582791500276,-26.87198346507251],[-49.09583152864287,-26.87198673778415],[-49.0958351177409,-26.87199003363203],[-49.09583868334843,-26.87199334992255],[-49.09584222342279,-26.87199668843338],[-49.09584573796398,-26.87200004916451],[-49.09584922802358,-26.87200342942237],[-49.09585269256512,-26.87200683099814],[-49.09585613058239,-26.8720102538783],[-49.09585954210564,-26.87201369625806],[-49.09586292812597,-26.87201715905339],[-49.09586628763714,-26.8720206422507],[-49.0958696206694,-26.87202414404528],[-49.09587292719252,-26.87202766624184],[-49.09587620522429,-26.87203120700855],[-49.09587945677715,-26.8720347663725],[-49.09588268082977,-26.87203834522253],[-49.09588587741238,-26.87204194175387],[-49.09588904550365,-26.87204555685537],[-49.09589218614001,-26.87204918873581],[-49.09596304953344,-26.87214542714658],[-49.09596333032584,-26.87214584792197],[-49.09596364651723,-26.87214625834342],[-49.09596399818323,-26.87214665389907],[-49.09596438335674,-26.87214703185467],[-49.09596480008582,-26.87214738857362],[-49.09596502066859,-26.87214755852324],[-49.0959652474096,-26.87214772133521],[-49.0959654813151,-26.8721478770231],[-49.09596572236995,-26.87214802648927],[-49.09596596859194,-26.87214816790186],[-49.09596621996598,-26.87214830216325],[-49.0959664765223,-26.87214842746868],[-49.09596673823066,-26.8721485456229],[-49.09596700411507,-26.87214865480762],[-49.09596727316934,-26.87214875500924],[-49.09596754537831,-26.87214884713018],[-49.09596781975093,-26.87214893025448],[-49.09596837398085,-26.87214906949962],[-49.09596893282529,-26.87214917360636],[-49.09596949026209,-26.87214924159096],[-49.09597004423345,-26.87214927613344],[-49.09597058870209,-26.87214927715244],[-49.09597113371505,-26.87214924568592],[-49.09597168229095,-26.87214918177456],[-49.09597223346896,-26.8721490826977],[-49.09597278121176,-26.87214894837395],[-49.09597332250073,-26.87214877876266],[-49.09597358983513,-26.87214868127629],[-49.09597385329587,-26.87214857471194],[-49.09597411288293,-26.8721484590696],[-49.0959743685661,-26.87214833615401],[-49.09597461936938,-26.87214820414688],[-49.09597486427143,-26.87214806393701],[-49.09597510424825,-26.87214791734272],[-49.09597533832385,-26.87214776254569],[-49.0959755654769,-26.87214760043474],[-49.09597578468605,-26.8721474318987],[-49.09597599797886,-26.8721472560623],[-49.09597620230646,-26.8721470746896],[-49.09597658807571,-26.87214669629197],[-49.09597694097246,-26.87214629759462],[-49.09597725688113,-26.87214588395758],[-49.09597753778393,-26.8721454572127],[-49.09597778157769,-26.87214502274712],[-49.09597949330041,-26.87214251407934],[-49.09598123699517,-26.87214001938106],[-49.09598301366818,-26.87213753866583],[-49.09598482129189,-26.87213507280891],[-49.09598666088761,-26.87213262092151],[-49.09598853141893,-26.87213018479478],[-49.0959904328858,-26.87212776442873],[-49.09599236527313,-26.87212536072575],[-49.09599432859604,-26.87212297278345],[-49.09599632079672,-26.87212060328185],[-49.09599834391786,-26.8721182504433],[-49.09600039591677,-26.87211591604543],[-49.09600247679346,-26.87211360008826],[-49.0960045865328,-26.87211130347414],[-49.09600672513481,-26.87210902620308],[-49.09600889157814,-26.8721067691639],[-49.09601108487168,-26.87210453144065],[-49.09601330599144,-26.87210231485166],[-49.09601555393118,-26.87210011938334],[-49.0960178276847,-26.87209794502216],[-49.09602012723686,-26.87209579267046],[-49.09602245258768,-26.87209366232826],[-49.0960248027158,-26.8720915548844],[-49.09602717762125,-26.87208947033883],[-49.09602957730402,-26.87208740869158],[-49.09603199973655,-26.8720853708179],[-49.09603444491886,-26.87208335671778],[-49.09603691384202,-26.87208136730715],[-49.09603940449363,-26.87207940255892],[-49.09604191688878,-26.87207746157068],[-49.09604444997592,-26.87207554703602],[-49.09604700378528,-26.87207365715018],[-49.09604926590951,-26.872072056672],[-49.09605155378708,-26.87207048091047],[-49.09605386740284,-26.87206893076792],[-49.09605620573546,-26.87206740713319],[-49.09605856977605,-26.8720659109222],[-49.0960609575273,-26.87206444120545],[-49.09606336895897,-26.87206299978772],[-49.09606580307995,-26.87206158575305],[-49.09606825883869,-26.872060201795],[-49.09607073727164,-26.8720588461224],[-49.09607323633612,-26.87205752051286],[-49.0960744932184,-26.87205686954065],[-49.09607575502592,-26.87205622495284],[-49.09607702172844,-26.87205558855419],[-49.09607829332594,-26.87205496034469],[-49.09607956983356,-26.87205433942199],[-49.09608085123616,-26.87205372668845],[-49.09608213654266,-26.87205312122812],[-49.09608342573795,-26.8720525239434],[-49.09608472084956,-26.87205193395902],[-49.09608601884374,-26.87205135213668],[-49.09608732173291,-26.8720507785035],[-49.09608862851086,-26.87205021304592],[-49.09608993917759,-26.87204965576392],[-49.09609125373309,-26.87204910665754],[-49.09609257217739,-26.87204856572676],[-49.09609389452557,-26.8720480320692],[-49.09609521974121,-26.87204750747605],[-49.09609654884562,-26.8720469910585],[-49.0960978808326,-26.872046482803],[-49.09609921670837,-26.87204598272309],[-49.09610189809869,-26.87204500796533],[-49.09610459100416,-26.8720440667581],[-49.09610729540967,-26.87204316000379],[-49.0961100103241,-26.87204228678646],[-49.09611273474128,-26.87204144709253],[-49.09611546762472,-26.87204064271322],[-49.09611820898956,-26.87203987274614],[-49.09612095782959,-26.87203913717774],[-49.09612371213237,-26.87203843598089],[-49.09612647290414,-26.87203776916917],[-49.09612923811733,-26.87203713761783],[-49.09621907863951,-26.87201235927767],[-49.09629382477645,-26.8719935728121],[-49.09629408257721,-26.87199344360639],[-49.09629433751046,-26.87199330533624],[-49.09629458959139,-26.8719931570993],[-49.09629483680751,-26.87199299886843],[-49.09629508014994,-26.87199283155958],[-49.09629531762137,-26.87199265424327],[-49.09629554920669,-26.87199246782186],[-49.09629577389968,-26.87199227228179],[-49.09629599170032,-26.87199206762307],[-49.09629620158731,-26.87199185473451],[-49.09629640256952,-26.87199163270019],[-49.09629659560785,-26.87199140424078],[-49.09629677771386,-26.87199116751086],[-49.09629695086976,-26.87199092434231],[-49.09629711306311,-26.87199067470799],[-49.09629726429392,-26.87199041860793],[-49.09629740352574,-26.8719901578333],[-49.09629753176479,-26.87198989239766],[-49.09629764798972,-26.87198962318984],[-49.09629775220055,-26.87198935020984],[-49.09629784436704,-26.8719890752624],[-49.0962979245043,-26.87198879744514],[-49.09629799157588,-26.87198851854928],[-49.09629804657288,-26.87198823949072],[-49.09629808951043,-26.87198795936712],[-49.0962981213645,-26.87198767999676],[-49.09629814010756,-26.87198740225491],[-49.09629814776711,-26.8719871252663],[-49.09629814330675,-26.87198685082214],[-49.09629812872378,-26.87198657985192],[-49.09629810202087,-26.87198631142615],[-49.09629806620158,-26.87198604648784],[-49.09629801928368,-26.87198578320517],[-49.09629796231876,-26.87198551888455],[-49.09629789329436,-26.87198525349888],[-49.0962978121803,-26.8719849888529],[-49.09629771999786,-26.8719847240578],[-49.09629761572573,-26.87198446000237],[-49.09629750035501,-26.87198419760258],[-49.09629737286436,-26.87198393774722],[-49.09629723323867,-26.87198368133869],[-49.09629708248414,-26.87198342839054],[-49.09629691959459,-26.8719831788892],[-49.09629674655216,-26.87198293466654],[-49.09629656134447,-26.87198269569545],[-49.09629636697504,-26.87198246291898],[-49.0962961614163,-26.87198223721239],[-49.09629594669583,-26.87198201770041],[-49.09629572177714,-26.87198180617424],[-49.09629548867268,-26.87198160266099],[-49.09629524736735,-26.87198140806303],[-49.09629499886734,-26.87198122239395],[-49.09629474216644,-26.87198104564015],[-49.09629448026818,-26.8719808787447],[-49.09629421216636,-26.87198072169404],[-49.09629393987339,-26.87198057451528],[-49.09629366238305,-26.87198043719486],[-49.09629338167755,-26.87198031156466],[-49.09629309880845,-26.87198019493108],[-49.09629281273931,-26.87198008908535],[-49.09629252548255,-26.87197999405457],[-49.09629223705327,-26.87197990893636],[-49.0962919484426,-26.87197983464664],[-49.09629166068697,-26.87197976939425],[-49.09620476222494,-26.87194608404954],[-49.09607407913943,-26.8718940450118],[-49.09607063274209,-26.87189274398732],[-49.09606718215369,-26.87189145283466],[-49.0960637263831,-26.87189017063788],[-49.09606026642144,-26.87188889831291],[-49.0960568012776,-26.87188763494383],[-49.09605333194268,-26.87188638144655],[-49.0960498584318,-26.87188513691872],[-49.09604638072984,-26.87188390226269],[-49.09604289885193,-26.87188267657611],[-49.09603941278291,-26.87188146076133],[-49.0960359215166,-26.87188025480481],[-49.09603242708054,-26.87187905783128],[-49.09602892744719,-26.87187787071601],[-49.09602542464407,-26.87187669258372],[-49.09602191764987,-26.87187552432326],[-49.09601840646459,-26.87187436593458],[-49.09601489108822,-26.87187321741774],[-49.09601137254209,-26.87187207788387],[-49.09600784980486,-26.87187094822182],[-49.09600432287655,-26.87186982843158],[-49.09600079277848,-26.87186871762433],[-49.09599725948041,-26.87186761760482],[-49.09599372200637,-26.87186652655474],[-49.09599018034124,-26.87186544537648],[-49.09598663549122,-26.87186437408357],[-49.09598308747144,-26.87186331177366],[-49.09597953625165,-26.87186226025149],[-49.09597598084078,-26.87186121860111],[-49.09597242226014,-26.87186018593373],[-49.09596886150082,-26.87185916316528],[-49.09596529653529,-26.87185815117101],[-49.09596172839998,-26.87185714815971],[-49.0958673137355,-26.87183086898137],[-49.09569630106822,-26.87178290370238],[-49.09553892729704,-26.87173989398931],[-49.09545772772366,-26.87171533607338],[-49.09545470653969,-26.8717144866398],[-49.09545168960747,-26.87171362372478],[-49.09544867697237,-26.8717127446212],[-49.09544566758281,-26.87171185202262],[-49.09544266246012,-26.87171094504024],[-49.09543966262564,-26.87171002278523],[-49.09543666705805,-26.87170908614641],[-49.09543367676354,-26.87170813513734],[-49.09543069073592,-26.87170716974446],[-49.09542770998139,-26.87170618998133],[-49.09542473449995,-26.87170519584796],[-49.09542176429159,-26.87170418734434],[-49.09541879935635,-26.87170316447049],[-49.09541584068528,-26.87170212814231],[-49.09541288728732,-26.8717010774439],[-49.09540994117487,-26.87170001240237],[-49.09540700033552,-26.8716989329906],[-49.09540406576036,-26.87169784012452],[-49.09540113746451,-26.87169673290176],[-49.09539821543285,-26.8716956122247],[-49.09539530068672,-26.87169447720452],[-49.09539239321097,-26.8716933287436],[-49.09538949199943,-26.87169216682838],[-49.09538659906451,-26.87169099148598],[-49.0953837124089,-26.87168980178691],[-49.09538083401479,-26.87168859956304],[-49.0953779629062,-26.87168738299605],[-49.09537509905289,-26.8716861538907],[-49.09537224347621,-26.87168491135819],[-49.09536939617615,-26.87168365539849],[-49.0953665561465,-26.87168238599806],[-49.09536372538455,-26.8716811040864],[-49.09528609984523,-26.87164993592729],[-49.09514469623925,-26.87159427841739]]
     ]
    },
    "properties": {
    "OBJECTID": 66667,
    "SHAPE.LEN": 267.037225204118
    }
  },
  {
   "type": "Feature",
    "geometry": {
    "type": "LineString",
     "coordinates": [
      [[-49.1181510118037,-26.88191745014416],[-49.11813646109926,-26.88193556703895],[-49.11812512598378,-26.881943312747],[-49.11810768661091,-26.88194836144165],[-49.11809718105325,-26.88195117564458],[-49.11808340669575,-26.88195177648494],[-49.11806463089898,-26.88194830411877],[-49.11799610043372,-26.88192238499748],[-49.11790225392354,-26.88187888917744],[-49.11780623627301,-26.8818368581464],[-49.11769449223332,-26.88178786255517],[-49.11763866914959,-26.88175637486157],[-49.11762305529996,-26.88174468050747],[-49.1176166434774,-26.88173509536301],[-49.11761179849997,-26.8817195171759],[-49.11761099885149,-26.88169852955018],[-49.11761325438815,-26.88167867476394],[-49.11761783318255,-26.88166585499321],[-49.11767803148279,-26.88155965303234],[-49.11778710291132,-26.88136445933517],[-49.11788497002044,-26.88119120972508],[-49.11798351321672,-26.88101947816092],[-49.11802478630425,-26.88095056328833],[-49.11807241783316,-26.88086875303538],[-49.11808923646722,-26.8808450856706],[-49.11810429475113,-26.88083052720652],[-49.11811631070064,-26.88082408577403],[-49.11813085819438,-26.88082091744198],[-49.11814859351145,-26.88081834756727],[-49.11816069175622,-26.88081836070934],[-49.11818052660204,-26.88082217570486],[-49.11820362010058,-26.88082863264853],[-49.11829258500229,-26.88086795013976],[-49.11842633925507,-26.88092897471829],[-49.11857788784306,-26.88099979815585],[-49.11859121218911,-26.88100800771977],[-49.11860393433304,-26.88102158325348],[-49.11860943570901,-26.88103448586622],[-49.118614203235,-26.88105328883199],[-49.11861697837255,-26.88107108686033],[-49.11861626715078,-26.8810809688175],[-49.11861440798803,-26.8810941624145],[-49.11860723931471,-26.88111112760218],[-49.11850870253004,-26.88128264400111],[-49.11842925213106,-26.88142494424158],[-49.11837509666792,-26.88151663315083],[-49.11831396266093,-26.88162722758594],[-49.11823747095741,-26.8817648501967],[-49.11816169045039,-26.88190248674372],[-49.1181510118037,-26.88191745014416]]
     ]
    },
    "properties": {
    "OBJECTID": 61371,
    "SHAPE.LEN": 339.131804557231
    }
  },
  {
   "type": "Feature",
    "geometry": {
    "type": "LineString",
     "coordinates": [
      [[-49.11485001327267,-26.87970348730491],[-49.11484972586787,-26.8797041874852],[-49.11484160856748,-26.87972400551145],[-49.11482080018158,-26.87975831394865],[-49.11479996635789,-26.87979391183523],[-49.11474044407005,-26.87989731089863],[-49.11467449182253,-26.88000684743475],[-49.11462558310979,-26.88008847154227],[-49.11458289628209,-26.88016223322386],[-49.11453190232364,-26.88025135249787],[-49.11447502398661,-26.88034339249475],[-49.11440878338863,-26.88045529070393],[-49.11438005946665,-26.88050990985242],[-49.11433531059801,-26.88058987716202],[-49.11429537903511,-26.8806591644022],[-49.11427104338129,-26.88070008491942],[-49.11424791869131,-26.88074124002208],[-49.11422607271098,-26.88077897334596],[-49.11422023082124,-26.88079243411666],[-49.11421547573993,-26.88081257858625],[-49.11421457226003,-26.88083450382238],[-49.11421839198339,-26.88085069481501],[-49.11422950748076,-26.88087904442697],[-49.11424915250817,-26.8809058047248],[-49.11426495437768,-26.88091766441059],[-49.11428780326136,-26.88092920207345],[-49.11430448029859,-26.88093333197697],[-49.1143175573909,-26.88093525484389],[-49.11435224364718,-26.88093729737619],[-49.11438355260908,-26.88093821171877],[-49.11440613383345,-26.8809383461575],[-49.11442072859155,-26.8809370661462],[-49.11448757736384,-26.88092067845659],[-49.11454609126293,-26.88090846315167],[-49.1145809668615,-26.880900614031],[-49.11461729038251,-26.88089321746648],[-49.11464578392223,-26.88088892597933],[-49.11467500140864,-26.88088486167092],[-49.11469614284898,-26.88088411307458],[-49.11471557655129,-26.88088376860605],[-49.11473499396853,-26.88088428407993],[-49.11475147279899,-26.88088604471091],[-49.11477514543145,-26.8808926480329],[-49.11482002082759,-26.88090796895179],[-49.11485980205638,-26.88092299532764],[-49.11489907383898,-26.88093930468673],[-49.11492729764336,-26.88094920538308],[-49.11498301115634,-26.88096920997344],[-49.11500711183248,-26.88097883179462],[-49.11501356607679,-26.88099057569265],[-49.11500484995084,-26.88101408542357],[-49.11500917093497,-26.8810165141699],[-49.11498824340234,-26.8810684223181],[-49.11502127597103,-26.88111662513288],[-49.11503088895976,-26.8811092475178],[-49.11512182073017,-26.88124943531217],[-49.11523151980766,-26.88118875247483],[-49.11516514740136,-26.88109556685928],[-49.11512071343636,-26.8811209061224],[-49.1150891496216,-26.88107208028744],[-49.11507426225351,-26.88103919185558],[-49.11507205672208,-26.88102798392422],[-49.11507186754172,-26.88101293803325],[-49.11507485489783,-26.88099686496582],[-49.11508154449709,-26.88097762358652],[-49.11508995555704,-26.8809573329068],[-49.11512316363832,-26.88089808632134],[-49.1151457917561,-26.88085845251399],[-49.11515149964833,-26.88085209054132],[-49.11516599944549,-26.88084306591699],[-49.11518437687161,-26.88083431506399],[-49.11519804646005,-26.88083043582155],[-49.11520996203954,-26.8808293248676],[-49.11522401143299,-26.88083082377272],[-49.1153063484247,-26.88085290106641],[-49.11545334257553,-26.88089507044672],[-49.115573800333,-26.88092889150374],[-49.11568627205239,-26.88096151832134],[-49.11577219357887,-26.88098644207742],[-49.11578996463622,-26.88099616346777],[-49.11580260991521,-26.88100731297218],[-49.11580968251936,-26.88101794858817],[-49.1158166743279,-26.88103266641699],[-49.11582127353902,-26.88104562929976],[-49.11582224573051,-26.88105789394452],[-49.11581928032905,-26.88107289234677],[-49.11578458073436,-26.88117080035912],[-49.11573318576684,-26.881315308119],[-49.11566534013024,-26.88129688667642],[-49.1156195927676,-26.88142579093152],[-49.11576490187778,-26.8814672903868],[-49.11581860856663,-26.88131636990515],[-49.11585718370235,-26.88120648483903],[-49.11589546184791,-26.88109939019748],[-49.11589927941938,-26.88109042068798],[-49.11590650331355,-26.88108107329806],[-49.11592062680879,-26.8810664556775],[-49.11593440259601,-26.88105720559912],[-49.11595175457654,-26.88105123266179],[-49.11597244837701,-26.88104810320574],[-49.11598724260902,-26.88104875451512],[-49.11602636338852,-26.88105900972688],[-49.11614921056287,-26.88109480002036],[-49.1163189187146,-26.88114225098592],[-49.11646807189855,-26.88118574152962],[-49.11663702639925,-26.8812344700615],[-49.1168646525736,-26.88129911778916],[-49.11701261802782,-26.88134130034056],[-49.11705861086958,-26.88121218492924],[-49.11691522637508,-26.88117157532611],[-49.11689367494617,-26.88123056707821],[-49.11676743828708,-26.88119429628404],[-49.1166663041023,-26.88116527836032],[-49.1165562336152,-26.88113397682235],[-49.11643698786723,-26.88110017455104],[-49.11631123755394,-26.88106391074668],[-49.11621853768804,-26.88103802683049],[-49.11613358605684,-26.88101311808064],[-49.11604426164362,-26.88098835855806],[-49.1159764461047,-26.88096843396604],[-49.1159161062871,-26.88095098465037],[-49.11585841074373,-26.88093486398142],[-49.11578768667991,-26.88091468027731],[-49.11567085229792,-26.88088177331162],[-49.11554559566666,-26.88084508670043],[-49.11541162547882,-26.88080719521848],[-49.11531459950349,-26.88077909673617],[-49.11528564504782,-26.88077028300888],[-49.11527098707181,-26.88076275665757],[-49.11525547239981,-26.88074941525946],[-49.11524573935639,-26.88073830997947],[-49.11524038626825,-26.88072662500961],[-49.11523823968378,-26.8807124095539],[-49.11524069828348,-26.88069847757644],[-49.11524815094232,-26.88067752784749],[-49.11525878659613,-26.88065467551657],[-49.11528920010858,-26.88060072316215],[-49.11536131790594,-26.88047384871954],[-49.11541057163815,-26.88038706075296],[-49.11548251992794,-26.88025631098445],[-49.11548965386793,-26.8802514744324],[-49.11549672623931,-26.88024986379704],[-49.11551154965424,-26.88024923477459],[-49.11553430963333,-26.88025260176084],[-49.11557300327603,-26.88026073663444],[-49.11561328509911,-26.88027470351986],[-49.11568501084806,-26.88029497105918],[-49.11575983886124,-26.88031808246578],[-49.11584194563879,-26.88034152378241],[-49.11590762357955,-26.880360620226],[-49.11603343491073,-26.88039679130313],[-49.11616071867532,-26.88043212445142],[-49.11626942357484,-26.88046135919394],[-49.11637758554546,-26.88049359673442],[-49.11647872759544,-26.88052464937172],[-49.11655817679883,-26.88054740227982],[-49.1166347535646,-26.88056796057436],[-49.11671755572019,-26.88059313279674],[-49.11682887718561,-26.88062520362437],[-49.11691511926941,-26.88064827885501],[-49.11697067635347,-26.88066334434873],[-49.11705326512025,-26.88068700802381],[-49.11711196162727,-26.88070298269303],[-49.11718247540701,-26.8807232306289],[-49.11725107966824,-26.8807417273389],[-49.11732477713259,-26.88076051844384],[-49.11735308746463,-26.88066415220145],[-49.11729191757871,-26.88065050492697],[-49.11728624545578,-26.88066716595927],[-49.11728143256992,-26.88067728838585],[-49.1172779494299,-26.88068163394099],[-49.11727134366743,-26.88068442334179],[-49.11726393151672,-26.88068515764069],[-49.11721648754691,-26.88067436943118],[-49.11715419945031,-26.88065792723319],[-49.1170659703373,-26.88063291398709],[-49.11699769503082,-26.88061358397686],[-49.11690104540512,-26.88058650609781],[-49.11682387826737,-26.88056445893416],[-49.11673949097845,-26.88054079552277],[-49.11665631582719,-26.8805169352124],[-49.11657457446379,-26.88049395774364],[-49.11647551358497,-26.88046662720182],[-49.11640700412065,-26.88044686325822],[-49.11631273931571,-26.88042154162372],[-49.11624034857146,-26.88040257788652],[-49.11611287955711,-26.88036943291204],[-49.11604410430796,-26.88035095504526],[-49.11584778200395,-26.88029051625871],[-49.11577188232251,-26.88026526411614],[-49.11570438795645,-26.88024293559923],[-49.1156580257578,-26.88022781446159],[-49.11562049894867,-26.88021681141955],[-49.11558026150362,-26.88020350762562],[-49.11556563363063,-26.88019489770441],[-49.11555537606085,-26.88018592457325],[-49.11555021888847,-26.88017638405985],[-49.11554773644939,-26.88016645501183],[-49.11554938281386,-26.88015615863129],[-49.11555894678495,-26.88013716677008],[-49.11559909128169,-26.88006402613122],[-49.11563845681231,-26.87999366858587],[-49.11567147206704,-26.87993891143183],[-49.11570924711778,-26.87987584087213],[-49.1157419882519,-26.87982279946485],[-49.11576575324436,-26.87978316806364],[-49.11579750901529,-26.87973097185571],[-49.1158317483583,-26.87967558834294],[-49.11584919110226,-26.87965005129894],[-49.1158632242939,-26.87963843988152],[-49.1158730259484,-26.87963278414018],[-49.11588399589732,-26.87962951145858],[-49.11589880684758,-26.87962823326777],[-49.11591237829722,-26.87962844044466],[-49.1159254179,-26.87963122101582],[-49.11595435997356,-26.87963918961962],[-49.11601728696324,-26.87965778628458],[-49.11610380863102,-26.8796851295165],[-49.11619252360612,-26.87971186201221],[-49.11627928788049,-26.87973920837471],[-49.11634798694432,-26.87976025836791],[-49.11640921396045,-26.87977904340039],[-49.11647528716822,-26.87979790204717],[-49.11653723617741,-26.87981691327222],[-49.1165753011925,-26.87982975278367],[-49.11661575676236,-26.87984434899519],[-49.11663548248752,-26.87985260707141],[-49.11666545314056,-26.87987048337818],[-49.11670842379919,-26.87989328960809],[-49.11675711508875,-26.87992134389727],[-49.11681497149515,-26.87995190407353],[-49.1168924977931,-26.87999373074181],[-49.11695109350005,-26.88002365717691],[-49.1170046239561,-26.88005221544799],[-49.11706462242658,-26.88008495854841],[-49.11712464077399,-26.8801166260085],[-49.11716787396786,-26.88013836062577],[-49.11722789235921,-26.88017002894711],[-49.11729995251685,-26.88020596629429],[-49.11736476225258,-26.88024071846406],[-49.11739263184683,-26.88025426219672],[-49.11740404974788,-26.88025293141181],[-49.1174132789314,-26.88025199747804],[-49.1174318211983,-26.88025873235956],[-49.11747717561829,-26.8802837246026],[-49.11749894228495,-26.88029954002553],[-49.11751558875308,-26.88031699671026],[-49.11754745000458,-26.88035059939746],[-49.1175735230085,-26.88038260770237],[-49.11760881262318,-26.88044056086459],[-49.11764605203405,-26.88049789916467],[-49.11767941526978,-26.8805420613214],[-49.11770494030745,-26.88057750115103],[-49.11772040222595,-26.88059343561615],[-49.11773969455736,-26.88061200792543],[-49.11778312178214,-26.88063632634261],[-49.11782589468288,-26.8806567630375],[-49.11788117813821,-26.8806823378401],[-49.11792896761732,-26.88070672245736],[-49.1179652013475,-26.88072684453894],[-49.11798049198591,-26.8807389046064],[-49.11799637953384,-26.88075807055216],[-49.11800746763932,-26.88077458303993],[-49.11800858365157,-26.8807797606935],[-49.1180102874421,-26.8807924737356],[-49.11800881621242,-26.88080642795431],[-49.11796042815864,-26.88090589259479],[-49.11789427563358,-26.88102207197857],[-49.11783837809443,-26.88112120635595],[-49.11777898005576,-26.88122609226922],[-49.11770483641208,-26.88135483735848],[-49.11759183256514,-26.88155287136894],[-49.11756375592131,-26.88160275945758],[-49.11750787048871,-26.88170124848779],[-49.11747201400867,-26.8817654236864],[-49.11754847710017,-26.88179927868701],[-49.11765904499201,-26.88185042763024],[-49.11775352151302,-26.88189337420504],[-49.11785017972537,-26.88193635430085],[-49.11790688179015,-26.8819638858645],[-49.11799151445313,-26.88200173601201],[-49.11803748989986,-26.88201942634122],[-49.11804631357074,-26.88202730251437],[-49.11804933618351,-26.8820342295051],[-49.11805202172868,-26.88204631298477],[-49.11804726469812,-26.88208064530832],[-49.11803016638485,-26.88212683022522],[-49.11800877239529,-26.88216929431692],[-49.1179808031012,-26.88222649394963],[-49.11796864034373,-26.88225490773461],[-49.11796098773605,-26.88227543344754],[-49.11795855097303,-26.88228915817771],[-49.11796274202187,-26.88231158548059],[-49.11796801293946,-26.88232800783342],[-49.11798843600928,-26.88237713233075],[-49.11799170524104,-26.8823845445886]]
     ]
    },
    "properties": {
    "OBJECTID": 60293,
    "SHAPE.LEN": 1846.18013527935
    }
  },
  {
   "type": "Feature",
    "geometry": {
    "type": "LineString",
     "coordinates": [
      [[-49.11828291831286,-26.87909159445459],[-49.11828468902559,-26.87908939136278],[-49.1182893195402,-26.87908741319836],[-49.11833379766406,-26.87907997894535],[-49.11835341351094,-26.87907414957398],[-49.11838680597118,-26.87905911500273],[-49.1184717228669,-26.8790133855823],[-49.11852045214376,-26.87898779913333],[-49.11850163792786,-26.87895993486732],[-49.11841932788454,-26.87900846364713],[-49.11837649478785,-26.87903501854175],[-49.11835600898843,-26.8790453041261],[-49.11832944838443,-26.87905410076059],[-49.11831509641847,-26.87905538351901],[-49.11829863775404,-26.87905448284174]]
     ]
    },
    "properties": {
    "OBJECTID": 61379,
    "SHAPE.LEN": 53.31481679425301
    }
  },
  {
   "type": "Feature",
    "geometry": {
    "type": "LineString",
     "coordinates": [
      [[-49.11641720621343,-26.87478863500779],[-49.11652400923578,-26.87484637292259],[-49.11666141447019,-26.87491818383025],[-49.11683503308586,-26.87500467766855],[-49.11698025507845,-26.87507363018271],[-49.11711540796567,-26.87513830008254],[-49.1172833267727,-26.87522016659732],[-49.11744690307646,-26.87529624996007],[-49.11761280832855,-26.87537119532248],[-49.11775254910166,-26.87543133160388],[-49.11784411744952,-26.87547053138213]]
     ]
    },
    "properties": {
    "OBJECTID": 64615,
    "SHAPE.LEN": 160.726112929215
    }
  },
  {
   "type": "Feature",
    "geometry": {
    "type": "LineString",
     "coordinates": [
      [[-49.11577415913415,-26.87467083613186],[-49.11584943714308,-26.8747020387211],[-49.11595171230367,-26.87474298455355],[-49.11602523092611,-26.87477359044961],[-49.11611264958679,-26.87480871315592],[-49.11622663356943,-26.87485328265101],[-49.11634949752039,-26.8749083095588],[-49.11648352485427,-26.87496974551659],[-49.11661597240206,-26.87502406326637],[-49.11677996711038,-26.87509671771435],[-49.11693309658223,-26.87516017333384],[-49.11708644735687,-26.87522492243945],[-49.11710955109317,-26.87523451614037]]
     ]
    },
    "properties": {
    "OBJECTID": 64607,
    "SHAPE.LEN": 146.684956661257
    }
  },
  {
   "type": "Feature",
    "geometry": {
    "type": "LineString",
     "coordinates": [
      [[-49.11878340700267,-26.87070526100273],[-49.11871775118235,-26.87067600685602],[-49.11858897502876,-26.87061791402829],[-49.11848818504868,-26.87057319188669],[-49.11835308491422,-26.87051095210412],[-49.11822993105341,-26.87045389508544],[-49.11819122746736,-26.8704366998582]]
     ]
    },
    "properties": {
    "OBJECTID": 61405,
    "SHAPE.LEN": 65.94362038395479
    }
  },
  {
   "type": "Feature",
    "geometry": {
    "type": "LineString",
     "coordinates": [
      [[-49.1181480062967,-26.87047813872751],[-49.11815017276831,-26.87048053235607],[-49.1181506303364,-26.87048407929521],[-49.11814916946991,-26.87048933816295],[-49.11809803603489,-26.87060320074877],[-49.11803262558588,-26.87072244662624],[-49.11795391906391,-26.87086629677135],[-49.1179426459625,-26.87088677522187],[-49.11791772595991,-26.87093232625428],[-49.11787341015565,-26.87101759987629],[-49.11783786230139,-26.87108422370688],[-49.117880027455,-26.87110614324746],[-49.11797781272584,-26.87091456309648],[-49.11801251305242,-26.87083730179054],[-49.11806682308982,-26.87074087709536],[-49.11809984566789,-26.87068530692945],[-49.11811828207014,-26.87065622654741],[-49.11819198589099,-26.87050862892269],[-49.11819417461586,-26.87050542410535],[-49.11819845387363,-26.87050415429339]]
     ]
    },
    "properties": {
    "OBJECTID": 61402,
    "SHAPE.LEN": 153.036688483597
    }
  },
  {
   "type": "Feature",
    "geometry": {
    "type": "LineString",
     "coordinates": [
      [[-49.11797610136622,-26.86738853768192],[-49.11792715376492,-26.86735565171488],[-49.11783936661628,-26.8672683279204],[-49.11786493965189,-26.86724631326764],[-49.11790480508564,-26.8672860841682],[-49.11790924337331,-26.8672888781167],[-49.11791596789286,-26.86729023310371],[-49.11792524112176,-26.86728815520098],[-49.11793423403357,-26.86728252369197],[-49.11802419054596,-26.86718145689246],[-49.11804743793028,-26.86719377179518],[-49.11796222515276,-26.86729699488577],[-49.11794474449519,-26.86732084217616],[-49.1179438302572,-26.86732579061486],[-49.11794426702475,-26.86733199088232],[-49.11794692709253,-26.8673362982514],[-49.11799022557463,-26.86736718737005]]
     ]
    },
    "properties": {
    "OBJECTID": 61437,
    "SHAPE.LEN": 73.5108960965902
    }
  },
  {
   "type": "Feature",
    "geometry": {
    "type": "LineString",
     "coordinates": [
      [[-49.11426238419633,-26.87924506288066],[-49.11426442794028,-26.87925218627614],[-49.11426974439055,-26.87926334007022],[-49.11427634472308,-26.87927160919464],[-49.11429188643453,-26.87928130190481],[-49.11432470587231,-26.87929985213542],[-49.11436156404824,-26.87931921534016],[-49.11442671765323,-26.87934953539371],[-49.1144976820075,-26.87938445762713],[-49.11456586508721,-26.87941697342353],[-49.11463749004167,-26.87945588389909],[-49.11468351184689,-26.87947796334635],[-49.11475143780606,-26.87951112007049],[-49.11485860618158,-26.8795679706686],[-49.11488233914156,-26.87958790593483],[-49.1149007539347,-26.87960582426016],[-49.11491532310531,-26.87961474936715],[-49.11497113595973,-26.87963891888602]]
     ]
    },
    "properties": {
    "OBJECTID": 60295,
    "SHAPE.LEN": 83.68374142967789
    }
  },
  {
   "type": "Feature",
    "geometry": {
    "type": "LineString",
     "coordinates": [
      [[-49.1138086439965,-26.87376453424817],[-49.11375917540913,-26.87380151251335],[-49.11372496413028,-26.87382864778596],[-49.11370610552701,-26.87384722933905],[-49.11369392646864,-26.87386237637663],[-49.11368747075857,-26.87387300115675],[-49.11368240120142,-26.87388161001762],[-49.1136790226151,-26.87389142474214],[-49.1136769504717,-26.87390329765178],[-49.11367586741446,-26.87392076444535],[-49.11367706626394,-26.87394051997018],[-49.11368083124726,-26.87395441587928],[-49.11368620785591,-26.87396726464488],[-49.11369156248982,-26.87397507128088],[-49.11369767246669,-26.87398181753604],[-49.11370275247195,-26.87398500829927],[-49.11370762504924,-26.87398626476257],[-49.11375240440917,-26.87398804136259],[-49.11381448937617,-26.87398773023772],[-49.11384633638505,-26.87398715893402],[-49.11386543210827,-26.87398745898284],[-49.11390276169561,-26.87398826057749],[-49.11394801915786,-26.87399058143818],[-49.11397271387028,-26.87399257815701],[-49.11401828149627,-26.873997799529],[-49.11406408372666,-26.87400356105569],[-49.11410060164396,-26.87400821121511],[-49.11412541632281,-26.87401031781888],[-49.11412945699956,-26.8740102742733],[-49.11413096514837,-26.8740083664831],[-49.11413140677534,-26.8740046194316],[-49.11412964303796,-26.87400094493576],[-49.11412255299769,-26.87399418290897],[-49.11410207947393,-26.87397702137581],[-49.11408800945598,-26.87396414323373],[-49.11406564033513,-26.87394373326432],[-49.11404355936043,-26.8739211834998],[-49.11402653381413,-26.87390300293113],[-49.11401363184995,-26.87388681796046],[-49.11400020061225,-26.87386644154228],[-49.11398575108434,-26.87384186624619],[-49.11397260624324,-26.87381945561301],[-49.11395962120771,-26.87379511828902],[-49.11395069986956,-26.87377577776193],[-49.11394529032583,-26.87375842376676],[-49.11393784599618,-26.87373256373114],[-49.11393371812652,-26.87371233315883],[-49.11393078661989,-26.87369351665986],[-49.11392877602818,-26.87367761065268],[-49.11392767763707,-26.87367126436052],[-49.11392653024582,-26.87366738508009],[-49.11392434391849,-26.87366649302417],[-49.11392066596075,-26.87366675622139],[-49.11388447502376,-26.87370104787652],[-49.11385666710328,-26.87372635337968],[-49.1138086439965,-26.87376453424817]]
     ]
    },
    "properties": {
    "OBJECTID": 66658,
    "SHAPE.LEN": 133.583462172329
    }
  },
  {
   "type": "Feature",
    "geometry": {
    "type": "LineString",
     "coordinates": [
      [[-49.11342948275106,-26.87397283931169],[-49.11338649620209,-26.87399111037996],[-49.11333462857964,-26.87401247333557],[-49.11330746842616,-26.87402324312977],[-49.11327712359959,-26.87403396497595],[-49.11326186253091,-26.87403760348457],[-49.11325717977545,-26.87403903833913],[-49.11325467976715,-26.87404158092971],[-49.11325436806968,-26.87404501741825],[-49.11325601089462,-26.87404869843254],[-49.1132584264245,-26.87405045552749],[-49.11326161464427,-26.87405028960541],[-49.11333401455376,-26.87403139052202],[-49.1133829778451,-26.87402073766131],[-49.11344397581112,-26.87400854681307],[-49.11349805739751,-26.87399926197482],[-49.11352728420692,-26.87399562126981],[-49.11357319484458,-26.87399072849221],[-49.11360336712443,-26.87398882162303],[-49.11360657163174,-26.8739877957477],[-49.11360813432432,-26.87398308797258],[-49.11360418828401,-26.87393420547702],[-49.11360307144485,-26.87389095948526],[-49.11360187691309,-26.87388943531829],[-49.11356503406838,-26.8739067252257],[-49.11350292300253,-26.87393825538146],[-49.11342948275106,-26.87397283931169]]
     ]
    },
    "properties": {
    "OBJECTID": 66656,
    "SHAPE.LEN": 85.96695531038969
    }
  },
  {
   "type": "Feature",
    "geometry": {
    "type": "LineString",
     "coordinates": [
      [[-49.10998485610607,-26.87569287976624],[-49.10999351075133,-26.87571914337313],[-49.10999852669426,-26.87572914791254],[-49.11000899000462,-26.87574010263424],[-49.11005707914689,-26.87577340951037],[-49.11013445410739,-26.87582794153833],[-49.11019210452264,-26.8758598184093],[-49.11025730133675,-26.87588692856607],[-49.11031320679723,-26.87590535793192],[-49.11038019862911,-26.87592312413302],[-49.11043134910339,-26.87593970183904],[-49.11048364750981,-26.875960968455],[-49.11051434611633,-26.87597707313383],[-49.11056092639124,-26.87600780174685],[-49.11060646723696,-26.87604033153947],[-49.11067349270841,-26.87608979587354],[-49.11072811737285,-26.87613478000155],[-49.11077255369608,-26.8761757539832],[-49.11078974893056,-26.87619551942969],[-49.11080249619773,-26.87621705944535],[-49.110808602062,-26.87623778948791],[-49.11081077770027,-26.87625954285481],[-49.11080921094251,-26.87629801978433],[-49.11080041991448,-26.87634307742102],[-49.11077872397028,-26.87643557465402],[-49.11075723265543,-26.87652460057516],[-49.11073011730604,-26.87661342943412],[-49.11070059059215,-26.87668729460639],[-49.11065818867775,-26.87678792066756],[-49.11063727283909,-26.87685280113365],[-49.11062332731738,-26.87690204279018],[-49.11061986490608,-26.87692510712451],[-49.11062388897211,-26.8769671030715],[-49.1106311016861,-26.87699674739124],[-49.11064474218139,-26.8770315772659],[-49.11067394138767,-26.87707921707367],[-49.11071323290976,-26.87714082663284],[-49.11074350919171,-26.87721805938044],[-49.11074969961111,-26.87722940910717],[-49.1107665804275,-26.87724176195363],[-49.11078130472677,-26.87724640407592],[-49.1108012206285,-26.87724716591707],[-49.1108180620039,-26.87724609320974],[-49.11084231459014,-26.87724251474871],[-49.11085626005078,-26.87723915588066],[-49.11086591588164,-26.87723531002144],[-49.1108790484414,-26.87722726941362],[-49.11089272180572,-26.87721666728446],[-49.11095626814546,-26.87716482779795],[-49.11103449681935,-26.8770871586077],[-49.1110498423802,-26.8770984438971],[-49.11099281034897,-26.87715154208468],[-49.11092593384218,-26.87721014343886],[-49.11089164364849,-26.87723883384715],[-49.1108738212189,-26.87725211712756],[-49.11085534247002,-26.87726237880697],[-49.11084085721993,-26.87726829830555],[-49.1108258782457,-26.87727195022986],[-49.11081109388186,-26.8772733410766],[-49.11079099466826,-26.87727452365699],[-49.11078203847595,-26.8772774537191],[-49.11077686209882,-26.87728011571442],[-49.11077301853597,-26.87728700156964],[-49.1107701655908,-26.87729780795382],[-49.11080575452861,-26.8774157577557],[-49.11077609275992,-26.87742933760365],[-49.11073356289207,-26.87731914564314],[-49.11071067130461,-26.87724081933677],[-49.11070189633845,-26.87719157349226],[-49.11069560945448,-26.87716829122848],[-49.11068250134183,-26.87714133087853],[-49.11062602892126,-26.87706090465158],[-49.11060616469177,-26.87702362948185],[-49.11059154000431,-26.87697644452135],[-49.11058295110108,-26.87694318861212],[-49.11057766671026,-26.87692263020776],[-49.11056934090333,-26.87689752092046],[-49.11055790261916,-26.87687509941786],[-49.11054166508131,-26.8768526362938],[-49.11052635791869,-26.87684013658882],[-49.11050589332132,-26.87682910049147],[-49.11039883902892,-26.87680193062242],[-49.11031739184703,-26.87677173745439],[-49.11025787642449,-26.87674654727941],[-49.11022158458275,-26.87673480030811],[-49.11018180516493,-26.87672844473829],[-49.1101378535886,-26.87672567526928],[-49.11009145371391,-26.8767262044689],[-49.1100549807498,-26.87673073221254],[-49.11001432174352,-26.87674125305746],[-49.10997975675883,-26.87676086499821],[-49.10995721568575,-26.87678087606983],[-49.10991406651195,-26.87683357105204],[-49.10988202376626,-26.87687550599321],[-49.10986173178075,-26.87691090638924],[-49.10985889645868,-26.8769202255318],[-49.10985983470125,-26.87693049864576],[-49.10988007330327,-26.87706546635862],[-49.10990394531398,-26.87719698968292],[-49.1098829778286,-26.87720105690596],[-49.10983703198989,-26.87692866369151],[-49.10983530301412,-26.87691098784511],[-49.10983802321435,-26.87689455300521],[-49.10984556683663,-26.87687604177121],[-49.10987176996981,-26.87684287763418],[-49.10993299017442,-26.87676952151073],[-49.10995377885706,-26.87674703558428],[-49.10997004316943,-26.87673176123744],[-49.10998848694225,-26.87672208859175],[-49.11000706419163,-26.87671679525608],[-49.11003268642025,-26.87671019715933],[-49.11006120552131,-26.87670588614435],[-49.11008438045167,-26.87670440182725],[-49.11012625105796,-26.87670351328714],[-49.11016623022213,-26.87670306336111],[-49.11020223889154,-26.87670545128613],[-49.11022141723691,-26.87670952303957],[-49.11024707771451,-26.87671787038344],[-49.11040599651766,-26.87677025994539],[-49.11045689297654,-26.87677683724856],[-49.11051905869384,-26.87677036677922],[-49.11056116206195,-26.87676268567615],[-49.11058932896764,-26.87675927784252],[-49.11060840291672,-26.87675595057734],[-49.11062355947588,-26.87674942361362],[-49.11063671113865,-26.87673684238641],[-49.11064435103901,-26.87672663525307],[-49.11066869354232,-26.8766905884963],[-49.11068058875262,-26.87666501492735],[-49.11069197521219,-26.87663868270194],[-49.11070091540837,-26.87661746429076],[-49.11073371263398,-26.87649920507478],[-49.11075809139403,-26.87640141307083],[-49.11077491063598,-26.8763239445271],[-49.11077733033977,-26.87628350415233],[-49.11077485553734,-26.87625329138565],[-49.11076800696824,-26.87623255682579],[-49.11075432812066,-26.87620814677158],[-49.11074297829427,-26.87619190735568],[-49.11072770310641,-26.87617337252811],[-49.11070062671736,-26.87615067241697],[-49.11065011530608,-26.87610092168594],[-49.11055832850563,-26.87604315638547],[-49.11048070403628,-26.8759941044332],[-49.11042463918046,-26.87597073045432],[-49.11036988687461,-26.87595400889744],[-49.11030211331982,-26.87593537568369],[-49.11025746040666,-26.87592129744574],[-49.11021451732344,-26.87590783596441],[-49.11016361310764,-26.87588299110735],[-49.11009707363845,-26.87584142161977],[-49.11001644725646,-26.87578268426616],[-49.10997644911944,-26.87574690242286],[-49.10995450644977,-26.87572575018752],[-49.10993949538189,-26.87571300978664]]
     ]
    },
    "properties": {
    "OBJECTID": 62995,
    "SHAPE.LEN": 781.001832626754
    }
  },
  {
   "type": "Feature",
    "geometry": {
    "type": "LineString",
     "coordinates": [
      [[-49.11108910528767,-26.8710920851679],[-49.11107863171043,-26.87108545918738],[-49.11106712232795,-26.87107569551646],[-49.11105709476459,-26.87106488209236],[-49.11105226529277,-26.87105619785432],[-49.11104859320202,-26.87104430596162],[-49.11104713164075,-26.87103148236842],[-49.11105222028699,-26.87100102049702],[-49.11106552930825,-26.87091637900135],[-49.11106744499588,-26.87090533261455],[-49.11106942176981,-26.87089751378161],[-49.11107129788331,-26.87089496379018],[-49.11107498030815,-26.87089351833876],[-49.1110810922652,-26.87089243661393],[-49.11109095946446,-26.87089249180028],[-49.11117257639754,-26.8708929817186],[-49.11127246218197,-26.8708937744551],[-49.11134300979239,-26.87089332745459],[-49.11139148537361,-26.87089402232021],[-49.11143946482843,-26.87089513836296],[-49.11147733002591,-26.87089640984118],[-49.11152239573332,-26.87089704825668],[-49.1115670761169,-26.87089864727294],[-49.11161003675495,-26.8709010789414],[-49.11165434831878,-26.87090288781609],[-49.11171656072301,-26.87090510016921],[-49.11178767374527,-26.8709070288832],[-49.11184662706312,-26.87090768128613],[-49.11192978596623,-26.87091034764545],[-49.1120013487919,-26.87091422011055],[-49.11205736291862,-26.87091568429001],[-49.11213306790268,-26.87091951726164],[-49.11220948806954,-26.87092422261833],[-49.11228673779446,-26.87093012501217],[-49.11233039712435,-26.87093418142243],[-49.11233863809297,-26.87093646854922],[-49.11234767065194,-26.87094199569704],[-49.11236201875398,-26.87095621534017],[-49.11236947246332,-26.87096784723401],[-49.1123737371261,-26.8709806089819],[-49.1123755378277,-26.87099483700601],[-49.11237430105139,-26.87100858308862],[-49.11237057458671,-26.87101873972933],[-49.11232378809299,-26.87107013062694],[-49.11222924051766,-26.87116644316432],[-49.11213687759219,-26.87125676819369],[-49.1120716708911,-26.87132216017829],[-49.1120138870388,-26.87138165093243],[-49.11196506393693,-26.87143117953057],[-49.11194413640422,-26.87144890283547],[-49.11193156373914,-26.87145654670106],[-49.11191965788528,-26.87146118935781],[-49.11190679257177,-26.87146506372987],[-49.11189690622768,-26.8714659759129],[-49.1118827867972,-26.87146531248096],[-49.11186723982142,-26.87146279592084],[-49.1118529403363,-26.87145879503186]]
     ]
    },
    "properties": {
    "OBJECTID": 60266,
    "SHAPE.LEN": 233.651253114095
    }
  },
  {
   "type": "Feature",
    "geometry": {
    "type": "LineString",
     "coordinates": [
      [[-49.11167280077419,-26.86618061197476],[-49.11145540682827,-26.86615519735461],[-49.11137015384752,-26.86614521720169],[-49.11121011899505,-26.86612570989314],[-49.11100011365161,-26.8660999068396]]
     ]
    },
    "properties": {
    "OBJECTID": 61832,
    "SHAPE.LEN": 67.44446683495589
    }
  },
  {
   "type": "Feature",
    "geometry": {
    "type": "LineString",
     "coordinates": [
      [[-49.10871741990865,-26.87591829929958],[-49.10871214455018,-26.87592025768587],[-49.10870920295644,-26.8759221714964],[-49.10870695874979,-26.87592753799505],[-49.10870543742415,-26.87593355590685],[-49.10869531314601,-26.87609306285885],[-49.10869366023046,-26.87616067665638],[-49.10869359398307,-26.8762399324438],[-49.10864612933818,-26.87623889718743],[-49.10864967358442,-26.87617689930798],[-49.10866640868955,-26.87591665156186],[-49.10866643044299,-26.87591449829111],[-49.10866331989418,-26.87590908808921],[-49.10865679254635,-26.87590451216444]]
     ]
    },
    "properties": {
    "OBJECTID": 62990,
    "SHAPE.LEN": 78.44358262398679
    }
  },
  {
   "type": "Feature",
    "geometry": {
    "type": "LineString",
     "coordinates": [
      [[-49.1096612811296,-26.86731186411644],[-49.10966685292376,-26.86730766852605],[-49.10966925027792,-26.86730633137564],[-49.10989574773561,-26.86730046155929],[-49.11000057910175,-26.86730365710907],[-49.11000095306119,-26.86727027372529],[-49.10983985570829,-26.86725811839489],[-49.10968946888158,-26.86724915056996],[-49.10967272263873,-26.86724574224241],[-49.10965897454853,-26.86723996953584]]
     ]
    },
    "properties": {
    "OBJECTID": 61903,
    "SHAPE.LEN": 71.90207007436149
    }
  },
  {
   "type": "Feature",
    "geometry": {
    "type": "LineString",
     "coordinates": [
      [[-49.10958647904985,-26.86734236274195],[-49.10960024125824,-26.86754406582911],[-49.1096117776771,-26.86769382973809]]
     ]
    },
    "properties": {
    "OBJECTID": 61905,
    "SHAPE.LEN": 39.0257843272089
    }
  },
  {
   "type": "Feature",
    "geometry": {
    "type": "LineString",
     "coordinates": [
      [[-49.10965897454853,-26.86723996953584],[-49.10965144094073,-26.86722966234054],[-49.10964783729836,-26.86721699781747],[-49.10963278226779,-26.86699608308223],[-49.10956334406686,-26.86699883492096],[-49.10957069610608,-26.86708189877995]]
     ]
    },
    "properties": {
    "OBJECTID": 61902,
    "SHAPE.LEN": 43.478099631856
    }
  },
  {
   "type": "Feature",
    "geometry": {
    "type": "LineString",
     "coordinates": [
      [[-49.10410287878992,-26.88205473847389],[-49.10410940147903,-26.88206044638578],[-49.10416795248391,-26.88211273615624],[-49.10420532401693,-26.88213788899085],[-49.10423767577027,-26.88215394774106],[-49.10426476683045,-26.88216069165498],[-49.10430971785866,-26.88216870147934],[-49.10433347149154,-26.88216873684031],[-49.10434823342789,-26.88216372524726],[-49.10435885059656,-26.8821573781723],[-49.10437474431342,-26.88214118254545],[-49.10439619773844,-26.88211234416484],[-49.10440606717906,-26.88208898062967],[-49.10440388006599,-26.88206979581364],[-49.10439773296629,-26.88205358330724],[-49.10438792344444,-26.88203668623655],[-49.10437273722797,-26.88201887219751],[-49.10435989532554,-26.882008832855],[-49.10431267736488,-26.88198745068172],[-49.1041638587832,-26.88192796631836],[-49.10406037876706,-26.88188402984045],[-49.1039919934876,-26.88185252082246],[-49.10391093462786,-26.88181657245445],[-49.10384233119014,-26.88178312350106],[-49.10372548603764,-26.88173151055149],[-49.10365994304468,-26.88170713652305],[-49.10360261941144,-26.88169059979901],[-49.10354886792301,-26.88168142100702],[-49.10351192441981,-26.88167887797608],[-49.10345975522411,-26.88167940417747],[-49.10342122743632,-26.88168524106968],[-49.10337897382966,-26.88169491443747],[-49.10332316032563,-26.8817113339327],[-49.10327245216442,-26.88173039160148],[-49.10323078407181,-26.88175105086848],[-49.10315179066284,-26.8817971526859],[-49.10306902651298,-26.88185031885963],[-49.1029679674148,-26.8819162102712],[-49.10287406167584,-26.88197830214009],[-49.10280481178891,-26.88202816568569],[-49.10275018095075,-26.88206548201649],[-49.10269209712435,-26.88210469881113],[-49.1026157725339,-26.88215255105615],[-49.10255968726923,-26.88218877460444],[-49.10249215452729,-26.88223844172327],[-49.10250325871272,-26.88225018542566],[-49.10254634332495,-26.88221554639979],[-49.10263288029862,-26.8821550995741],[-49.102655155878,-26.88214003686344],[-49.1026563536914,-26.88213919098822],[-49.10273177974401,-26.88208595630071],[-49.10282127880159,-26.88202381888885],[-49.10289990003939,-26.8819691016571],[-49.10300988016025,-26.88189555346939],[-49.10311141794565,-26.88183052861282],[-49.10317931647879,-26.8817899072324],[-49.10323159087593,-26.88175794838875],[-49.10326931143302,-26.8817377668345],[-49.10329850592592,-26.88172570683505],[-49.10332110447116,-26.88171841775877],[-49.10334595619996,-26.88171012999001],[-49.10337569336219,-26.8817023401467],[-49.10340636375765,-26.8816953832722],[-49.10342496371123,-26.88169187014084],[-49.10343658424936,-26.88168999264532],[-49.10345731201139,-26.88168792603117],[-49.1034798274076,-26.88168700261373],[-49.10350711514742,-26.88168738250662],[-49.10352614868978,-26.88168834385796],[-49.10354491781773,-26.88168982966637],[-49.10356415559462,-26.88169170084771],[-49.10361224303362,-26.88170318911552],[-49.10365468040497,-26.88171590845462],[-49.10368178472673,-26.88172576836082],[-49.10370846087341,-26.88173752154318],[-49.10373350800121,-26.88174978447273],[-49.10375716687636,-26.88176369041291],[-49.103800541371,-26.88179473925538],[-49.10387997990608,-26.88185973624476],[-49.1040152614484,-26.88197807067299],[-49.10410287878992,-26.88205473847389]]
     ]
    },
    "properties": {
    "OBJECTID": 66651,
    "SHAPE.LEN": 457.182474179366
    }
  },
  {
   "type": "Feature",
    "geometry": {
    "type": "LineString",
     "coordinates": [
      [[-49.10546866361358,-26.87537515345515],[-49.10551481352132,-26.87537008241764],[-49.10550420930671,-26.87527042337778],[-49.1054953411048,-26.87513286654947],[-49.10548768082214,-26.87497827885623]]
     ]
    },
    "properties": {
    "OBJECTID": 61180,
    "SHAPE.LEN": 48.1266885986488
    }
  },
  {
   "type": "Feature",
    "geometry": {
    "type": "LineString",
     "coordinates": [
      [[-49.10694973691849,-26.87106058460613],[-49.10702053310872,-26.87109161796189],[-49.107050452233,-26.871100635741],[-49.10706667679648,-26.87110240102615],[-49.1070793597682,-26.87110464597253],[-49.10709323054731,-26.87110621364679],[-49.10711875192543,-26.87110783720842]]
     ]
    },
    "properties": {
    "OBJECTID": 61169,
    "SHAPE.LEN": 17.8075175978768
    }
  },
  {
   "type": "Feature",
    "geometry": {
    "type": "LineString",
     "coordinates": [
      [[-49.10633396886094,-26.87021612520142],[-49.10649280794839,-26.87034742419191],[-49.10669401901726,-26.87045420709629]]
     ]
    },
    "properties": {
    "OBJECTID": 61157,
    "SHAPE.LEN": 44.6997278171218
    }
  },
  {
   "type": "Feature",
    "geometry": {
    "type": "LineString",
     "coordinates": [
      [[-49.10630770867821,-26.87063386660924],[-49.10630720678429,-26.87063197529081],[-49.10630603420977,-26.87061941729078],[-49.10630959724548,-26.87061040221202],[-49.10632105378319,-26.87060470611376],[-49.10635287239355,-26.87061000738385],[-49.10639600378704,-26.87062107882851],[-49.10647922196681,-26.87063676893359]]
     ]
    },
    "properties": {
    "OBJECTID": 61172,
    "SHAPE.LEN": 20.0977732246706
    }
  },
  {
   "type": "Feature",
    "geometry": {
    "type": "LineString",
     "coordinates": [
      [[-49.10476030506872,-26.86854897621835],[-49.10486973268524,-26.86866243442801],[-49.10492688402319,-26.86872665332757]]
     ]
    },
    "properties": {
    "OBJECTID": 64608,
    "SHAPE.LEN": 25.7266282152674
    }
  },
  {
   "type": "Feature",
    "geometry": {
    "type": "LineString",
     "coordinates": [
      [[-49.10250475017547,-26.86722043040912],[-49.10261502499823,-26.86727400359787],[-49.10280720137821,-26.86737277283257],[-49.10296882265266,-26.86745025762731],[-49.10311224866174,-26.86752314124049],[-49.10333395408298,-26.86762997811323],[-49.10347631670269,-26.86770190209678],[-49.10363019005842,-26.8677768858273],[-49.10378594884404,-26.86784986569322],[-49.10390741638605,-26.86790843316791],[-49.1040149499215,-26.86796593898576],[-49.10410649200547,-26.8680187822516],[-49.10418759952005,-26.86806862067558],[-49.1042712702812,-26.86812456240439],[-49.10434369584251,-26.86817589718527],[-49.10446093436132,-26.86825858584348],[-49.10453735375964,-26.86831334705417],[-49.10467777795645,-26.8684328099616],[-49.1047702906465,-26.86852797708661]]
     ]
    },
    "properties": {
    "OBJECTID": 65964,
    "SHAPE.LEN": 269.228668482694
    }
  },
  {
   "type": "Feature",
    "geometry": {
    "type": "LineString",
     "coordinates": [
      [[-49.10223522980015,-26.88199738429999],[-49.10224207058453,-26.88201224150714],[-49.10224532141137,-26.88201888484456],[-49.10224989766802,-26.88202764719436],[-49.10225214124769,-26.88203204401715],[-49.10225333798662,-26.88203445554171],[-49.10225569830172,-26.88203927543754],[-49.10225799907904,-26.88204410446185],[-49.10226233753195,-26.882053846526],[-49.10226433148402,-26.88205878605583],[-49.10226527522948,-26.88206127902399],[-49.10226661731753,-26.88206505178641],[-49.10226812992344,-26.88206976371752],[-49.10226904336267,-26.88207292599277],[-49.10227066215796,-26.88207929468193],[-49.10227137461847,-26.88208249758097],[-49.1022726258667,-26.88208893624647],[-49.10227367124032,-26.88209540734677],[-49.10227427030809,-26.88209973423954],[-49.1022752719574,-26.88210840072922],[-49.10228217591857,-26.88217556599417],[-49.10228768835125,-26.88224517119183],[-49.10229290089253,-26.88229561510281],[-49.10229339867811,-26.88230124486268],[-49.1022936463713,-26.88230690285301],[-49.10229363915157,-26.88231257637293],[-49.10229337828149,-26.88231825009555],[-49.10229286197453,-26.88232391045818],[-49.10229209449713,-26.88232954307682],[-49.1022910760754,-26.88233513441584],[-49.10228981198205,-26.88234067010477],[-49.10228855432644,-26.88234509751212],[-49.10228714821929,-26.88234949404256],[-49.10228559272966,-26.88235385517064],[-49.10228389198831,-26.88235817463383],[-49.102282047092,-26.88236244703136],[-49.10228006017392,-26.88236666517125],[-49.1022779343284,-26.88237082458215],[-49.10227567368619,-26.88237491900152],[-49.10226498318038,-26.88239468448582],[-49.10225111686708,-26.88242000329821],[-49.10223419571776,-26.88245098446975],[-49.10222748708957,-26.88246424169089],[-49.10222104745373,-26.88247760451701],[-49.10221738787929,-26.88248578597625],[-49.10221380230394,-26.88249399640951],[-49.10221029377677,-26.8825022340526],[-49.10220686133671,-26.88251049618489],[-49.10220350801779,-26.88251878194455],[-49.10220023188278,-26.88252708679267],[-49.10219703695696,-26.88253541078332],[-49.10219392128801,-26.88254375027998],[-49.10218293639818,-26.88257384363218],[-49.10218010413423,-26.88258190803887],[-49.10217736698701,-26.88259000260593],[-49.10217472596288,-26.88259812734692],[-49.10217218212841,-26.88260627866583],[-49.10216973449243,-26.88261445564678],[-49.10216738511281,-26.88262265560969],[-49.10216513299832,-26.88263087763866],[-49.10216298122825,-26.88263911816475],[-49.10215009673826,-26.88269458729373],[-49.1021399694623,-26.88273997735151],[-49.10212920805716,-26.88279386118923],[-49.1021230468691,-26.88282326749477],[-49.10212258200865,-26.88282494456026],[-49.10212183325091,-26.88282656455917],[-49.10212082796625,-26.88282805565288],[-49.10211961549812,-26.88282935622634],[-49.10211289360964,-26.88283292316584],[-49.10210992142861,-26.88283466221691],[-49.10210680711263,-26.88283623328356],[-49.10210356796502,-26.88283762486471],[-49.10210022429303,-26.88283882640224],[-49.1020967953825,-26.88283982822689],[-49.10209330445407,-26.88284062613775],[-49.10208977270067,-26.88284121680925],[-49.10208622329768,-26.88284159874761],[-49.10206086942789,-26.88284534136235],[-49.10198841085425,-26.8828538204972],[-49.10188459237177,-26.8828667647686],[-49.10171711165341,-26.88288431946846],[-49.10157569805925,-26.88289917719292],[-49.10156821768383,-26.88289958481177],[-49.1015606994665,-26.88289966699301],[-49.10155317165955,-26.88289941960342],[-49.10154566346125,-26.88289884213285],[-49.10153820201198,-26.88289793675125],[-49.10153081745599,-26.88289670657147],[-49.10152353585192,-26.88289515826181],[-49.10151638321317,-26.88289330119774],[-49.1015126948953,-26.88289211798674],[-49.10150903193752,-26.88289062192139],[-49.10150544376991,-26.8828888064454],[-49.10150197665278,-26.88288667398567],[-49.10149868181769,-26.88288423064627],[-49.10149560926361,-26.88288149605336],[-49.10149280389761,-26.88287849337499],[-49.1014915139282,-26.88287690284145],[-49.10149030640542,-26.88287525745605],[-49.10148918422752,-26.8828735644784],[-49.10148815035313,-26.88287182755859],[-49.10148636119599,-26.88286824644599],[-49.10148495521177,-26.88286456397893],[-49.10148393564133,-26.88286082713509],[-49.10148330069404,-26.88285708282457],[-49.10148303551225,-26.88285337687922],[-49.1014831213035,-26.88284974966254],[-49.10148353134556,-26.88284623421084],[-49.10149869111848,-26.88276124799064],[-49.10150836879608,-26.88270965122495],[-49.10147480435683,-26.88270545982492],[-49.10146195586636,-26.88278537121482],[-49.10143565872469,-26.88294478427216],[-49.10146935110544,-26.8830109376822],[-49.10147231422865,-26.8830096209307],[-49.10151334355918,-26.88298729830109],[-49.10154886740025,-26.88297007615474],[-49.10155315116141,-26.88296821394093],[-49.10155753778015,-26.88296652098917],[-49.10156201307763,-26.88296500252435],[-49.10156656386616,-26.88296366468729],[-49.1015711779946,-26.88296251182758],[-49.10157584030789,-26.88296154735183],[-49.10158053769382,-26.882960772889],[-49.10158525302996,-26.88296018911154],[-49.10166191846887,-26.88294704623269],[-49.10174296179396,-26.88293622491048],[-49.10188554789615,-26.88291987005134],[-49.10198928857528,-26.88290815134159],[-49.10202910177475,-26.88290438730572],[-49.10203220808002,-26.88290431983107],[-49.10203532881261,-26.88290435273654],[-49.10203845589184,-26.88290448771872],[-49.10204158427108,-26.88290472561239],[-49.10204470791244,-26.88290506633642],[-49.10204782077804,-26.88290550980967],[-49.10205091681493,-26.88290605685341],[-49.10205398902414,-26.88290670466586],[-49.10205703135271,-26.88290745406827],[-49.10206003881434,-26.88290830228589],[-49.10206300437986,-26.88290924832173],[-49.10206592307806,-26.88291028849867],[-49.10206878989242,-26.88291142184671],[-49.10207159786923,-26.88291264285697],[-49.10207434501094,-26.88291395060001],[-49.10207702434874,-26.88291534046933],[-49.10207902693166,-26.88291626995582],[-49.10208098775027,-26.88291734961197],[-49.10208288766952,-26.88291858008322],[-49.10208470764482,-26.88291995660084],[-49.10208642663404,-26.88292147346658],[-49.10208802668936,-26.88292312051097],[-49.10208949086929,-26.88292488757797],[-49.10209080235296,-26.88292675729259],[-49.10209195029709,-26.88292871597044],[-49.10209292396391,-26.8829307436105],[-49.10209371761708,-26.8829328220841],[-49.10209432757815,-26.88293493058249],[-49.10209475416374,-26.88293705015576],[-49.10209500069433,-26.88293916279692],[-49.1020950745157,-26.88294125055308],[-49.10209498396485,-26.88294329638723],[-49.10207541450028,-26.88303198358408],[-49.10206032944032,-26.88310818426946],[-49.10203897707393,-26.88311406199161],[-49.10202160305997,-26.88319586672016],[-49.1020400319082,-26.8832062846066],[-49.10203689720457,-26.88322130293168],[-49.10201521611801,-26.88322637113139],[-49.10200878392872,-26.88324825890875],[-49.10200312526196,-26.88326951444254],[-49.10199001603643,-26.88331758117906],[-49.10198334684029,-26.88333901448019],[-49.10197492356086,-26.88336121126079],[-49.10195689294095,-26.88339544662245],[-49.10193551126348,-26.88342855295424],[-49.10194564795623,-26.88345229793781],[-49.10194379400422,-26.88345470096508],[-49.10193698751439,-26.88346296648946],[-49.10192989321312,-26.88347104763013],[-49.10192251936208,-26.88347893186197],[-49.10191487721174,-26.88348660850514],[-49.10190697703639,-26.88349406506153],[-49.1018988320841,-26.88350129178078],[-49.10189045456641,-26.8835082807037],[-49.10183788251369,-26.88354978789929],[-49.10183132451635,-26.88355486794359],[-49.10182456743005,-26.8835597548679],[-49.10181762247514,-26.88356443979717],[-49.1018105008569,-26.88356891475876],[-49.10180321478692,-26.8835731717935],[-49.1017957764768,-26.88357720294228],[-49.10178819911431,-26.88358100206423],[-49.10178049786969,-26.88358456485029],[-49.10172368294263,-26.8836144005892],[-49.10166147129639,-26.88364330813086],[-49.10157648518756,-26.88368096513988],[-49.10151755646988,-26.88370453465578],[-49.10143809136741,-26.88373537639263],[-49.10137776856381,-26.88375376525844],[-49.10131674665435,-26.88376977813732],[-49.10124315095489,-26.88378735492191],[-49.10115749617405,-26.88380520911514],[-49.10102770666914,-26.88382917789315],[-49.1008956780102,-26.88385462375201],[-49.10077966933921,-26.88387833531266],[-49.10070687389062,-26.88389204870122],[-49.10070295935791,-26.88389235348734],[-49.10069891991375,-26.88389236325555],[-49.10069479521221,-26.8838920541694],[-49.10069062983331,-26.88389140877671],[-49.10068647630202,-26.88389041605022],[-49.10068238700752,-26.88388907308407],[-49.10068038328424,-26.88388827172853],[-49.10067841720705,-26.88388738603673],[-49.10067649377741,-26.88388641788107],[-49.10067461999429,-26.8838853700634],[-49.1006728028567,-26.88388424538557],[-49.10067104732079,-26.88388304842713],[-49.10066935835782,-26.88388178286523],[-49.10066774193027,-26.88388045329297],[-49.1006647414292,-26.88387762307491],[-49.10066207330048,-26.88387459966116],[-49.10065975690091,-26.88387142934357],[-49.10065780050272,-26.88386815916749],[-49.10065620339661,-26.88386483154465],[-49.10065495781399,-26.88386148969435],[-49.10064858125447,-26.88382935246352],[-49.10064036148314,-26.88375846619105],[-49.10063708773888,-26.88371690172357],[-49.10063680061536,-26.88371294456598],[-49.10063661334399,-26.88370897521237],[-49.10063652584929,-26.8837049981746],[-49.1006365389716,-26.88370102339237],[-49.10063665260525,-26.88369705718231],[-49.10063686662954,-26.8836931067634],[-49.1006371799174,-26.88368917934114],[-49.10063759135686,-26.88368528121864],[-49.10064021321405,-26.88365971210732],[-49.10064940816606,-26.88356129124844],[-49.1006580770601,-26.88346501415986],[-49.10066314519187,-26.88336309897927],[-49.10067187973634,-26.88326518097751],[-49.1006790155074,-26.88320508572143],[-49.10070207903077,-26.88305877905295],[-49.10071376273473,-26.88296133844735],[-49.1007141364761,-26.88295343417033],[-49.10061701855751,-26.8829493916963],[-49.1006166974071,-26.88295403024566],[-49.10061529990578,-26.88303116031808],[-49.10061527957684,-26.88312452825661],[-49.10061332794078,-26.88318495677071],[-49.10060937607916,-26.8832935507027],[-49.10060456940496,-26.88337868503341],[-49.10060167333842,-26.88345201043577],[-49.10059836488153,-26.88352038235287],[-49.10059421489874,-26.88359519729701],[-49.100586611286,-26.88370138006729],[-49.10058561612148,-26.88380958051028],[-49.10058450000535,-26.8838792698839],[-49.10058428150833,-26.88388276534251],[-49.10058374603004,-26.88388631610891],[-49.10058287904905,-26.88388988768982],[-49.10058166906291,-26.88389344563254],[-49.10058011271028,-26.88389695017839],[-49.10057821468043,-26.88390036167693],[-49.10057598570056,-26.88390364055889],[-49.10057344450316,-26.88390675007044],[-49.10057061684995,-26.8839096544548],[-49.10056753544124,-26.88391232436657],[-49.10056423593596,-26.88391473411045],[-49.10056075888888,-26.88391686618017],[-49.10055714880455,-26.88391870763551],[-49.10055344602647,-26.88392025360349],[-49.10054969481779,-26.88392150558191],[-49.10054593233699,-26.88392246858332],[-49.10048399119614,-26.88393547578004],[-49.10043784995528,-26.88394480531137],[-49.10037049250174,-26.88395817646674],[-49.10035659254667,-26.88396103573685],[-49.10035350903301,-26.8839614238955],[-49.10035028388882,-26.8839615538169],[-49.10034695487629,-26.88396139441863],[-49.10034356765731,-26.88396092375027],[-49.10034017585381,-26.88396012538399],[-49.10033683793819,-26.88395899378809],[-49.10033361322316,-26.8839575333706],[-49.10033056081012,-26.88395576117278],[-49.10032773559409,-26.88395370501028],[-49.10032518524466,-26.88395140343255],[-49.10032294424358,-26.88394890112971],[-49.10032103691882,-26.88394624807079],[-49.10031947748979,-26.88394349679664],[-49.10031826412005,-26.88394069692443],[-49.10031738597662,-26.88393789433997],[-49.10031682522752,-26.88393513212727]]
     ]
    },
    "properties": {
    "OBJECTID": 58116,
    "SHAPE.LEN": 732.7725272544581
    }
  },
  {
   "type": "Feature",
    "geometry": {
    "type": "LineString",
     "coordinates": [
      [[-49.0973944346043,-26.88351862967484],[-49.09741946041861,-26.88351946497931],[-49.09744449636548,-26.88351993577424],[-49.09746952837135,-26.88352004096748],[-49.09749454131099,-26.88351978216046],[-49.09751952211713,-26.88351915827459],[-49.09757231088285,-26.88351564067363],[-49.09767351013633,-26.88350763213608],[-49.0977765012497,-26.88349534325988],[-49.09783582036889,-26.88348491942237],[-49.09789512551739,-26.88347442767795],[-49.09802936852054,-26.88344574440986],[-49.09817059721757,-26.88341090922329],[-49.09832178996622,-26.88336823736564],[-49.09851906328892,-26.88330475483246],[-49.09852669595519,-26.88330222656205],[-49.09853438413815,-26.88329980915313],[-49.0985421268164,-26.88329750349451],[-49.09854991991937,-26.88329531223913],[-49.09855775841552,-26.88329323531925],[-49.09856564125322,-26.88329127542844],[-49.0985735623946,-26.88328943248543],[-49.09858151979682,-26.88328770826785],[-49.09858950943467,-26.88328610272154],[-49.09859752726781,-26.88328461669467],[-49.09860556924075,-26.8832832519378],[-49.09861363236481,-26.88328200660557],[-49.09862171256943,-26.88328088335087],[-49.09862980582935,-26.88327988211955],[-49.09863790914078,-26.8832790019686],[-49.09864601745706,-26.88327824373265],[-49.09864774188279,-26.88327805032537],[-49.09866325400758,-26.88327616875297],[-49.0986787291385,-26.88327397168096],[-49.09869415417822,-26.88327145983563],[-49.0987095170206,-26.88326863485921],[-49.09872480555953,-26.88326549839391],[-49.09874000764356,-26.8832620547891],[-49.09875511116656,-26.88325830568701],[-49.09877010399223,-26.88325425453463],[-49.09886318659356,-26.88323136969667],[-49.09897561085133,-26.88319862358178],[-49.0990946629586,-26.88316660920358],[-49.09918872862046,-26.88314373647189],[-49.09925913897666,-26.88312378292028],[-49.0993940595525,-26.8830837990294],[-49.09956002861258,-26.88303991660066],[-49.09965062369325,-26.88301871898047],[-49.09973139935362,-26.88299653355851],[-49.09982821454435,-26.88297089848038],[-49.099830192697,-26.88297027884391],[-49.09991569418796,-26.88294471264365],[-49.10006034247083,-26.88289624924588],[-49.10014563069749,-26.88286874400113],[-49.1001568185959,-26.88286475975982],[-49.1001679661302,-26.88286066124974],[-49.10017906927509,-26.88285644841677],[-49.10019012194738,-26.88285212388683],[-49.10020112109792,-26.88284768942408],[-49.10021206065861,-26.88284314675208],[-49.10022293655891,-26.88283849852384],[-49.10023374475844,-26.88283374558761],[-49.10032960972774,-26.88279088699553],[-49.10034984830826,-26.88278052949526],[-49.10037006239141,-26.88277013194901],[-49.10039024988913,-26.88275969884159],[-49.10041040679123,-26.88274922921651],[-49.10049199048645,-26.88270747636491],[-49.10058550169955,-26.88265813339958],[-49.10071895318179,-26.88258736493131],[-49.10081326095364,-26.88253437526511],[-49.10092363687452,-26.88247621496049],[-49.10093611365142,-26.88246972798067],[-49.10094864244881,-26.88246332022344],[-49.1009612222755,-26.8824569907729],[-49.10097385209501,-26.88245074142025],[-49.10098653090106,-26.88244457215197],[-49.10099925668106,-26.88243848294097],[-49.10101203041113,-26.88243247560552],[-49.10102485009381,-26.88242654921619],[-49.10113212570049,-26.882377599403],[-49.10126763165405,-26.88231653816966],[-49.10140107514306,-26.88224619944372],[-49.10156841872421,-26.88216296161715],[-49.10179233568372,-26.88206367777932],[-49.10180642079536,-26.88205785406507],[-49.10182062989145,-26.88205226036809],[-49.10183495490652,-26.88204689748253],[-49.10184938870602,-26.88204177072796],[-49.10186392525218,-26.88203688002323],[-49.10187855640416,-26.88203223067439],[-49.10189327513299,-26.8820278216844],[-49.10190807331288,-26.88202365745694],[-49.10206204072761,-26.8819766042208],[-49.10216999248717,-26.88194659427852],[-49.10217858738869,-26.88196712971784],[-49.10207397021873,-26.88200358736994],[-49.10190659256516,-26.8820617336466],[-49.10180073344649,-26.88210516127036],[-49.10174974604628,-26.88212223255662],[-49.10170441260329,-26.8821401307505],[-49.10165936151144,-26.88216136956069],[-49.10159074919361,-26.88219442779853],[-49.10152211418617,-26.88223010588497],[-49.10136416839268,-26.88230774941647],[-49.10119443155076,-26.88238835989847],[-49.10109168290052,-26.88243197860529],[-49.10103194560633,-26.88245602356416],[-49.1009584249303,-26.88249197956523],[-49.10095276405925,-26.88249451462355],[-49.1009471627172,-26.88249716149921],[-49.10094162395325,-26.88249991842804],[-49.10093615279893,-26.88250278547768],[-49.1009307523486,-26.88250575817686],[-49.10092542766395,-26.88250883478849],[-49.10092018077271,-26.88251201443721],[-49.10091501676676,-26.88251529358122],[-49.10081999995437,-26.88257060063471],[-49.1007035874614,-26.88263671986272],[-49.10060714854725,-26.88269315030819],[-49.10053750577823,-26.88273422259357],[-49.10044822255156,-26.88278160330973],[-49.10039073758674,-26.88281455513821],[-49.1003326092985,-26.88284396288751],[-49.10031349596169,-26.88285336073208]]
     ]
    },
    "properties": {
    "OBJECTID": 58129,
    "SHAPE.LEN": 722.7470294010751
    }
  },
  {
   "type": "Feature",
    "geometry": {
    "type": "LineString",
     "coordinates": [
      [[-49.10305372163756,-26.87820391168731],[-49.10306258071092,-26.87819523950783],[-49.10306965875896,-26.87819178289332],[-49.10307829902084,-26.87819036813271],[-49.10317366018248,-26.87818347206975],[-49.10327465213269,-26.87817685101096],[-49.10336478673513,-26.8781717511831],[-49.10338896887506,-26.87816783280196],[-49.10340578518502,-26.87816374964205],[-49.10342274169614,-26.87815639289702],[-49.10343820722511,-26.8781471884079],[-49.10345325191023,-26.87813515770266],[-49.10347282245373,-26.8781197723879],[-49.10348489850558,-26.87810650319929],[-49.10349182968024,-26.87809610735592],[-49.10349703198639,-26.87808539225675],[-49.10350316359553,-26.87807007654261],[-49.10350708676365,-26.87804536600401],[-49.10350724507037,-26.87803190343013],[-49.10350623904037,-26.87801366682037],[-49.10349769194484,-26.87794058655428],[-49.10348826323156,-26.87785260999361],[-49.10347866506897,-26.87776827307039],[-49.1034695650946,-26.87767911492969],[-49.10345799713582,-26.87755354423705],[-49.10344769305438,-26.87744662158138],[-49.10338153235681,-26.87745258488401],[-49.10339496274592,-26.8775971772003],[-49.1034071320845,-26.87772813986227],[-49.10342159463413,-26.87786408306061],[-49.10343338043504,-26.87797183973257],[-49.10343845134461,-26.87802241351603],[-49.1034382202955,-26.878043006403],[-49.10343394259136,-26.87806019458502],[-49.10342773374225,-26.87807229877942],[-49.10342015035806,-26.87808100616103],[-49.10340887658423,-26.87809016944406],[-49.10339080849734,-26.87810134903783],[-49.10337600020997,-26.87810657474414],[-49.1032731610121,-26.87811442476169],[-49.10316973390923,-26.87812125591983],[-49.10308073036385,-26.87812643308944],[-49.1030550881441,-26.87812966751321],[-49.10303780222782,-26.87813462885429],[-49.10302188707385,-26.87814333264675],[-49.10300647640672,-26.87815563909235],[-49.10299731245221,-26.87816725951534],[-49.10299095153059,-26.8781782207845],[-49.10298506763552,-26.87819123460888],[-49.10298024130923,-26.87821686175559],[-49.10297675616717,-26.87825017252787]]
     ]
    },
    "properties": {
    "OBJECTID": 61192,
    "SHAPE.LEN": 250.719996877265
    }
  },
  {
   "type": "Feature",
    "geometry": {
    "type": "LineString",
     "coordinates": [
      [[-49.10262449565374,-26.87648615363373],[-49.10270556148029,-26.87638347623599],[-49.10278411330329,-26.87629361687104],[-49.10287375165732,-26.87618445300573],[-49.10296332472335,-26.87607653646779],[-49.10306199101677,-26.87595572764448],[-49.10313701103828,-26.87586324466954],[-49.10315955391552,-26.87583456184985],[-49.10318534114635,-26.87579246600587],[-49.1031972017358,-26.87577116909038],[-49.10320849400708,-26.87575087633681],[-49.10324720822766,-26.87565663953986],[-49.10330413698708,-26.8755090195085],[-49.10335416111326,-26.87538962072],[-49.10339448427698,-26.87528767486175],[-49.10341674134074,-26.87523009743988],[-49.10346153985356,-26.87510549818096],[-49.10350404463278,-26.87499789620695],[-49.10353968268559,-26.87490310805084],[-49.10358368277957,-26.87479388612583],[-49.10361572983277,-26.87471349735853],[-49.10364627325352,-26.87464576785931],[-49.10368574050349,-26.8745535826458],[-49.10374160670446,-26.87440418537106],[-49.10378402077787,-26.87429589339571],[-49.1038201145573,-26.87421025530951],[-49.10384108243845,-26.87416796375964],[-49.103856140754,-26.8741406055311],[-49.10387229627305,-26.87411414204214],[-49.10389514293411,-26.87408127427494],[-49.10391232207586,-26.87405764147386],[-49.10393620797105,-26.87402835735445],[-49.10395219920057,-26.87400944535283],[-49.10396694207006,-26.87399411248061],[-49.10400111197293,-26.87396259617722],[-49.10403450737522,-26.87393412651459],[-49.10407070773241,-26.87390342719821],[-49.10409975361764,-26.87388289331621],[-49.10413809590487,-26.87386080717426],[-49.10414258109203,-26.87385933567741],[-49.10415010838335,-26.87386084561036],[-49.10415953309975,-26.873866141157],[-49.10416651711297,-26.87387312788379],[-49.10417265976889,-26.87388397268725],[-49.10418030001999,-26.87390977891763],[-49.10418219145788,-26.87399897933779],[-49.10418549726391,-26.87415819753041],[-49.10418338308301,-26.87433684958177],[-49.10418423636062,-26.87445153489233],[-49.10419485965938,-26.87469101221802],[-49.10419843933383,-26.87479756123384],[-49.10420223147388,-26.87492292469839],[-49.10420019292978,-26.87495848070893],[-49.10419546896942,-26.87497383792244],[-49.10416700573232,-26.87502066099049],[-49.10413081694122,-26.8750823740636],[-49.10408758928002,-26.8751554608669],[-49.10403061154737,-26.87525288987586],[-49.10396394761073,-26.87536236920005],[-49.10391420277461,-26.87544311713687],[-49.10389053646692,-26.87548726788839],[-49.10387350665125,-26.87552238350971],[-49.10386763201269,-26.8755443267437],[-49.10386077659273,-26.87557492249546],[-49.1038601218474,-26.87559039387661],[-49.10386505878673,-26.87565346751588],[-49.10387297033129,-26.87578960891195],[-49.1038793399626,-26.87588329205549],[-49.10388437549573,-26.87596808040854],[-49.10389012530996,-26.87608183675756],[-49.10389571105742,-26.87620771617694],[-49.10390149258698,-26.87628477400397],[-49.10391400067326,-26.87647284841105],[-49.10392349517527,-26.87662137098366],[-49.10392990995756,-26.87671892499178],[-49.1039335511277,-26.87677213587943],[-49.10393308725529,-26.87690927232063],[-49.10392877095589,-26.87702316433612],[-49.10393167356469,-26.87711966482579],[-49.10393782347418,-26.8772982237178],[-49.10394024277765,-26.87739033297999],[-49.10393516113072,-26.87744279318331],[-49.10393398570645,-26.87744935722275]]
     ]
    },
    "properties": {
    "OBJECTID": 61189,
    "SHAPE.LEN": 740.4762668297801
    }
  },
  {
   "type": "Feature",
    "geometry": {
    "type": "LineString",
     "coordinates": [
      [[-49.1025143906472,-26.87662504601915],[-49.10252826924933,-26.8766217809511],[-49.10255414608749,-26.87661725455767],[-49.10257934763283,-26.87661748561806],[-49.10260655648771,-26.8766208882232],[-49.10261156865877,-26.87662372826488],[-49.10261594969263,-26.87663350338267],[-49.10261561407015,-26.87664751324408],[-49.1026130955621,-26.87668760815322],[-49.10260602042338,-26.87675429687533],[-49.10260832848487,-26.87678026081811],[-49.10261062636594,-26.87679984337945],[-49.10261607591532,-26.87686954704841],[-49.10261978541867,-26.87694526741682],[-49.10262387066366,-26.87708159750434],[-49.10262844309587,-26.87718188506634],[-49.102636063603,-26.87730221655299],[-49.10263984546185,-26.87741042808033],[-49.10264142211152,-26.87748687796727],[-49.10264748699586,-26.87756529979688],[-49.10265314370019,-26.87764134416235],[-49.1026646847814,-26.87778203094205],[-49.10267416071309,-26.8779438013413],[-49.10267886893836,-26.87802679908127],[-49.10268336599395,-26.87812732299927],[-49.10268497988282,-26.8782064251618],[-49.10269031166975,-26.87823617541818],[-49.10269760529848,-26.87826338418069],[-49.10270830376592,-26.87828782983958],[-49.10272133473788,-26.87831652819179]]
     ]
    },
    "properties": {
    "OBJECTID": 61195,
    "SHAPE.LEN": 198.369221355248
    }
  },
  {
   "type": "Feature",
    "geometry": {
    "type": "LineString",
     "coordinates": [
      [[-49.10405066342607,-26.87381401116763],[-49.10403308334019,-26.87382856225045],[-49.10398275176114,-26.87386870246827],[-49.10394213683139,-26.87390128487431],[-49.10391512162594,-26.87392618107216],[-49.10388320073409,-26.87395754160478],[-49.10385417518626,-26.87399102685145],[-49.10382572459551,-26.87402739001602],[-49.10379970349971,-26.87406231096204],[-49.10377761029815,-26.87409574301],[-49.10373272588795,-26.87418308090361],[-49.10353438027992,-26.87467880775465],[-49.10351358019269,-26.87472900269523],[-49.10347386176339,-26.87482675701454],[-49.10344162269037,-26.87490790855442],[-49.10341464225478,-26.87497670664776],[-49.10339199530545,-26.87503611920189],[-49.10336332938325,-26.87510772605246],[-49.10330747927598,-26.87525043793005],[-49.10327636266383,-26.87533041398296],[-49.10324166708034,-26.8754222009888],[-49.10321285806777,-26.8754970010132],[-49.10318028264774,-26.87558296232262],[-49.10315348340328,-26.8756528837858],[-49.10313586972123,-26.87569480324627],[-49.10311970733703,-26.87572780212592],[-49.10310948147647,-26.87574739795614],[-49.10309258017591,-26.87577510049499],[-49.10307112830135,-26.87580661761494],[-49.10304854649086,-26.87583624489931],[-49.10301909152679,-26.87587231638427],[-49.10296341535746,-26.87593993840301],[-49.10289097758761,-26.87602682655545],[-49.10280725983153,-26.8761277734227],[-49.10274855202083,-26.87619948574579],[-49.10270328399145,-26.87625388200279],[-49.10264767404846,-26.87632016714389],[-49.10259889584196,-26.87637953366754],[-49.10254993435603,-26.87643781822397],[-49.10251727814708,-26.87647782516999],[-49.10247904359574,-26.87651954248904],[-49.10239192892295,-26.87660821348475],[-49.10234508645852,-26.87665555645895],[-49.10227147612511,-26.87672937267265],[-49.10225053461154,-26.87675055654173],[-49.10217323397965,-26.87682813201706],[-49.10207625757884,-26.87692431517571],[-49.10200713729189,-26.87699159730258],[-49.10196366452816,-26.87702982511778],[-49.10191722817322,-26.87706368252151],[-49.10188402698363,-26.87708074019373],[-49.10184893116114,-26.8770943886285],[-49.10181165376016,-26.87710764580795],[-49.10180744668106,-26.87710872743555],[-49.10175137297005,-26.87711813617085],[-49.10174441682015,-26.87711923862411],[-49.10173044530966,-26.87712107177351],[-49.10171641417414,-26.87712243748635],[-49.10170703466767,-26.87712310211746],[-49.10168824051593,-26.87712388394201],[-49.101671911862,-26.87712396690023],[-49.10166102905328,-26.87712376470822],[-49.10163926958396,-26.87712305262442],[-49.10162124442625,-26.87712226616031],[-49.10161223557541,-26.87712171006175],[-49.10159872955916,-26.8771205619125],[-49.10159416187587,-26.8771200339004],[-49.10158509889389,-26.87711862142671],[-49.10157612857662,-26.87711678327718],[-49.10157019716546,-26.87711534789756],[-49.10155844415988,-26.8771120489851],[-49.10154227502403,-26.87710692257384],[-49.10152106405783,-26.87709952701566],[-49.10151054605591,-26.87709556324724],[-49.10149571575128,-26.8770897625431],[-49.10148836243248,-26.87708674568598],[-49.10147746308587,-26.87708193197552],[-49.10145682857827,-26.87707214329134],[-49.10144659171436,-26.87706713630338],[-49.10143135406715,-26.87705945184931],[-49.10141627553342,-26.87705152132239],[-49.10140880191427,-26.87704745224127],[-49.10137490562256,-26.87702876820363],[-49.10122673523126,-26.8769448911838],[-49.10114472304413,-26.87689626716875],[-49.10100670618983,-26.87681415104287],[-49.10081716246164,-26.87670452196447],[-49.10068965594655,-26.87663070525361],[-49.10058386438094,-26.87656773154039]]
     ]
    },
    "properties": {
    "OBJECTID": 61734,
    "SHAPE.LEN": 575.988083150847
    }
  },
  {
   "type": "Feature",
    "geometry": {
    "type": "LineString",
     "coordinates": [
      [[-49.10250475017547,-26.86722043040912],[-49.10251522112596,-26.86720805129912],[-49.10252033992853,-26.86720417845809],[-49.10252587105697,-26.8672008057681],[-49.10253259044305,-26.86719871716036],[-49.10254256791194,-26.86719763174409],[-49.10255342257098,-26.86720091035409],[-49.10265676087941,-26.8672552911481],[-49.10290578726224,-26.86738557720819],[-49.10301706824652,-26.86744557825151],[-49.10327802535597,-26.86759377853043],[-49.10335168625963,-26.86763406020795],[-49.10335564642877,-26.86764093778179]]
     ]
    },
    "properties": {
    "OBJECTID": 61214,
    "SHAPE.LEN": 99.4812394722248
    }
  },
  {
   "type": "Feature",
    "geometry": {
    "type": "LineString",
     "coordinates": [
      [[-49.10031682522752,-26.88393513212727],[-49.10029691354701,-26.88383951498311],[-49.10026222972483,-26.88369269081093],[-49.10023867231826,-26.88358131253082],[-49.10021462789281,-26.88346992769689],[-49.10019460719952,-26.88338119755656],[-49.10018019497341,-26.88332267725313],[-49.10015724922274,-26.88332626236552],[-49.10017007306159,-26.88337744409898],[-49.10020583638895,-26.88351760823791],[-49.10023599954599,-26.88365770156309],[-49.100269748831,-26.8838327142542],[-49.10028840882242,-26.88393046902346],[-49.10028920223707,-26.88393292117046],[-49.10028981772393,-26.88393541966375],[-49.10029024950159,-26.88393794908174],[-49.10029049582911,-26.88394049315461]]
     ]
    },
    "properties": {
    "OBJECTID": 58127,
    "SHAPE.LEN": 140.884110844074
    }
  },
  {
   "type": "Feature",
    "geometry": {
    "type": "LineString",
     "coordinates": [
      [[-49.09750789927485,-26.88359122423513],[-49.0975073889711,-26.88359188436731],[-49.09750589317573,-26.88359429215634],[-49.09750468306247,-26.8835967705839],[-49.09750375926614,-26.88359928175026],[-49.09750311232821,-26.88360178942491],[-49.09750272669171,-26.8836042609055],[-49.09750266714492,-26.88363888300355],[-49.09750478134497,-26.88370471574813],[-49.09750855485974,-26.88380368733749],[-49.09750854865615,-26.88380411778373],[-49.0975096937546,-26.88386993837711],[-49.09751465018421,-26.8839553763935],[-49.09751857479532,-26.8840294036573],[-49.09752151758267,-26.8840887950278],[-49.09752182069592,-26.88416191696685],[-49.09752224541491,-26.88422729822777],[-49.09752620854037,-26.88431422926518],[-49.0975263160725,-26.88432283228316],[-49.09753205369481,-26.88440483928664],[-49.09753225602347,-26.88440742248262],[-49.09753258628349,-26.88441390563661],[-49.09753302525689,-26.88442038844968],[-49.09753357298906,-26.8844268682147],[-49.09753423051657,-26.88443334314048],[-49.09753499686333,-26.8844398114087],[-49.09753587210495,-26.8844462685075],[-49.09753685523511,-26.88445271442333],[-49.09753794732062,-26.88445914556023],[-49.09753914637908,-26.88446556008635],[-49.09754045445339,-26.88447195622405],[-49.09754186858506,-26.88447833032316],[-49.09754338880431,-26.88448468057894],[-49.09754501514142,-26.88449100518662],[-49.09754674561398,-26.88449730231435],[-49.09754858128878,-26.88450356836619],[-49.09755051916197,-26.8845098023991],[-49.09758171488418,-26.88460675329107],[-49.09760986798808,-26.88469678465029],[-49.09765355370169,-26.88483174162697],[-49.09769416383301,-26.8849619294664],[-49.09772824751461,-26.88506020720362],[-49.0977710117708,-26.88519214164086],[-49.09777374974649,-26.88520096781976],[-49.09777661195488,-26.88520976859433],[-49.09777959641357,-26.88521854213274],[-49.09778270315283,-26.88522728663024],[-49.09778593122679,-26.88523599846373],[-49.09778927964426,-26.88524467671731],[-49.09779274643796,-26.88525331865675],[-49.09779633264445,-26.88526192249083],[-49.09779981846474,-26.88526858713771],[-49.09780340759639,-26.88527521346236],[-49.09780710104579,-26.88528180147837],[-49.09781089687582,-26.88528834664674],[-49.09781479508651,-26.88529484896744],[-49.09781879369546,-26.88530130660865],[-49.09782289276309,-26.88530771596082],[-49.09782708927045,-26.88531407698332],[-49.09783138425408,-26.88532038788493],[-49.09783577475547,-26.8853266450155],[-49.09784026077462,-26.88533284837499],[-49.09784484034424,-26.8853389952292],[-49.09784951146674,-26.88534508464862],[-49.09785427318116,-26.88535111391256],[-49.0978591254875,-26.88535708302103],[-49.09786406440579,-26.88536298921268],[-49.097871176843,-26.88537151868383],[-49.09787838882391,-26.88537999443791],[-49.09788569938755,-26.88538841375422],[-49.09789310551491,-26.8853967765921],[-49.0979006082577,-26.88540508025797],[-49.09790820563348,-26.88541332291995],[-49.09791589564469,-26.88542150364854],[-49.09792367632404,-26.88542961970952],[-49.09793154765639,-26.88543767200524],[-49.09793950768955,-26.88544565689908],[-49.09794755543231,-26.88545357347511],[-49.09795568788076,-26.88546142079027],[-49.0979639040437,-26.88546919792863],[-49.09797220297524,-26.88547690126713],[-49.09798058365395,-26.88548453169457],[-49.09798904208468,-26.88549208735199],[-49.09805369237684,-26.88554649343261],[-49.09814380375142,-26.88562404053958],[-49.09826002600459,-26.88572578346468],[-49.09837483808268,-26.8858247120305],[-49.09845719985039,-26.88590601584597],[-49.0985223492018,-26.88597182349617],[-49.09852802477354,-26.88597792280694],[-49.09853358295486,-26.88598411982078],[-49.09853902074186,-26.88599041359467],[-49.09854433418471,-26.88599679956258],[-49.09854952131603,-26.88600327499028],[-49.09855457814069,-26.88600983801888],[-49.09855950372783,-26.88601648412293],[-49.0985642950887,-26.88602321145709],[-49.09856894827341,-26.88603001545527],[-49.09857346332728,-26.88603689341038],[-49.09857783529415,-26.88604384074283],[-49.09858206521054,-26.88605085566141],[-49.09858614813535,-26.88605793268415],[-49.09859008512029,-26.8860650691175],[-49.09859387319158,-26.88607226221369],[-49.09859751144862,-26.88607950564257],[-49.09861749044158,-26.88611956836761],[-49.09862172412554,-26.88612774134378],[-49.09862583608224,-26.88613597044621],[-49.09862982533551,-26.8861442538566],[-49.09863368789019,-26.88615258971603],[-49.09863742481302,-26.88616097442855],[-49.09864103410641,-26.8861694070647],[-49.09864451482441,-26.88617788400146],[-49.09864786597576,-26.8861864043229],[-49.09865108562331,-26.88619496349005],[-49.09865417477335,-26.88620356151648],[-49.09865713048238,-26.88621219384967],[-49.09865995377181,-26.88622085960083],[-49.09866264267426,-26.8862295560357],[-49.09866519825645,-26.88623827955837],[-49.09866761853591,-26.88624702833699],[-49.09866990253646,-26.88625580055328],[-49.09867229735953,-26.88626576927497],[-49.09867451836689,-26.8862757789806],[-49.09867656464279,-26.88628582424236],[-49.09867843624762,-26.88629590145078],[-49.09868013121397,-26.88630600787164],[-49.09868164862608,-26.88631613807713],[-49.09868298750779,-26.88632629024897],[-49.0986841479497,-26.88633645897293],[-49.09868512902094,-26.88634663972356],[-49.09868593075171,-26.88635683069612],[-49.09868655323255,-26.88636702647638],[-49.09868699452631,-26.88637722252535],[-49.09868725667584,-26.88638741706538],[-49.09868733978681,-26.88639760377983],[-49.09868724288307,-26.88640778085044],[-49.09868696806791,-26.88641794289001],[-49.09868451166383,-26.88649798837148],[-49.09867779579751,-26.8866182342108],[-49.09866783155054,-26.88674468125798],[-49.09866043906764,-26.88686168946093],[-49.09865762917376,-26.88690212324157],[-49.09865825572513,-26.88690858872038],[-49.09865832772179,-26.88691054106362],[-49.09865858827738,-26.88691253385347],[-49.09865905080681,-26.88691454741378],[-49.0986597217712,-26.88691655655933],[-49.09866060459753,-26.88691853696665],[-49.09866169772635,-26.8869204615374],[-49.09866299456648,-26.88692230310551],[-49.09866448043059,-26.88692403710361],[-49.0986661406012,-26.88692564076916],[-49.09866794924559,-26.88692709389766],[-49.09866988345951,-26.88692838173954],[-49.09867191324889,-26.8869294921575],[-49.09867401151785,-26.88693042027391],[-49.09867614810616,-26.88693116387759],[-49.09867829677322,-26.8869317271282],[-49.09868043123309,-26.88693211689251],[-49.09874293291973,-26.88693419658199],[-49.09875494749065,-26.8869344918918],[-49.09876698760048,-26.88693458446427],[-49.09877904419201,-26.88693447417747],[-49.09879110618025,-26.88693416178475],[-49.09880316351676,-26.88693364624828],[-49.09881520610776,-26.88693292923735],[-49.09882722491117,-26.88693200972766],[-49.09883920980301,-26.88693089119326],[-49.09889505343259,-26.88692470744659],[-49.09896417623053,-26.88691362721115],[-49.09897819321658,-26.88691053499964],[-49.09899223696551,-26.88690746751654],[-49.09900629537093,-26.88690442640404],[-49.09902035730263,-26.88690141512265],[-49.09906505132375,-26.88688884262251],[-49.09907578314223,-26.88688561231864],[-49.09908643626107,-26.88688215260241],[-49.09909700058651,-26.88687846514316],[-49.09910746800729,-26.88687455344206],[-49.0991178294209,-26.88687042008436],[-49.0991280767161,-26.88686606857121],[-49.09913819975383,-26.88686150327909],[-49.09914819242044,-26.88685672863864],[-49.09917600636179,-26.88684480532999],[-49.09918649167255,-26.88684114748806],[-49.0991970250703,-26.88683756340131],[-49.0992076025146,-26.88683405391795],[-49.0992182189284,-26.88683062167737],[-49.09922887028632,-26.88682726662538],[-49.09923955251771,-26.88682399141495],[-49.09925026059082,-26.88682079597833],[-49.09926099144133,-26.88681768298204],[-49.09934396074568,-26.88679654914062],[-49.09943479988727,-26.88677250021655],[-49.09952342310081,-26.8867494990948],[-49.09963658721252,-26.88672056330966],[-49.09965969330656,-26.88671267155841],[-49.09966220697799,-26.88671121251364],[-49.09966464017808,-26.88670950959251],[-49.09966695364421,-26.88670756316933],[-49.09966910392221,-26.8867053834904],[-49.09967105048643,-26.8867029862569],[-49.09967275368163,-26.88670039530493],[-49.09967418079133,-26.88669764088196],[-49.09967530400998,-26.88669476052221],[-49.09967610555022,-26.88669179460241],[-49.0996765745936,-26.88668878810594],[-49.09967671343441,-26.88668578438742],[-49.09967652939866,-26.88668282686922],[-49.09967604301566,-26.88667995193066],[-49.09967527783376,-26.88667719599172],[-49.09967426462694,-26.88667458473865],[-49.09967303624225,-26.88667214027524],[-49.09964185881202,-26.88655417077603],[-49.0995833841357,-26.88635187523254],[-49.09955071572656,-26.88621967455534],[-49.09951791794207,-26.88609587062401],[-49.09950964103646,-26.88605983482416]]
     ]
    },
    "properties": {
    "OBJECTID": 58138,
    "SHAPE.LEN": 583.405145409686
    }
  },
  {
   "type": "Feature",
    "geometry": {
    "type": "LineString",
     "coordinates": [
      [[-49.10074940542709,-26.87273238715497],[-49.10074785817076,-26.87273066138232],[-49.10074769799924,-26.8727285625349],[-49.1007484239238,-26.87271879102834],[-49.10075240404345,-26.8726902715393],[-49.1007603635591,-26.87263869496761],[-49.10076355973348,-26.87259698275221],[-49.10076438436933,-26.87258552023379],[-49.10076488063218,-26.87257786760652],[-49.10076576788125,-26.87256253837234],[-49.10076691170453,-26.87253950545217],[-49.10076830001161,-26.872508769586],[-49.10076902670097,-26.87249341201857],[-49.10077184312154,-26.87243473701503],[-49.10077264354236,-26.87240539314848],[-49.10077275348527,-26.87239267275412],[-49.10077261511094,-26.87236722985749],[-49.10077212654142,-26.87234178405872],[-49.1007707217283,-26.87229088851747],[-49.1007695547312,-26.87224400994814],[-49.10076889655362,-26.87222058274698],[-49.10076805683428,-26.8721971783778],[-49.10076753662959,-26.8721854883831],[-49.10076506986468,-26.87213393953956]]
     ]
    },
    "properties": {
    "OBJECTID": 61727,
    "SHAPE.LEN": 66.4908112050843
    }
  },
  {
   "type": "Feature",
    "geometry": {
    "type": "LineString",
     "coordinates": [
      [[-49.09613995714793,-26.8709371707302],[-49.09614255237454,-26.87101330666533],[-49.09614265940149,-26.8710239793015],[-49.09614257611937,-26.87103465749664],[-49.09614230261884,-26.87104533583648],[-49.09614183795413,-26.87105601069799],[-49.09614118424337,-26.87106667579162],[-49.09614034054083,-26.87107732749434],[-49.09613930690688,-26.8710879621966],[-49.09613808446866,-26.87109857269298],[-49.09613028002555,-26.87119087900902],[-49.09612602243246,-26.87125379820179],[-49.09612272629975,-26.87130155979789],[-49.09612252481166,-26.87131124356274],[-49.09612363174399,-26.87132891382909],[-49.09612376959328,-26.8713340820497],[-49.09612363190715,-26.8713465655722],[-49.09611773857251,-26.87142848367598],[-49.09611752965836,-26.87143849046389],[-49.09611797226998,-26.87147616917932],[-49.09611807853332,-26.87148190108622],[-49.09611834066852,-26.87148764050886],[-49.09611875875117,-26.87149338293535],[-49.09611933387824,-26.87149912296504],[-49.09612006615557,-26.87150485428124],[-49.09612095462232,-26.8715105741633],[-49.09612200040569,-26.87151627540579],[-49.09612320155374,-26.87152195437205],[-49.09612455716611,-26.87152760473191],[-49.09612606733352,-26.87153322107112],[-49.09612772809165,-26.87153879972593],[-49.09612953852501,-26.87154433526854],[-49.09613149770298,-26.87154982317349],[-49.09613360269767,-26.87155525798587],[-49.09613584954472,-26.87156063604193],[-49.09613823732867,-26.87156595191384],[-49.09614105344638,-26.87157165264044],[-49.09614401126537,-26.87157730563443],[-49.09614710881859,-26.87158290816159],[-49.09615034517545,-26.87158845569645],[-49.0961537173778,-26.87159394458885],[-49.09615722451014,-26.87159936941097],[-49.09616086361435,-26.87160472651261],[-49.09616463272335,-26.87161001315951],[-49.09616852890923,-26.87161522389676],[-49.09617255018982,-26.87162035689248],[-49.09617669162478,-26.8716254066646],[-49.09618095123191,-26.87163037138127],[-49.0961853260531,-26.87163524739228],[-49.09618981313013,-26.87164003104746],[-49.09619440648626,-26.87164471865594],[-49.09619910513038,-26.8716493093018],[-49.09620803797426,-26.87165954035288],[-49.09621713173622,-26.87166965804148],[-49.09622638147593,-26.87167965688553],[-49.09623578024063,-26.87168953137584],[-49.09624113153045,-26.87169439436699],[-49.09624676846036,-26.87169902834111],[-49.09625267526354,-26.87170341322897],[-49.09625882809324,-26.87170753065767],[-49.096265206076,-26.87171136500209],[-49.09627178329212,-26.87171490147171],[-49.09627853376148,-26.87171812888552],[-49.09628543048258,-26.87172103695129],[-49.09633173985721,-26.8717394164188],[-49.09639932460891,-26.87175628005386],[-49.09658500083818,-26.87180187599385],[-49.09659191686581,-26.8718039927432],[-49.09659898842052,-26.87180583720323],[-49.09660619459849,-26.87180739555363],[-49.09661351542655,-26.87180865849954],[-49.09662092590049,-26.87180961667831],[-49.09662840398934,-26.87181026347509],[-49.09663592561949,-26.8718105940527],[-49.09664346365336,-26.87181060624039],[-49.09665099496309,-26.87181029882402],[-49.09665849334171,-26.87180967415832],[-49.0966659335734,-26.87180873551393],[-49.0966732924245,-26.87180748799337],[-49.09668054559468,-26.8718059402951],[-49.09668767180229,-26.87180410115826],[-49.09669464871408,-26.87180198201554],[-49.09670145698527,-26.8717995961451],[-49.09670599891055,-26.8717976815801],[-49.09671048223759,-26.87179560015104],[-49.09671489387048,-26.87179335258406],[-49.09671922365639,-26.87179094415791],[-49.09672345946029,-26.87178837831945],[-49.0967275911596,-26.87178565854265],[-49.09673160857125,-26.87178279191098],[-49.09673550053622,-26.87177978368961],[-49.09673925886879,-26.87177664189153],[-49.09674287440721,-26.87177337271135],[-49.09674633893556,-26.87176998596684],[-49.09674964527431,-26.87176648968446],[-49.0967527872502,-26.87176289190432],[-49.09675575862946,-26.87175920427599],[-49.09675855424501,-26.87175543485309],[-49.09676117190309,-26.87175159443702],[-49.09678263360454,-26.87171239116308],[-49.0968297455404,-26.87162179843348],[-49.09691035587792,-26.87145715345287],[-49.09698499082785,-26.87130789002492],[-49.09708090602734,-26.87111640976741],[-49.09718621915913,-26.87091025097335],[-49.09727967621455,-26.87074195720491],[-49.09734302844157,-26.87062669612132],[-49.09743821270086,-26.87045800217107],[-49.09753152362281,-26.87029658749726],[-49.09762328758816,-26.8701385880423],[-49.0976969188918,-26.87001339597245],[-49.09774231427581,-26.86993417301858],[-49.0978384234237,-26.8697655868622],[-49.0978841527459,-26.86968846774867],[-49.09789571455251,-26.86966940384745],[-49.09796172750448,-26.86954644403119],[-49.09799267022901,-26.86947462254851],[-49.09800747942164,-26.86942857458962],[-49.09801860705006,-26.86937501364012],[-49.09802744338612,-26.86931301341276],[-49.09803476661945,-26.86925314456839],[-49.09804447065495,-26.86918277375688],[-49.09805749222703,-26.86908880451309],[-49.09806924763318,-26.86901330216073],[-49.09807992070326,-26.86894401935874],[-49.098091052287,-26.86887710568079],[-49.09810276392207,-26.8688043962181],[-49.09811509254415,-26.86873986160204],[-49.09812436250945,-26.86869806964634],[-49.09812808517068,-26.8686833986688],[-49.09814977862008,-26.86861650709178],[-49.09815810245941,-26.86859528844586],[-49.09817093529678,-26.86856557312287],[-49.09821805508437,-26.86847508009135],[-49.09824139794232,-26.86843332949928],[-49.09827179024553,-26.86838113976098],[-49.09831484675883,-26.86831026915632],[-49.09832405854914,-26.8682952848354],[-49.09834197928364,-26.8682675198433],[-49.09836242900028,-26.86823873918105],[-49.09840461841736,-26.86818305452077],[-49.0984628514599,-26.86810893211272],[-49.09851485920115,-26.8680429059935],[-49.09858079007103,-26.86796006258498],[-49.0986591326772,-26.86786339253689],[-49.09872856384393,-26.86777500014754],[-49.09879777097783,-26.86768531401463],[-49.09885253492816,-26.86761459079988],[-49.09888911798386,-26.86756794390083],[-49.09889057284748,-26.86756592183663],[-49.09889226175873,-26.86756302380775],[-49.09889360484197,-26.86755998303151],[-49.09889458542483,-26.86755683358167],[-49.09889519387818,-26.86755360962673],[-49.09889600973855,-26.86754628894161],[-49.09889609401409,-26.86753739965777],[-49.09889519124024,-26.86752855666515],[-49.0988933118914,-26.86751985577817],[-49.0988904764887,-26.86751139384902],[-49.09888579628182,-26.86749794200581],[-49.09887910831215,-26.86748382773458],[-49.09887083345247,-26.86747042320409],[-49.0988610628777,-26.867457873151],[-49.0988499029458,-26.86744631710072],[-49.0988374763549,-26.8674358803572],[-49.09879412516575,-26.86739920382736],[-49.09873919878335,-26.86735377898295],[-49.09867368101335,-26.86729897280069],[-49.098615377855,-26.86725092470779],[-49.09857008918779,-26.86721336369073],[-49.09852988291343,-26.86717844701224],[-49.09850223763502,-26.86715164566175],[-49.09845470159867,-26.8671015816114],[-49.09842446295484,-26.86706893995279],[-49.09842342418789,-26.86706780677497],[-49.09841622518321,-26.86705891786597],[-49.09841012557685,-26.86704940291873],[-49.09837344190577,-26.86699150155542],[-49.09834058718708,-26.86693687392195],[-49.0983063395847,-26.86687900171507],[-49.09828169624559,-26.86683838160172]]
     ]
    },
    "properties": {
    "OBJECTID": 57673,
    "SHAPE.LEN": 762.5329403128251
    }
  },
  {
   "type": "Feature",
    "geometry": {
    "type": "LineString",
     "coordinates": [
      [[-49.09966415678443,-26.87355861343386],[-49.09966415888743,-26.87355860804667],[-49.09966441077236,-26.87355660590169],[-49.09966442735026,-26.87355459156603],[-49.09965923917141,-26.87348850708207],[-49.09964345243943,-26.87332207651364],[-49.0996290652112,-26.87319437191094],[-49.09962127155415,-26.87310438365048],[-49.09961014664137,-26.87299055857258],[-49.09960161769522,-26.87290108752692],[-49.09959484591296,-26.87282606605197],[-49.09958763774009,-26.8727639591408],[-49.09958310326853,-26.87272083515237],[-49.09957834895653,-26.87269278219699],[-49.09957762555921,-26.87268867565605],[-49.09957542203995,-26.87268045510377],[-49.09957225528974,-26.87267247883105],[-49.09956816107512,-26.87266483486921],[-49.09956318330292,-26.87265760594347],[-49.09955737699368,-26.87265087222088],[-49.09955080535347,-26.87264470585532],[-49.0995435396834,-26.87263917640178],[-49.09953566151268,-26.87263434362448],[-49.09952725653125,-26.87263025922039],[-49.09951841654178,-26.8726269704558],[-49.09950923759813,-26.8726245111155],[-49.09943908510566,-26.87261049091704],[-49.09935395081931,-26.87259477538305],[-49.09933454706914,-26.87259155209862],[-49.09930634783017,-26.87258911939178],[-49.0992780143666,-26.87258929603772],[-49.09921382473725,-26.87258805524402],[-49.09919371569407,-26.87258764662504],[-49.09916879769466,-26.8725850206546],[-49.09914432212103,-26.87258007287813],[-49.09909769945437,-26.87257194881335],[-49.09900419985991,-26.87255634165952],[-49.09899920267044,-26.87255550994071],[-49.09897630609062,-26.8725503297549],[-49.09895413839654,-26.8725430310889],[-49.0989329438089,-26.87253369485087],[-49.09889824091842,-26.87251796800895],[-49.09888304752894,-26.8725120159522],[-49.09885927163135,-26.87250477235251],[-49.0988347927063,-26.8724997260972],[-49.09868834878932,-26.87247096247016],[-49.09849894028192,-26.87243627270606],[-49.09836838858578,-26.87241416975377],[-49.09820172537948,-26.87238859579902],[-49.09807602669812,-26.87237107441007],[-49.09792844365277,-26.87235284673271],[-49.0978220994697,-26.8723373420858],[-49.09770848117482,-26.87231615967921],[-49.0976049391108,-26.87229445667503],[-49.09753771295996,-26.87227802444495],[-49.09741981018022,-26.87225138218327],[-49.09729185969989,-26.87222049778389],[-49.09718112534559,-26.87219419194506],[-49.09705557982613,-26.87216634711842],[-49.09696086181991,-26.8721428842253],[-49.09694500085519,-26.87213954406463],[-49.09692904509434,-26.87213651582044],[-49.09691300957005,-26.87213380330549],[-49.09689690731769,-26.87213140940308],[-49.09688075340014,-26.8721293361212],[-49.09686456088295,-26.8721275845384],[-49.09684834482902,-26.87212615666271],[-49.09683212033144,-26.87212505269741],[-49.09676075309708,-26.87211912450437],[-49.09674887912694,-26.8721185809652],[-49.09673701042524,-26.87211778296867],[-49.09672515607823,-26.87211672883199],[-49.09671332915168,-26.87211541963375],[-49.09670154068381,-26.87211385732781],[-49.09668979872443,-26.87211204202261],[-49.09667811629397,-26.87210997750389],[-49.09666650343953,-26.87210766480958],[-49.0966524922716,-26.87210438834544],[-49.09663855744295,-26.87210082047262],[-49.09662471098292,-26.87209696406092],[-49.09661096392973,-26.87209282106423],[-49.09659732730655,-26.87208839433883],[-49.09658381209111,-26.8720836894481],[-49.09657042732432,-26.87207870741645],[-49.09655718596613,-26.87207345563915],[-49.09654572766586,-26.87206978753805],[-49.09653413538626,-26.87206642721579],[-49.09652242310852,-26.87206338117876],[-49.09651060888392,-26.87206065328043],[-49.09649870672385,-26.8720582482224],[-49.09648673470983,-26.87205616805342],[-49.09647470988699,-26.87205441661341],[-49.09646264734844,-26.87205299410568],[-49.09645447615125,-26.87205184605623],[-49.09644625142383,-26.87205088953449],[-49.0964379831829,-26.87205012738316],[-49.09642967944794,-26.87204956151543],[-49.0964213492295,-26.87204919476042],[-49.09641300260478,-26.87204902635131],[-49.09640464760838,-26.87204905729891],[-49.09639629527835,-26.8720492895571],[-49.09638795369464,-26.87204972142957],[-49.09637963291932,-26.87205035305191],[-49.09637134203855,-26.87205118274132],[-49.09636309112954,-26.87205220973105],[-49.09635488828732,-26.8720534314224],[-49.09634674259801,-26.87205484613264],[-49.09633866217177,-26.87205645036074],[-49.09633065711607,-26.87205824153515],[-49.09632473898377,-26.87205975846237],[-49.09631884929935,-26.8720613795692],[-49.09631299111167,-26.87206310309161],[-49.09630716844557,-26.87206492908379],[-49.09630138332859,-26.87206685667049],[-49.09629564182823,-26.87206888412831],[-49.0962899449356,-26.87207101237319],[-49.09628429672087,-26.87207323875223],[-49.09627870122403,-26.8720755624173],[-49.09627316149394,-26.87207798160432],[-49.09626767955813,-26.87208049543802],[-49.09626225947169,-26.87208310216791],[-49.09625690530483,-26.87208579914108],[-49.09625161807887,-26.87208858546872],[-49.0962464018489,-26.87209145940033],[-49.09624125865759,-26.87209441915828],[-49.09618205773556,-26.87213003965601],[-49.09610902454546,-26.8721754923709],[-49.09610567132851,-26.87217782006784],[-49.09610240646357,-26.87218028073177],[-49.09609924106434,-26.87218287180468],[-49.09609618327128,-26.87218558798083],[-49.09609324224616,-26.87218842306559],[-49.09609042512319,-26.87219137173964],[-49.0960877420704,-26.87219442782195],[-49.09608519926113,-26.8721975832725],[-49.09608280286876,-26.87220083005126],[-49.09608055906669,-26.87220416011823],[-49.09607847302203,-26.87220756541982],[-49.09607654892599,-26.87221103608415],[-49.09607478994843,-26.87221456312814],[-49.0960731992592,-26.87221813756873],[-49.09607177803081,-26.87222174949335],[-49.09607052742071,-26.87222538989181],[-49.0960689822036,-26.87222979441522],[-49.09606766376469,-26.87223429947296],[-49.09606658039566,-26.87223889073553],[-49.09606574243083,-26.87224355209574],[-49.09606515616456,-26.87224826829459],[-49.09606482688499,-26.87225302405947],[-49.0960647579283,-26.87225780048121],[-49.09606495159421,-26.87226258044177],[-49.09606540714868,-26.87226734768486],[-49.09606612288171,-26.87227208413583],[-49.09606709504058,-26.87227677349771],[-49.09606831587799,-26.87228139761452],[-49.09606978060476,-26.87228594198043],[-49.09607147740336,-26.87229039109237],[-49.09607339745975,-26.8722947303903],[-49.09607552888076,-26.872298948883],[-49.09609397944965,-26.87233610666703],[-49.09616232736939,-26.87245677640037],[-49.09623136372326,-26.87259163038463],[-49.09632688324861,-26.87275932588075],[-49.09641287261668,-26.87289874509127],[-49.0965147092254,-26.87305988621116],[-49.09660478020993,-26.87320495268557],[-49.09669082897382,-26.8733299890447],[-49.09675147472991,-26.87341790667777],[-49.09675265518275,-26.87341935587473],[-49.09675400769187,-26.87342074781916],[-49.0967555285951,-26.8734220607998],[-49.09675721022047,-26.87342327214884],[-49.09675904085601,-26.87342436004658],[-49.09676100176123,-26.87342530167613],[-49.09676307004985,-26.87342608138532],[-49.09676522079287,-26.87342668529967],[-49.09676742599729,-26.87342710221115],[-49.09676965350915,-26.87342732897887],[-49.09677187512384,-26.87342736702809],[-49.09677405957272,-26.87342722045049],[-49.09677618250983,-26.87342690065166],[-49.09677821855275,-26.87342642082838],[-49.09678015030845,-26.87342579789534],[-49.09678196236609,-26.87342505059917],[-49.09685825405829,-26.87339299691929],[-49.09698122285884,-26.87333871858639],[-49.09701445525857,-26.87338930265578],[-49.09693633077578,-26.87341913756571],[-49.09685884840422,-26.87345257605258],[-49.09682504750504,-26.87346892768457],[-49.09682377483693,-26.87346961906633],[-49.09682112044839,-26.87347132348424],[-49.09681867946033,-26.87347326634975],[-49.09681647836717,-26.87347542816304],[-49.09681454174159,-26.87347778398291],[-49.09681288912513,-26.87348030880035],[-49.09681154111086,-26.87348297491283],[-49.09681051027232,-26.8734857527046],[-49.09680980919813,-26.87348861165757],[-49.0968094454609,-26.87349152028346],[-49.09680942259322,-26.87349444794217],[-49.09680974115434,-26.87349736124581],[-49.0968103966421,-26.87350022854346],[-49.09681138353305,-26.87350301907303],[-49.09681269028147,-26.87350570108871],[-49.0968143032687,-26.87350824642711],[-49.09681620283872,-26.8735106268435],[-49.09689255536647,-26.87361225586923],[-49.09695625029507,-26.87370339969621],[-49.0970194878395,-26.87379217257958],[-49.09707968091278,-26.87387926444713]]
     ]
    },
    "properties": {
    "OBJECTID": 61746,
    "SHAPE.LEN": 719.2866070132731
    }
  },
  {
   "type": "Feature",
    "geometry": {
    "type": "LineString",
     "coordinates": [
      [[-49.10001706960558,-26.86598618317056],[-49.10001725653999,-26.86598661982531],[-49.10002063892118,-26.86599643935045],[-49.10002364060041,-26.86600826290235],[-49.10002525806735,-26.86602029258641],[-49.10002547538262,-26.86603239821671],[-49.10002428974732,-26.86604444617362],[-49.10002376930851,-26.8660474646279],[-49.10001961025912,-26.86606339793241],[-49.10001369700139,-26.86607885365334],[-49.10000609476775,-26.8660936620797],[-49.10000569388821,-26.86609434445659],[-49.09998289873974,-26.86613019085572],[-49.09995037806368,-26.86617860489887],[-49.0999039218567,-26.86624297241534],[-49.09984260396774,-26.86632005601451],[-49.09978669852676,-26.86639484308742],[-49.09978400367618,-26.86639843883622]]
     ]
    },
    "properties": {
    "OBJECTID": 61743,
    "SHAPE.LEN": 52.69323767013179
    }
  },
  {
   "type": "Feature",
    "geometry": {
    "type": "LineString",
     "coordinates": [
      [[-49.09606991041143,-26.88322689835157],[-49.09607135871877,-26.88322720489263],[-49.09607281637121,-26.8832276144535],[-49.09607426819839,-26.88322813134262],[-49.09607569809929,-26.88322875534292],[-49.09607709097921,-26.88322948625098],[-49.09607842779382,-26.88323031929721],[-49.0960796935694,-26.88323124705917],[-49.09608087331713,-26.88323226301679],[-49.09608195215409,-26.88323335433336],[-49.0960829201986,-26.88323451004479],[-49.09608376662327,-26.88323571556386],[-49.0960844876297,-26.88323695730075],[-49.09608507944979,-26.88323821986082],[-49.09608554232555,-26.8832394888061],[-49.09608587846621,-26.88324075243286],[-49.09608609212397,-26.88324199725973],[-49.09608995320002,-26.88325250656812],[-49.096092416206,-26.88325917190768],[-49.09609792860891,-26.88327408909899],[-49.0961077525192,-26.88329630307672],[-49.09611794350322,-26.883328684125],[-49.09612525873621,-26.88334551651516],[-49.09613999648986,-26.88337410213003],[-49.09616011853987,-26.88340975619458],[-49.09618989641032,-26.88345711776319],[-49.09621521778748,-26.88349484381453],[-49.09624829375118,-26.88354234910663],[-49.09625486953026,-26.88355279661767],[-49.09625676013303,-26.88355524010429],[-49.09626186963626,-26.88356152863138],[-49.09627715543859,-26.88357789800835],[-49.09630852236784,-26.88361435165588],[-49.09633971170743,-26.88365924020136],[-49.09637791141076,-26.88371699559651],[-49.09642001376876,-26.88378308472811],[-49.09644631700738,-26.88382487474368],[-49.09647569889827,-26.88386800956544],[-49.09650166133501,-26.88390755478088],[-49.09652796563685,-26.88394934479718],[-49.0965614536587,-26.88400495079717],[-49.09659450224407,-26.88405374633395],[-49.09660809894595,-26.88407619524643],[-49.09660892485558,-26.88407748442599],[-49.09660968926686,-26.88407883956762],[-49.09661038036099,-26.88408024516821],[-49.09661098731041,-26.88408168664064],[-49.0966115033733,-26.88408314584247],[-49.09661192180783,-26.88408460463134],[-49.09661224088872,-26.88408604583499],[-49.09661245786918,-26.88408745317002]]
     ]
    },
    "properties": {
    "OBJECTID": 58209,
    "SHAPE.LEN": 110.160781470072
    }
  },
  {
   "type": "Feature",
    "geometry": {
    "type": "LineString",
     "coordinates": [
      [[-49.09661245786918,-26.88408745317002],[-49.09661315279044,-26.88409139326086],[-49.09661355334466,-26.88409542054541],[-49.09661364998276,-26.88409950420737],[-49.09661343920869,-26.88410361260938],[-49.09661292051513,-26.88410771595955],[-49.0966120994932,-26.88411178093783],[-49.09661098672024,-26.88411577699907],[-49.09660959577748,-26.88411967454125],[-49.09660874127345,-26.88412165321084],[-49.09660762169008,-26.88412359310789],[-49.0966062437458,-26.88412545370692],[-49.09660462922366,-26.88412719649059],[-49.09660280692066,-26.88412878484127],[-49.09660081559125,-26.88413018859351],[-49.09659869684246,-26.8841313875487],[-49.09659649923487,-26.88413236701736],[-49.09659145079247,-26.88413474497403],[-49.09654191277475,-26.88416043089208],[-49.09646842007362,-26.88419757442089],[-49.09639158433368,-26.88423689409992],[-49.0962834955295,-26.88429174377974],[-49.09621686533341,-26.8843252240341],[-49.09610172338152,-26.88438356083526],[-49.09602615787553,-26.88442238746937],[-49.09594649783195,-26.88446234485343],[-49.09587580888454,-26.88449979572212],[-49.09582701979354,-26.88452395889453],[-49.09580900515105,-26.8845323257276],[-49.09580671236584,-26.88453291759705],[-49.09580430459403,-26.8845333436472],[-49.09580180429253,-26.88453358522664],[-49.09579923693715,-26.88453362372472],[-49.09579663390559,-26.88453344873349],[-49.09579402756666,-26.88453305076096],[-49.09579145317206,-26.88453242847722],[-49.09578894891676,-26.8845315851049],[-49.09578654682164,-26.88453053190663],[-49.09578427986852,-26.88452928286571],[-49.0957821758714,-26.88452786001897],[-49.09578025756726,-26.88452628804253],[-49.0957785406186,-26.88452459332231],[-49.09577703461962,-26.88452280396756],[-49.09577574613046,-26.88452094894921],[-49.09577467167826,-26.88451905529774],[-49.09574015798292,-26.8844680871809],[-49.09570795046016,-26.88442275425167],[-49.09566301679733,-26.88436015221614],[-49.09562450226292,-26.88430119377022],[-49.09558257292309,-26.8842432931271],[-49.09554543783293,-26.88419253512561],[-49.09551822562774,-26.88415400544423],[-49.095514565755,-26.88414872656413],[-49.09551101765231,-26.88414338510793],[-49.09550758432349,-26.88413798201871],[-49.09550426671432,-26.88413252091956],[-49.09550106677692,-26.88412700544712],[-49.09549798748483,-26.8841214383492],[-49.09549502879266,-26.88411582233293],[-49.09549219265249,-26.88411016103497],[-49.09548999486319,-26.88410610861388],[-49.09548798068597,-26.8841019711184],[-49.09548615901126,-26.88409775859678],[-49.09548453564999,-26.88409348466602],[-49.09548311542191,-26.8840891620272],[-49.09548190313162,-26.88408480428379],[-49.09548090057993,-26.88408042409613],[-49.09548011055879,-26.88407603504054],[-49.09547931543792,-26.88407158995639],[-49.09547868508888,-26.88406710286758],[-49.09547822137299,-26.884062582825],[-49.09547792711247,-26.88405804160019],[-49.09547780316232,-26.88405348823048],[-49.09547784833462,-26.88404893353076],[-49.09547806348435,-26.88404438653834],[-49.09547844539583,-26.88403985894337],[-49.09547881339635,-26.88403790170164],[-49.09547943079798,-26.88403595775097],[-49.09548029894756,-26.88403406682296],[-49.09548140615519,-26.88403226576563],[-49.09548273569932,-26.88403059135921],[-49.09548425687587,-26.88402907387734],[-49.09548593805008,-26.88402773906822],[-49.09548773971821,-26.88402660174305],[-49.09551223446815,-26.88401439249668],[-49.09551059650067,-26.88401273042865],[-49.09550909091325,-26.88401085713719],[-49.09550776180239,-26.88400878404777],[-49.09550665116121,-26.88400652797299],[-49.09550579878859,-26.88400411652677],[-49.09550524029166,-26.88400158719492],[-49.09550500112361,-26.88399898274174],[-49.09550509454066,-26.88399635298775],[-49.09550552268415,-26.88399375031129],[-49.0955062736523,-26.88399122419369],[-49.09550732351294,-26.88398882124626],[-49.09550863839168,-26.88398658072569],[-49.09551017749099,-26.88398453457471],[-49.09551189621501,-26.88398270114614],[-49.09551374905235,-26.88398109336502],[-49.0955156896669,-26.88397971331433],[-49.09553450012947,-26.88396626129252],[-49.09559047296185,-26.88393416212617],[-49.09566920517088,-26.88389117510511],[-49.09576147822188,-26.88383955330286],[-49.09588904782946,-26.88376985476098],[-49.09591822373621,-26.88375249344866],[-49.09590469154943,-26.88373497251696],[-49.09582492228051,-26.88378063176896],[-49.09574208764234,-26.88382871458764],[-49.09567642897746,-26.88386693268431],[-49.09561176811967,-26.88390404861524],[-49.09555174798484,-26.88393848866361],[-49.09550918846957,-26.88396350020871],[-49.09546069172641,-26.88399262867242],[-49.09545797065248,-26.88399379150888],[-49.0954552975265,-26.88399515626657],[-49.09545269953425,-26.88399672240949],[-49.09545020288544,-26.88399848758327],[-49.09544783593863,-26.88400044133939],[-49.09544562302707,-26.88400257317499],[-49.09544358958113,-26.88400486718659],[-49.09544175705134,-26.88400730470928],[-49.09544014293855,-26.88400986251206],[-49.09543876070325,-26.88401251821194],[-49.09543761985628,-26.88401524485989],[-49.09543672687439,-26.88401801636846],[-49.09543608016866,-26.88402080744408],[-49.09543567516145,-26.88402359094771],[-49.095435506178,-26.88402634514096],[-49.09543556049935,-26.88402904819049],[-49.09543962027754,-26.88408845101238],[-49.0954397235766,-26.88409201487865],[-49.0954399505624,-26.88409558582812],[-49.09544030028916,-26.8840991602377],[-49.09544077591202,-26.88410273002678],[-49.09544137549403,-26.8841062906563],[-49.09544210014744,-26.88410983582326],[-49.0954429489416,-26.88411336100219],[-49.09544392099125,-26.88411685896055],[-49.09544501336822,-26.88412032424339],[-49.09544622616332,-26.88412375143647],[-49.09544755544206,-26.88412713507125],[-49.09544899926748,-26.88413047060874],[-49.09545055472652,-26.88413375169162],[-49.09545221887589,-26.8841369737673],[-49.09545398775085,-26.88414013317203],[-49.09545585741689,-26.88414322443727],[-49.09547271386015,-26.88416808937655],[-49.09549244263803,-26.88419567730769],[-49.09552594288127,-26.88424152322623],[-49.09555961944088,-26.88428832102639],[-49.09559072819295,-26.88433188456155],[-49.09561244845703,-26.88436226572791],[-49.09564260544424,-26.88440460516172],[-49.09566990525392,-26.88444361888196],[-49.09570569234233,-26.88449217715115],[-49.0957636660554,-26.88457278449012],[-49.09579303064876,-26.88461250295817],[-49.09583400726589,-26.88467657245581],[-49.09578587752897,-26.88470312820611],[-49.09580985770716,-26.88474341040006],[-49.09584679352535,-26.88479880670758],[-49.0958831044024,-26.88485233617465],[-49.09596661876974,-26.88497965495574],[-49.09603628441798,-26.88508467838026],[-49.09612365402825,-26.88521723345101],[-49.09618967423871,-26.88531624975613],[-49.09625335467155,-26.88541152129341],[-49.09630147940956,-26.88548291666059],[-49.0963423000751,-26.88554281311399],[-49.09638692092986,-26.88561061410109],[-49.09644249459167,-26.88569118613702],[-49.0964734354553,-26.8857379017444],[-49.09656054479336,-26.88586442384694],[-49.09661149352486,-26.88593965070988],[-49.0967277564769,-26.88610688734046],[-49.09684601842207,-26.88627648939891],[-49.09685547094524,-26.88629109501335],[-49.09686467001853,-26.88630586870196],[-49.09687361074622,-26.88632080227564],[-49.09688228821751,-26.88633588844764],[-49.09689069755185,-26.88635111812646],[-49.0968988338384,-26.88636648402535],[-49.09690669420925,-26.88638197707995],[-49.09691427378385,-26.88639758819876],[-49.09691740497627,-26.88640649279839],[-49.09692037827237,-26.88641544942516],[-49.09692319171992,-26.88642445444247],[-49.09692584236035,-26.88643350420014],[-49.09692833025409,-26.8864425950887],[-49.09693065343381,-26.88645172437391],[-49.09693281096871,-26.88646088753034],[-49.09693480290413,-26.88647008185087],[-49.09693662730292,-26.88647930279652],[-49.09693828421045,-26.88648854766019],[-49.09693977167445,-26.88649781280525],[-49.09694109076171,-26.88650709463577],[-49.0969422415478,-26.88651638863989],[-49.09694322208048,-26.88652569118099],[-49.09694403341141,-26.88653499956551],[-49.09694467560104,-26.88654431018396],[-49.0969455584884,-26.88655361321454],[-49.09694627682763,-26.8865629447157],[-49.09694683067919,-26.88657230107791],[-49.09694721810595,-26.88658167776222],[-49.09694744119618,-26.88659107028386],[-49.09694749801272,-26.88660047410383],[-49.09694738963753,-26.88660988472384],[-49.09694711614613,-26.886619297632],[-49.09694654099518,-26.88662412679646],[-49.09694568430962,-26.88662893772638],[-49.0969445464523,-26.88663370876476],[-49.09694313275734,-26.8866384219319],[-49.09694144561546,-26.88664305469556],[-49.09693949537736,-26.88664759004624],[-49.09693728940501,-26.88665200912897],[-49.09693484108327,-26.88665629407253],[-49.09693359465395,-26.88665991556908],[-49.09693224084808,-26.8866635175673],[-49.09693077871977,-26.88666709644411],[-49.09692920932071,-26.88667064950596],[-49.09692753473922,-26.88667417226809],[-49.09692575503576,-26.88667766112101],[-49.09692387226838,-26.88668111338469],[-49.09692188753414,-26.88668452365846],[-49.09691980388233,-26.88668789017825],[-49.09691762237977,-26.8866912093481],[-49.09691534712743,-26.88669447671039],[-49.09691297815557,-26.88669769046036],[-49.09691052055639,-26.88670084705631],[-49.0969079753816,-26.88670394380467],[-49.09690534571071,-26.88670697713661],[-49.09690263660571,-26.88670994531518],[-49.09690172512723,-26.88671099807556],[-49.09690069562584,-26.88671200592196],[-49.09689955137762,-26.88671295355469],[-49.09689829664992,-26.88671382659002],[-49.09689694276961,-26.88671460983674],[-49.09689550100306,-26.88671529171314],[-49.09689398464448,-26.88671585976226],[-49.0968924119442,-26.88671630610679],[-49.09689080013104,-26.88671662375828],[-49.09688916937731,-26.88671681028077],[-49.09688753982503,-26.88671686504309],[-49.09688592951284,-26.88671679280119],[-49.09688435649445,-26.88671659740864],[-49.0968828356987,-26.88671628899494],[-49.09688138106322,-26.88671587677365],[-49.09688000446757,-26.88671537263838],[-49.09686968024301,-26.88671223787236],[-49.09675669662788,-26.88668430152378],[-49.09666318310114,-26.88666351773844],[-49.09653227426954,-26.88663289638067],[-49.09637700830736,-26.88659568093491],[-49.09631897844851,-26.8865847529404],[-49.09631460192669,-26.88658258823979],[-49.09631029334351,-26.8865802737243],[-49.0963060637234,-26.88657781225026],[-49.09630192108686,-26.88657520573093],[-49.09629787540656,-26.88657245971621],[-49.09629393467277,-26.88656957792407],[-49.09629010786695,-26.88656656498851],[-49.09628640293397,-26.88656342733464],[-49.09628282781868,-26.88656017138759],[-49.0962793884684,-26.88655680264302],[-49.09627609179139,-26.88655332931724],[-49.09627294471101,-26.88654975872418],[-49.09626995113164,-26.88654609813711],[-49.09626711695518,-26.88654235575879],[-49.09626444404304,-26.88653854064007],[-49.09626193831225,-26.88653466008136],[-49.09623828416634,-26.88649819663917],[-49.0962103384969,-26.88645684114379],[-49.09617868973471,-26.88640569511321],[-49.09611057934926,-26.88630487615031],[-49.09603521700261,-26.88619119424884],[-49.09598467763671,-26.88611408180927],[-49.09593545584898,-26.88603931576514],[-49.09585987004762,-26.88592709474826],[-49.09577422366245,-26.88579128819773],[-49.0957248774302,-26.88571789684083],[-49.0956393499643,-26.88558588174312],[-49.09559640297953,-26.88551931165688],[-49.0955190461255,-26.88537666779145],[-49.09547364628194,-26.88539497185846],[-49.09553337281165,-26.88550960482413],[-49.09558304515123,-26.88559919197419],[-49.09564576392135,-26.88569776596932],[-49.09568436357575,-26.88575611632595],[-49.09576683757643,-26.88588073061829],[-49.0958114518778,-26.88594872844982],[-49.09593033672978,-26.88613295595605],[-49.09603846173746,-26.88629761035105],[-49.09609523630253,-26.88638820829251],[-49.09613588863004,-26.88645485472014],[-49.09616777972163,-26.8865055951586],[-49.09616934385851,-26.88650932222488],[-49.09617072866254,-26.88651311908012],[-49.09617192829229,-26.88651697391204],[-49.09617293989513,-26.88652087675385],[-49.09617375967257,-26.88652481401569],[-49.09617438477197,-26.88652877573077],[-49.09617481538996,-26.88653275016823],[-49.09617504974076,-26.88653672376533],[-49.09617485468612,-26.88655076072861],[-49.09617328028695,-26.88656055503697],[-49.0961706224082,-26.88656611067841],[-49.09616701554634,-26.88657027258477],[-49.09616493068378,-26.88657178879255],[-49.09616159086808,-26.88657251006275],[-49.09614486982294,-26.88657340387122],[-49.09612816025726,-26.88657451354844],[-49.09611146721777,-26.88657583825987],[-49.09609479575124,-26.88657737717095],[-49.09607815189565,-26.88657913036308],[-49.0960615397065,-26.88658109608579],[-49.09604496420032,-26.88658327530927],[-49.09602843243655,-26.88658566722613],[-49.09601683953346,-26.88658778183618],[-49.09600528199657,-26.88659006841171],[-49.09599376386634,-26.88659252610462],[-49.09598229018956,-26.88659515408039],[-49.09597086703452,-26.88659795061564],[-49.09595949943286,-26.88660091577824],[-49.09594819044896,-26.88660404690178],[-49.095936946136,-26.88660734316527],[-49.09592347544672,-26.88661195064426],[-49.09591007917358,-26.88661674234833],[-49.09589676335459,-26.88662171835889],[-49.09588353204533,-26.88662687692548],[-49.0958703893165,-26.88663221539528],[-49.09585734123639,-26.88663773204498],[-49.09584439085422,-26.88664342511051],[-49.09583154323195,-26.88664929285503],[-49.09580501803519,-26.88666310120222],[-49.09577854479156,-26.8866769923791],[-49.09575212252493,-26.88669096456741],[-49.09572575423914,-26.88670501871023],[-49.09569176423136,-26.8867227915997],[-49.09565779387111,-26.88674059272533],[-49.09562384318862,-26.88675842028237],[-49.09558991419658,-26.88677627429799],[-49.09555836678166,-26.88679280564873],[-49.09552676155729,-26.88680924234447],[-49.09549509956013,-26.88682558259405],[-49.09546338583713,-26.88684182556288],[-49.09545313049112,-26.88684676968903],[-49.09544282316993,-26.8868516318816],[-49.09543246690778,-26.88685641127891],[-49.09542206170466,-26.88686110788094],[-49.09541160958842,-26.88686572081247],[-49.09540111156544,-26.88687025008705],[-49.09539056867233,-26.88687469391349],[-49.09537998292181,-26.88687905231892],[-49.09536964543604,-26.88688283190909],[-49.09535922331842,-26.88688643615982],[-49.09534872465002,-26.8868898633749],[-49.09533815246508,-26.88689311269268],[-49.09532751487493,-26.8868961806122],[-49.09531681793283,-26.8868990663125],[-49.09530606670086,-26.88690176805669],[-49.09529526724738,-26.88690428412144],[-49.09528309241303,-26.88690694410145],[-49.09527082028862,-26.88690928325606],[-49.09525846801242,-26.88691130001122],[-49.09524605077053,-26.88691298915625],[-49.09523358467973,-26.8869143500059],[-49.09522108588707,-26.88691538007019],[-49.09520857253717,-26.88691607778867],[-49.09519605969508,-26.88691644516964],[-49.09518352848986,-26.88691652708749],[-49.095170994599,-26.88691646906856],[-49.09515846107185,-26.88691626934881],[-49.09514593188846,-26.88691593068965],[-49.09513340808547,-26.88691545129993],[-49.09512089368831,-26.88691483123393],[-49.0951083906946,-26.88691407142115],[-49.09509590314489,-26.88691317101355],[-49.09508003826031,-26.88691216728987],[-49.09506418335706,-26.88691098859907],[-49.09504834044788,-26.88690963496831],[-49.09503251558607,-26.88690810557667],[-49.09501670974776,-26.88690640224249],[-49.0950009279799,-26.88690452413125],[-49.09498517327133,-26.88690247308844],[-49.09496945066896,-26.88690024827956],[-49.09493454157307,-26.88689533494504],[-49.09489968942055,-26.88689008751396],[-49.09486489823705,-26.88688450604073],[-49.09483017503703,-26.88687859242512],[-49.09479237734527,-26.88687210390626],[-49.09475453988034,-26.88686576647385],[-49.09471666261182,-26.88685958193261],[-49.09467874858887,-26.88685354851847],[-49.09466367670168,-26.88685087665267],[-49.09464856406187,-26.88684823402055],[-49.09463341769872,-26.88684562161953],[-49.09461824662389,-26.88684304227889],[-49.09460305686031,-26.88684049698245],[-49.0945878584563,-26.88683798676834],[-49.09457265944744,-26.88683551264754],[-49.09455746585664,-26.88683307560387],[-49.09455371479866,-26.88683226954264],[-49.09454995080463,-26.88683115462549],[-49.09454621937203,-26.88682971883014],[-49.09454256785972,-26.88682795918518],[-49.09453904855222,-26.88682587910373],[-49.09453571156997,-26.88682349099545],[-49.09453260689715,-26.88682081539138],[-49.09452977733724,-26.88681788084887],[-49.09452726253836,-26.8868147240059],[-49.09452509197927,-26.88681138768131],[-49.09452328707276,-26.88680791548767],[-49.09452185807099,-26.88680435630246],[-49.09452080819683,-26.88680075800576],[-49.09452012765126,-26.88679716469163],[-49.09451980064259,-26.88679361766557],[-49.09451980639285,-26.88679015545809],[-49.09451812462777,-26.88675654788232],[-49.09451678837214,-26.88672292511098],[-49.09451579753484,-26.88668929255828],[-49.09451515205498,-26.88665565383372],[-49.09451508783057,-26.88664160435731],[-49.09451536495325,-26.88662754775245],[-49.09451598427784,-26.88661349305645],[-49.09451694563764,-26.88659945019537],[-49.09451824885087,-26.88658542999769],[-49.09451989173815,-26.88657144236235],[-49.09452187314162,-26.88655749629947],[-49.09452419188825,-26.88654360172153],[-49.09452512161098,-26.88653396391151],[-49.09452626957352,-26.88652433716887],[-49.09452763461807,-26.88651473050377],[-49.09452921769036,-26.88650514753926],[-49.09453101664138,-26.88649559636955],[-49.09453303138024,-26.88648608240885],[-49.09453525878186,-26.88647661193303],[-49.09453769774905,-26.88646719034274],[-49.09454169849985,-26.88645203408857],[-49.09454599121671,-26.88643693412249],[-49.09455057474178,-26.8864218994546],[-49.09455544598024,-26.88640693455601],[-49.09456060479571,-26.88639204754806],[-49.09456604807824,-26.88637724380419],[-49.09457177267245,-26.88636253140501],[-49.09457777647473,-26.88634791573756],[-49.09458418350325,-26.88633194442331],[-49.09459092604909,-26.88631607330804],[-49.09459800194804,-26.88630031138829],[-49.09460540799931,-26.88628466945172],[-49.09461313702213,-26.88626915552461],[-49.09462118683719,-26.88625377950587],[-49.09462955227645,-26.8862385494489],[-49.09463822713526,-26.88622347519829],[-49.09464772611196,-26.88620577653931],[-49.09465704123622,-26.88618799687522],[-49.09466617246269,-26.88617013891317],[-49.09467511774849,-26.88615220443078],[-49.09468387605703,-26.88613419521928],[-49.09469244632151,-26.88611611487462],[-49.09470082649905,-26.88609796517443],[-49.09470901654428,-26.88607974882586],[-49.09471894410493,-26.88605990149072],[-49.09472905964241,-26.88604012889652],[-49.09473936312637,-26.88602043284796],[-49.09474985252891,-26.88600081422021],[-49.0947605267831,-26.88598127660915],[-49.09477138585858,-26.88596182181949],[-49.09478242771232,-26.88594245162876],[-49.09479365130766,-26.88592316782809],[-49.09479792571305,-26.88591533605766],[-49.09480224619738,-26.88590751754469],[-49.09480661376701,-26.88589971230277],[-49.09481102534235,-26.88589192390062],[-49.09481547987165,-26.88588415503182],[-49.09481997631828,-26.88587640748752],[-49.09482451465198,-26.88586868307246],[-49.0948290918083,-26.88586098445304],[-49.09482986811241,-26.88586054995362],[-49.09483070661982,-26.88586018759682],[-49.0948315940514,-26.88585990893701],[-49.09483251522127,-26.88585971918484],[-49.09483345390692,-26.8858596253421],[-49.09483439200945,-26.88585962626208],[-49.09483531243627,-26.88585972081165],[-49.09483619920711,-26.88585990155466],[-49.09483788314922,-26.88585984393891],[-49.09483961293784,-26.88585951346066],[-49.09484130432831,-26.88585889183463],[-49.09484286553204,-26.88585799045882],[-49.0948442113507,-26.88585684789746],[-49.09484527930784,-26.88585552829339],[-49.0948460378964,-26.88585410974587],[-49.09484648685117,-26.88585266806779],[-49.09486555254917,-26.88582138467212],[-49.09488429085247,-26.88578993619871],[-49.09490269764508,-26.88575832800765],[-49.09492077086911,-26.88572656277903],[-49.09493850944271,-26.8856946450113],[-49.09495590924994,-26.88566258006451],[-49.09497296821777,-26.88563037152119],[-49.09498968526439,-26.88559802387972],[-49.09499833295212,-26.88558228313352],[-49.09500686677801,-26.88556648940409],[-49.09501528373823,-26.88555064174838],[-49.09502358578494,-26.88553474380305],[-49.09503176991431,-26.88551879462502],[-49.09503983710243,-26.88550279603264],[-49.09504778631271,-26.8854867498171],[-49.09505561653891,-26.88547065596485],[-49.09506332877223,-26.88545451539187],[-49.09507092096977,-26.88543832987577],[-49.09507839311643,-26.88542210031894],[-49.09508574419081,-26.88540582761022],[-49.09509297518413,-26.88538951266556],[-49.09510008505981,-26.88537315727616],[-49.09510707179013,-26.88535676231727],[-49.09511393737264,-26.88534032871843],[-49.09513461117832,-26.88528805316114],[-49.09514014321244,-26.88527443115604],[-49.09514552215423,-26.88526075473659],[-49.09515074698228,-26.88524702479157],[-49.0951558176361,-26.88523324493051],[-49.09516073108161,-26.8852194160151],[-49.09516548727345,-26.88520554075246],[-49.09517008718772,-26.88519162096094],[-49.09517452675375,-26.88517765929338],[-49.09517880894519,-26.88516365849765],[-49.09518292972163,-26.88514961942183],[-49.09518689105038,-26.88513554480021],[-49.0951906898671,-26.88512143729923],[-49.09519432815425,-26.88510729875077],[-49.09519780487527,-26.88509313094603],[-49.09520111795701,-26.88507893746738],[-49.09520426938195,-26.88506472014671],[-49.09520893911653,-26.88502088988201],[-49.09520958239045,-26.8850096018989],[-49.09521004165727,-26.88499830240859],[-49.09521031482871,-26.8849869958958],[-49.09521040387206,-26.88497568509479],[-49.09521030871174,-26.88496437451742],[-49.09521002828091,-26.88495306775965],[-49.09520956251911,-26.88494176843095],[-49.0952089133785,-26.88493048016795],[-49.09520745003157,-26.8849164253564],[-49.09520588189051,-26.88490237725483],[-49.09520420892513,-26.88488833766799],[-49.09520243012911,-26.88487430658229],[-49.09520054746977,-26.88486028673201],[-49.09519855891934,-26.88484627899237],[-49.09519646646025,-26.88483228519524],[-49.09519427006227,-26.88481830714539],[-49.09519078653738,-26.88479747200679],[-49.09518719608555,-26.88477665076995],[-49.09518349768538,-26.88475584432367],[-49.09517969334959,-26.88473505269507],[-49.09517578103531,-26.88471427766179],[-49.09517176275524,-26.88469351925092],[-49.095167637488,-26.88467277835128],[-49.09516340623996,-26.88465205497643],[-49.0951588442784,-26.88463376590561],[-49.09515449243602,-26.88461543183167],[-49.09515035264969,-26.8845970572936],[-49.09514642488904,-26.88457864409619],[-49.09514271011489,-26.88456019496014],[-49.09513920826661,-26.88454171349493],[-49.09513592030501,-26.88452320242128],[-49.09513284616946,-26.88450466534871],[-49.09512850741918,-26.88447756922946],[-49.09512421407621,-26.88445046650179],[-49.09511996615569,-26.88442335626335],[-49.09511576461848,-26.88439624123484],[-49.09511411108271,-26.88438602522655],[-49.09511273807701,-26.88437576697],[-49.09511164747775,-26.88436547461368],[-49.09511084012468,-26.88435515809729],[-49.09511031786391,-26.88434482737406],[-49.09511007955283,-26.88433449055178],[-49.09511012601605,-26.8843241584725],[-49.09511045611097,-26.88431383924401],[-49.0951120113972,-26.88430128641286],[-49.09511379987747,-26.88428875297287],[-49.09511582245211,-26.88427624525422],[-49.09511807904536,-26.88426376776875],[-49.09512056857516,-26.88425132501477],[-49.09512328890771,-26.88423892418407],[-49.09512623896095,-26.88422656977494],[-49.09512941765282,-26.88421426628567],[-49.09513249058373,-26.88420082683022],[-49.09513568797991,-26.88418740800728],[-49.0951390108174,-26.88417401163516],[-49.09514245804441,-26.88416064040737],[-49.09514602966091,-26.88414729432393],[-49.09514972559119,-26.88413397789668],[-49.09515354383769,-26.8841206901961],[-49.09515748432472,-26.88410743573403],[-49.09516450714379,-26.88408246135197],[-49.09517163428386,-26.88405750823286],[-49.09517886266536,-26.88403257994546],[-49.09518619329457,-26.88400767650336],[-49.09519039701901,-26.8839956503873],[-49.09519470694328,-26.88398365368309],[-49.09519912305223,-26.88397168729309],[-49.09520364533069,-26.88395975211965],[-49.09520827374837,-26.88394784996752],[-49.09521300627745,-26.88393598171193],[-49.09521784392425,-26.8839241473664],[-49.09522278563701,-26.88391234962451],[-49.09522822767178,-26.88389958745583],[-49.09523374085126,-26.88388684429779],[-49.09523932311739,-26.88387412283038],[-49.09524497546135,-26.88386142396952],[-49.09525069585531,-26.88384874859045],[-49.09525648527536,-26.88383609851144],[-49.09526234065707,-26.88382347639893],[-49.0952682640131,-26.88381088228002],[-49.09527411638784,-26.88379969973744],[-49.09528005773353,-26.88378855359479],[-49.09528608605265,-26.88377744292257],[-49.09529220029349,-26.88376637041432],[-49.09529840045602,-26.88375533607001],[-49.09530468650993,-26.88374434169438],[-49.09531105641233,-26.88373338906505],[-49.09531751017835,-26.8837224772796],[-49.09532523429423,-26.88370999950243],[-49.09533303827821,-26.88369756070995],[-49.09534092310632,-26.88368516272048],[-49.09534888775712,-26.88367280642279],[-49.0953569322457,-26.88366049091451],[-49.0953650544989,-26.88364821977796],[-49.09537325555327,-26.88363599122196],[-49.0953815343571,-26.88362380794005],[-49.09538946963491,-26.88361242241703],[-49.09539754754334,-26.88360111463317],[-49.09540576404198,-26.88358988543654],[-49.09541412007657,-26.88357873845019],[-49.09542261360422,-26.88356767545171],[-49.09543124258199,-26.88355669821866],[-49.09544000597332,-26.88354580854221],[-49.09544890072897,-26.88353500818637],[-49.09545419514648,-26.88352834544075],[-49.09545961118399,-26.88352175293062],[-49.09546514679857,-26.88351523243358],[-49.09547080092337,-26.88350878754552],[-49.09547656950286,-26.88350242001692],[-49.09548245348284,-26.88349613347083],[-49.09548844781659,-26.88348992874176],[-49.09549455244358,-26.88348380943918],[-49.09550076429946,-26.88347777822952],[-49.09550708135647,-26.88347183598798],[-49.09551350055028,-26.88346598538098],[-49.09552001982285,-26.88346022908847],[-49.09552663612498,-26.8834545688745],[-49.0955333474138,-26.88344900651665],[-49.09554015064008,-26.88344354377897],[-49.09554704374583,-26.88343818334144],[-49.09555733448273,-26.88342984868712],[-49.09556789283813,-26.88342176133607],[-49.09557870753074,-26.88341393377223],[-49.09558976531208,-26.88340637574524],[-49.09560105294878,-26.88339909610245],[-49.09561255519486,-26.88339210366401],[-49.0956242588321,-26.88338540637488],[-49.095636149636,-26.88337901216641],[-49.09564611186251,-26.88337268040889],[-49.09565618358,-26.88336648190307],[-49.09566636070269,-26.88336042020417],[-49.09567664021166,-26.88335449527145],[-49.09568701802117,-26.88334871066015],[-49.09569749006059,-26.88334306902307],[-49.09570805329589,-26.8833375712219],[-49.09571870367156,-26.88333221900708],[-49.09572866469185,-26.88332721943175],[-49.09573873171547,-26.88332238104097],[-49.09574889766801,-26.88331770554451],[-49.09575915745739,-26.88331319648401],[-49.09576950599158,-26.88330885740111],[-49.09577993721758,-26.88330468911678],[-49.0957904450673,-26.88330069335436],[-49.09580102342724,-26.8832968745443],[-49.09581539980828,-26.88329189477098],[-49.09582973653284,-26.88328681878831],[-49.09584403056679,-26.88328164745799],[-49.09585827991263,-26.88327637985051],[-49.0958724835186,-26.88327101865945],[-49.09588663735942,-26.88326556383057],[-49.09590074041363,-26.88326001625268],[-49.09591479165976,-26.8832543768146],[-49.09593286672568,-26.88324785654443],[-49.09595103919899,-26.88324152983392],[-49.09596930096875,-26.88323540018403],[-49.09598764598201,-26.88322946841573],[-49.09599099644111,-26.8832284665873],[-49.09599438676737,-26.88322754833333],[-49.09599781392672,-26.8832267145155],[-49.09600127183592,-26.88322596775952],[-49.09600475845207,-26.88322530984303],[-49.09600826874363,-26.8832247406982],[-49.09601179863996,-26.88322426297789],[-49.09601534312463,-26.88322387571192],[-49.09601889914845,-26.88322358066432],[-49.09602246067355,-26.88322337775372],[-49.09602602367468,-26.88322326692586],[-49.0960295841266,-26.88322324812648],[-49.09603313701285,-26.8832233203854],[-49.09603667829309,-26.88322348455072],[-49.09604020397231,-26.88322373876345],[-49.09604371004038,-26.88322408206695],[-49.09605028917254,-26.88322453990059],[-49.0960568544672,-26.88322516271915],[-49.09606339788901,-26.88322594951175],[-49.09606991041143,-26.88322689835157]]
     ]
    },
    "properties": {
    "OBJECTID": 58178,
    "SHAPE.LEN": 1622.5642100723
    }
  },
  {
   "type": "Feature",
    "geometry": {
    "type": "LineString",
     "coordinates": [
      [[-49.14161294592208,-26.88295753599972],[-49.1415955819382,-26.8829355677311],[-49.14157783597436,-26.88291572184413],[-49.14156219825195,-26.88290335007458],[-49.14152861057237,-26.88288267838951],[-49.14145180250045,-26.88284029122529],[-49.14138369267432,-26.88280303687952],[-49.14134125813816,-26.88277420394812],[-49.14130797519291,-26.88275355246947],[-49.14122240705293,-26.88271351580116],[-49.14109847154499,-26.88265746856849],[-49.14104261590655,-26.88263514714047],[-49.14093808997538,-26.88260381814225],[-49.14082237596493,-26.88257097168365],[-49.14048273943403,-26.88244985294095],[-49.14017821372091,-26.8823651495068],[-49.13984493947004,-26.88226729249002],[-49.13966206550575,-26.88220978735442],[-49.13948645113243,-26.88215147230395],[-49.13927836290733,-26.8820760042764],[-49.13904877454502,-26.8819871804863],[-49.1389134872163,-26.88193094484708],[-49.13869304792757,-26.88183192441858],[-49.13843262030481,-26.88171139506361],[-49.13821135454409,-26.88160052012458],[-49.13806987157196,-26.88152385313812],[-49.13791685348329,-26.88143609456313],[-49.13771742857192,-26.88131914712612],[-49.13754717640123,-26.88121080393777],[-49.13741068304656,-26.88112509677023],[-49.13723445768501,-26.88100331070839],[-49.13705931503191,-26.88087880567263],[-49.13691463089243,-26.88076838992584],[-49.1367394258202,-26.88062779050229],[-49.13658179536158,-26.88048834785477],[-49.1364091387939,-26.88034019358614],[-49.13623116648321,-26.88018042666154],[-49.1360409165474,-26.88001259354731],[-49.13583236269998,-26.87982628633233],[-49.13579891486357,-26.87979439238564],[-49.13558203194357,-26.87959427900829],[-49.13534333558358,-26.87939477096814],[-49.13510100856158,-26.87922273008892],[-49.13490929202143,-26.87909249976605],[-49.13478755021529,-26.87902349785121],[-49.13463887243349,-26.87895129160076],[-49.13450539690273,-26.87889890554833],[-49.13433792145265,-26.878832480974],[-49.13413009611015,-26.87875845239885],[-49.13390371772542,-26.87867714728245],[-49.13373697508169,-26.87862705955097],[-49.13353936346579,-26.87856204654371],[-49.13331024240368,-26.87848862991033],[-49.13306255110153,-26.87840886871163],[-49.13283761822976,-26.87833364824764],[-49.13261827944754,-26.87826457580757],[-49.13240677944447,-26.87819282127034],[-49.13219414483174,-26.87812618174384],[-49.13193543800954,-26.87804384592303],[-49.13167768816223,-26.87796007815406],[-49.13139771653055,-26.87786465511854],[-49.13117703085479,-26.87779277097883],[-49.13093370279934,-26.87771374983702],[-49.13071384160389,-26.87764293373622],[-49.1305073913317,-26.87757542133647],[-49.12991320514254,-26.87738312320237],[-49.12969383427743,-26.87731861482677],[-49.12947070570782,-26.87724730229489],[-49.12920843505353,-26.87716007475145],[-49.12900909229892,-26.87708872537156],[-49.12876293657093,-26.87701114429535],[-49.1285232060922,-26.87694129735316],[-49.12829059664357,-26.87687739132432],[-49.1280769212789,-26.87682511563044],[-49.12785119539191,-26.87677210498585],[-49.1275609380051,-26.87671025895677],[-49.12733591510219,-26.87666702192398],[-49.1271652851517,-26.87663912029996],[-49.12696288423871,-26.8766072555133],[-49.12686909577679,-26.87659433709394],[-49.12667111309916,-26.87656909228782],[-49.12637477751676,-26.87653460464795],[-49.12606531701041,-26.8765067974596],[-49.1257860817311,-26.87648783156731],[-49.1253390836187,-26.87647050856192],[-49.12512956497071,-26.87646455118043],[-49.12482713447179,-26.87646034157514],[-49.12456458862363,-26.87645928008757],[-49.12435695561464,-26.87645640997349],[-49.12406601944459,-26.87645402473387],[-49.12376893554106,-26.87645225675691],[-49.12346531125809,-26.87645178314414],[-49.12322467386948,-26.87644822206706],[-49.12286849867144,-26.87644446496606],[-49.12251617250264,-26.87643972465498],[-49.12196615412912,-26.87643562395705],[-49.12164604514966,-26.87643598061844],[-49.12132766630784,-26.87643609690731],[-49.12115175064357,-26.87643356260523],[-49.12085788363329,-26.87642913164741],[-49.12066986466474,-26.87642247882331],[-49.12055933739737,-26.87641880531936],[-49.12036147875074,-26.87640584298706],[-49.12029070655387,-26.87639896237787],[-49.12018388194816,-26.87638471982196],[-49.12011079200092,-26.87637503102723],[-49.12002327161837,-26.87636135299521],[-49.11994256545645,-26.87634522571147],[-49.11985823054803,-26.87632486389799],[-49.11972086961338,-26.87629052831883],[-49.11962924385698,-26.87626286489821],[-49.1194994283392,-26.87621961270106],[-49.11935310393483,-26.8761667889414],[-49.11920557835803,-26.8761110815294],[-49.11900125831828,-26.87602732544114],[-49.1188266664846,-26.87595284815091],[-49.1186642017,-26.87588592702311],[-49.11845776600065,-26.87579954887577],[-49.11823914931122,-26.87570605197157],[-49.11801532280586,-26.87561277597591],[-49.11782212842324,-26.87553471914938],[-49.11760188670988,-26.8754434470837],[-49.11740074126612,-26.87535867593743],[-49.1172522181906,-26.87529459532387],[-49.11721043192055,-26.87527651388037]]
     ]
    },
    "properties": {
    "OBJECTID": 64614,
    "SHAPE.LEN": 2637.03882377991
    }
  },
  {
   "type": "Feature",
    "geometry": {
    "type": "LineString",
     "coordinates": [
      [[-49.11981636428348,-26.86749323303882],[-49.11978130130996,-26.86755806507122],[-49.11973297059693,-26.86763477099371],[-49.11969401862326,-26.86769778579344],[-49.1196563482,-26.8677581586121],[-49.11962077482325,-26.86780820665211],[-49.11959991493823,-26.8678346664059],[-49.11957742578458,-26.86785655634048],[-49.11955073807749,-26.86787739935998],[-49.11951226040682,-26.86790321939413],[-49.11940984489737,-26.8679648868116],[-49.11933763229906,-26.86800687717036],[-49.11926281504278,-26.86806316048541],[-49.11922690683152,-26.86809608369283],[-49.11921883813886,-26.86810491822858],[-49.11921578256473,-26.86811660125874],[-49.1192162961101,-26.86812181511648],[-49.11921940437695,-26.86812884250729],[-49.11922666628184,-26.86813792802098],[-49.11923372531729,-26.86814309541315],[-49.11924628079954,-26.86814927194192],[-49.1193396285863,-26.86817921386466],[-49.11938082717163,-26.86819387590927],[-49.11947962972192,-26.86823708344725],[-49.11959673030051,-26.86828945918939],[-49.11971605359217,-26.86834387718257],[-49.11981804462786,-26.86839104595136],[-49.11989335767637,-26.8684106503197],[-49.11989938112276,-26.86841095249735],[-49.11992404315254,-26.86841005490723],[-49.11994559481058,-26.86840785140654],[-49.11998431995423,-26.8683983488094],[-49.12010842662746,-26.86833584582775],[-49.12016092716465,-26.86830519289338],[-49.12021186624855,-26.86827840209609],[-49.12025799032848,-26.86825454923334],[-49.12030848052606,-26.86823146928137],[-49.12035305956583,-26.86821079008943],[-49.12040905952325,-26.86818699994268],[-49.12049538732618,-26.86813487839087],[-49.12059440699425,-26.86807788553662],[-49.12060012445018,-26.86807350279729],[-49.12060556148646,-26.86806666309639],[-49.12072682773033,-26.86787668096684],[-49.12073266041406,-26.8678673978028],[-49.12073493266143,-26.86785791655706],[-49.1207355035342,-26.86784597208932],[-49.12073363573463,-26.86783531387015],[-49.12072978681405,-26.86782584238165],[-49.1207241851393,-26.86781719782065],[-49.12071411146172,-26.86780913191597],[-49.12070031322509,-26.86780172500875],[-49.12063846021427,-26.86777134539061],[-49.12054255594229,-26.86772400544961],[-49.12047914282445,-26.86769461501009],[-49.12038306026427,-26.86764771847202],[-49.12032841618072,-26.86762075703403],[-49.12023442989402,-26.86757399478811],[-49.1202017257116,-26.86762595312003],[-49.12011467621761,-26.86758390341537],[-49.12016691092317,-26.86747650446135],[-49.12023349824754,-26.86750630912395],[-49.12037718278509,-26.86757201432552],[-49.12049997803823,-26.86763232568947],[-49.12063498878076,-26.8676999695631],[-49.12076709615769,-26.86776499781632],[-49.12077138420178,-26.86776714523282],[-49.12077594926336,-26.86776568598422],[-49.12082036590058,-26.86773113441533],[-49.12082880678958,-26.86772071888544],[-49.12091423452531,-26.86755694045338],[-49.12091908379616,-26.8675535083128],[-49.12092356257196,-26.86755178886905],[-49.12096505083919,-26.86754947663633]]
     ]
    },
    "properties": {
    "OBJECTID": 61415,
    "SHAPE.LEN": 467.77605614587
    }
  },
  {
   "type": "Feature",
    "geometry": {
    "type": "LineString",
     "coordinates": [
      [[-49.11905549074262,-26.86665942121698],[-49.11905388180759,-26.86666268702282],[-49.11896705217784,-26.8668191138965],[-49.11889962987569,-26.86693734794824],[-49.1188379458332,-26.86704373156728],[-49.11881900769492,-26.86707648254554],[-49.11881522696771,-26.86708467102752],[-49.11881500363632,-26.86709086792249],[-49.11881754435353,-26.86710038161275],[-49.11882213369725,-26.86710931242581],[-49.11882928523445,-26.86711970975178],[-49.11885113717868,-26.86714258336248],[-49.11899218158884,-26.86727141328959],[-49.11910280329784,-26.86737295370937],[-49.11915864340676,-26.86742668509985],[-49.11926194025069,-26.86752095776238],[-49.11934110387005,-26.86759246184508],[-49.11948688758269,-26.86772299438725],[-49.11955215901644,-26.86778105178023],[-49.11956011211817,-26.86778564888493],[-49.1195663541229,-26.86778697300442],[-49.1195733450082,-26.86778573561904],[-49.11958005221059,-26.86778406482703],[-49.11958580088946,-26.86777840448208],[-49.11959488731544,-26.86776851751069],[-49.11963421120852,-26.86770596078951],[-49.1197025595709,-26.86759834861757],[-49.11975482924284,-26.86751216018722],[-49.11976575854548,-26.86749185930571],[-49.11977385647624,-26.867476202469],[-49.11978863086414,-26.86744990270549],[-49.11980561086812,-26.86741851822857],[-49.11982268024367,-26.86737734999289],[-49.11985408586651,-26.86730259949664],[-49.11993440192094,-26.86712337630634],[-49.11995634318131,-26.86707728155937]]
     ]
    },
    "properties": {
    "OBJECTID": 61409,
    "SHAPE.LEN": 249.681644617407
    }
  },
  {
   "type": "Feature",
    "geometry": {
    "type": "LineString",
     "coordinates": [
      [[-49.11866667299271,-26.8827206612983],[-49.11867554199284,-26.88272179572997],[-49.11868293964752,-26.88271999972902],[-49.11869084268637,-26.88271692156732],[-49.11869940203371,-26.88271116695601],[-49.1187217350927,-26.88268018260398],[-49.11878744703321,-26.88255676909358],[-49.11886990080426,-26.88240301787152],[-49.11895100910231,-26.88224601471088],[-49.11904249400582,-26.8820717839263]]
     ]
    },
    "properties": {
    "OBJECTID": 61369,
    "SHAPE.LEN": 82.2276216526203
    }
  },
  {
   "type": "Feature",
    "geometry": {
    "type": "LineString",
     "coordinates": [
      [[-49.11909347244797,-26.88212422597777],[-49.11901306463432,-26.88227261977692]]
     ]
    },
    "properties": {
    "OBJECTID": 61365,
    "SHAPE.LEN": 18.2810307017958
    }
  },
  {
   "type": "Feature",
    "geometry": {
    "type": "LineString",
     "coordinates": [
      [[-49.11742819385316,-26.88018826977222],[-49.11734151592157,-26.88015111956382],[-49.11728351471719,-26.88012527276772],[-49.11721922938959,-26.88009489786806],[-49.11708028229248,-26.88002426988822],[-49.11699263452645,-26.87997720970649],[-49.11690785580156,-26.87993127984449],[-49.11678900306132,-26.87986770598049],[-49.11674464021994,-26.87984327010197],[-49.11666849616916,-26.87980228494247],[-49.1165163160867,-26.87974768411456],[-49.11642517905926,-26.87971768917462],[-49.11629354805697,-26.87967724384953],[-49.11617486137137,-26.87963895850984],[-49.11614695037133,-26.87963126815756],[-49.11606225494165,-26.87960590430538],[-49.1159937885126,-26.87958430941208],[-49.1159695909388,-26.87957508000053],[-49.11595901023598,-26.87957072291898],[-49.1159498257167,-26.87956314056877],[-49.1159386246167,-26.87955170617088],[-49.11593262866068,-26.87954176185973],[-49.11592903930357,-26.87953127018546],[-49.11592710088196,-26.87951390568717],[-49.11592892744427,-26.87950129837912],[-49.11593232127734,-26.87949444879967],[-49.1159933737549,-26.87938488507639],[-49.11615653720988,-26.8791011637262],[-49.11624082758118,-26.87895615025153],[-49.1163130655623,-26.87883075705556],[-49.11637821331149,-26.87871970341154],[-49.11638657759993,-26.87870718597096],[-49.11639372769277,-26.8787015489898],[-49.11639833510966,-26.87869987204331],[-49.1164161553016,-26.87870406296231],[-49.11647897736025,-26.8787164572508],[-49.11658154920199,-26.878737792643],[-49.11675422751707,-26.87877576029842],[-49.11685254132549,-26.8787955539831],[-49.11693714443376,-26.87881492656366],[-49.11706284857142,-26.87884503709804],[-49.11717814021817,-26.8788684803526],[-49.11734669412004,-26.87890506101592],[-49.11744539739678,-26.8789245074776],[-49.11750574874922,-26.87894090926617],[-49.11762630124322,-26.87897026830718],[-49.11772509270804,-26.87899089904107],[-49.11782811703501,-26.87901624163576],[-49.11788897539104,-26.87903114811758],[-49.11800563938436,-26.87906096589936],[-49.11813194468322,-26.87909054917997]]
     ]
    },
    "properties": {
    "OBJECTID": 61378,
    "SHAPE.LEN": 448.745113073535
    }
  },
  {
   "type": "Feature",
    "geometry": {
    "type": "LineString",
     "coordinates": [
      [[-49.11898020552224,-26.87842380250248],[-49.11898700093654,-26.87836492887913],[-49.11900420600207,-26.87824682268524],[-49.11901363813535,-26.87818316435854],[-49.11902100199444,-26.87815117187958],[-49.11904939209284,-26.87805295414061],[-49.11906750166685,-26.87798817569995],[-49.11908066483257,-26.87795479282377],[-49.11910306019706,-26.87790192148253],[-49.11916632588063,-26.87775655844621],[-49.11919109889433,-26.87771491170473],[-49.11925771327351,-26.87762625661992],[-49.11926565479327,-26.87761566309145],[-49.11927859076476,-26.87759721405649],[-49.11932051707947,-26.87752591915075],[-49.11934411538487,-26.87748822540845],[-49.11934516746673,-26.87748437724956],[-49.11934368517495,-26.87748101614533]]
     ]
    },
    "properties": {
    "OBJECTID": 61384,
    "SHAPE.LEN": 112.079802177295
    }
  },
  {
   "type": "Feature",
    "geometry": {
    "type": "LineString",
     "coordinates": [
      [[-49.11608534704426,-26.87467425115237],[-49.1160248425193,-26.87463615678142],[-49.11595213903571,-26.87458917352292],[-49.1158796046531,-26.87453982590635],[-49.11579896445756,-26.8744853048494],[-49.1157316423811,-26.87443883010096],[-49.11565644986466,-26.87438761558144],[-49.11558686307498,-26.87433788021227],[-49.11552282679759,-26.87429252778299],[-49.11544945811527,-26.87424198554154],[-49.11536836009526,-26.87418584432438],[-49.11529886096517,-26.87413793862769],[-49.11528930867635,-26.87413156170846],[-49.11527950629635,-26.87412539626768],[-49.1152741070427,-26.87412585496394],[-49.11526951702403,-26.87412879934238],[-49.11526675521092,-26.87413220134893],[-49.11526677447571,-26.87413747179853],[-49.11526649221572,-26.87415187960467],[-49.11526386169532,-26.87416732925913],[-49.1152578784377,-26.8741850962534],[-49.11524769149963,-26.87420484520762],[-49.11523528718915,-26.87422520812441],[-49.11522455459089,-26.87424150733923],[-49.11521021379852,-26.87426065842442],[-49.11519655394851,-26.87427637703613],[-49.11517711102928,-26.87429330287661],[-49.11516317187571,-26.87430450122464],[-49.11514682904014,-26.87431953598298],[-49.11513894088404,-26.87432823997754],[-49.11513478823803,-26.87433387988836],[-49.11513519740421,-26.87433797315314],[-49.11513741315702,-26.87434370614556],[-49.11514322160276,-26.87434733981748],[-49.1151861153952,-26.87436517306922],[-49.11524858635904,-26.87439038976231],[-49.11532649361686,-26.87442185424139],[-49.11541174204117,-26.87445374784945],[-49.11548440822212,-26.87448384532079],[-49.11554599937683,-26.874510232538],[-49.11561477001439,-26.87453909018515],[-49.1156748903581,-26.87456556333402],[-49.11574717392226,-26.87459640742539],[-49.11581692472503,-26.87462527985473],[-49.11588459903616,-26.87465379872684],[-49.11594766228158,-26.87468009890125],[-49.1160226307544,-26.87471152021097],[-49.116085336694,-26.87473727852359],[-49.11615590687423,-26.87476809776196],[-49.11622501511902,-26.87479846603869],[-49.11628524760408,-26.87482547747075],[-49.11635841727333,-26.87486117454114],[-49.11643012501263,-26.87489642064965],[-49.1164909439583,-26.87492473231778],[-49.11656562376901,-26.8749584077698],[-49.11662901650234,-26.87498664899132],[-49.11670571477289,-26.87502357982574],[-49.11677588169258,-26.8750562220285],[-49.116801773139,-26.8750664937712],[-49.11680665979316,-26.87506720966956],[-49.11681182170382,-26.87506631721953],[-49.11681399710711,-26.87506161666918],[-49.11681250766627,-26.87505632481651],[-49.11677234435902,-26.87503670340894],[-49.11669503606371,-26.8749996552653],[-49.11661322572841,-26.87496103613984],[-49.11653862392622,-26.87492338225465],[-49.11646775615558,-26.87488900936614],[-49.11639149981124,-26.87484831961769],[-49.11630312632169,-26.87480078553889],[-49.11621925777297,-26.87475471499186],[-49.11616598092099,-26.87472285642852],[-49.11608534704426,-26.87467425115237]]
     ]
    },
    "properties": {
    "OBJECTID": 66660,
    "SHAPE.LEN": 399.754989476063
    }
  },
  {
   "type": "Feature",
    "geometry": {
    "type": "LineString",
     "coordinates": [
      [[-49.11776472785039,-26.86795952902593],[-49.11787466708321,-26.86787379719986],[-49.11791325181936,-26.86784347695155],[-49.11803911655345,-26.86776283467042],[-49.11818746400636,-26.8676617881401],[-49.11823427005348,-26.86762477538641],[-49.11826119549973,-26.86760040306463],[-49.11826238634625,-26.86759345727278],[-49.11826057257438,-26.86758903301125],[-49.11824303208306,-26.86757035688848],[-49.11817065813893,-26.867519842023],[-49.11813515095458,-26.86749504447186],[-49.11797610136622,-26.86738853768192]]
     ]
    },
    "properties": {
    "OBJECTID": 61442,
    "SHAPE.LEN": 100.779115785221
    }
  },
  {
   "type": "Feature",
    "geometry": {
    "type": "LineString",
     "coordinates": [
      [[-49.11508360172031,-26.85530495091658],[-49.11514653272138,-26.85526378727251],[-49.11524398361518,-26.85520010761512],[-49.11534511091124,-26.85513433325768],[-49.11545231683684,-26.85506736270137],[-49.11552325875056,-26.85502091362247],[-49.11560943572541,-26.85496372914702],[-49.11572035696499,-26.85489272730451],[-49.115835000803,-26.85481726475938],[-49.11593659405548,-26.85475235813],[-49.11602546916303,-26.85469349352568],[-49.11607076764046,-26.85465740526274],[-49.11612014826065,-26.85462310074373],[-49.11616090567909,-26.85459597870638],[-49.11621410310578,-26.85456453025864],[-49.11625428111896,-26.85454213093135],[-49.11629437532469,-26.85452381829323],[-49.11633152040623,-26.8545076117951],[-49.11637666099841,-26.85449131325857],[-49.11640907901164,-26.85448127250603],[-49.11646563538837,-26.85446343009146],[-49.11654260543082,-26.85444224478173],[-49.11662267966305,-26.85442325887361],[-49.11668397802125,-26.85441043655824],[-49.11677436821676,-26.85439634283105],[-49.11687351122144,-26.85438066336602],[-49.11699103933556,-26.85436612861356],[-49.11707264770111,-26.85435512550857],[-49.1171416289727,-26.85434564922786],[-49.11725455643368,-26.85433104304576],[-49.11738735725405,-26.85431588279723],[-49.117499466449,-26.8543057811657],[-49.11755865800197,-26.85430131725302],[-49.11761735196412,-26.85429749023439],[-49.1176379298694,-26.8542980232957],[-49.11765261419876,-26.85430255215668],[-49.11766894446106,-26.85430947403135],[-49.1176810372387,-26.85432235342131],[-49.1176933161355,-26.85433803240819],[-49.11771095433571,-26.85436412099716],[-49.11772418262121,-26.8543927232392],[-49.11772981418842,-26.85441367778986],[-49.11772992733428,-26.85441553591955],[-49.11772497538292,-26.85442702581346],[-49.11773021346538,-26.85446895758309],[-49.11773803933512,-26.85456028272583],[-49.11774134817901,-26.85461377713054],[-49.11774692365756,-26.85469569803017],[-49.11775249352213,-26.85478567986561],[-49.11775623399685,-26.8548447724501],[-49.11775995620869,-26.85489268714426],[-49.11776044410313,-26.85491215253017],[-49.11775747630065,-26.85492207667876],[-49.1177529006212,-26.85493314465839],[-49.11774402405218,-26.85494463644843],[-49.1177334460789,-26.85495264776894],[-49.11772146357631,-26.85495827199607],[-49.11771319562571,-26.85495986508518],[-49.11767220842262,-26.85496245940548],[-49.1176208259532,-26.85496403255555],[-49.11754227085515,-26.85496776746704],[-49.11746951393545,-26.854972238441],[-49.11740260445217,-26.85497507775242],[-49.11730443100679,-26.85497872454965],[-49.11720646090512,-26.85498431184229],[-49.11707649792856,-26.85499090983503],[-49.11694339872597,-26.85499681426099],[-49.11684980962281,-26.85500139280668],[-49.11673950305777,-26.85500614300025],[-49.11672301991463,-26.85500674926705],[-49.1167175583681,-26.85501333398864],[-49.11671352543157,-26.85503306407199],[-49.11671360209611,-26.85507716822216],[-49.11671492941398,-26.85510730705289],[-49.1167624467959,-26.8551052449879],[-49.11681920455634,-26.85510138801058],[-49.11681820373,-26.85507899863215],[-49.11681894505477,-26.85506631722614],[-49.11682000476474,-26.85506181569876],[-49.11682323542837,-26.85505777814022],[-49.11683148613629,-26.85505704504014],[-49.11695709102777,-26.85505037929338],[-49.1170455646649,-26.85504722812486],[-49.11719492188344,-26.85503985321769],[-49.11730354244367,-26.85503464606879],[-49.11741262051505,-26.85503073653193],[-49.11759160996884,-26.85501930156985],[-49.11765801831852,-26.85501731476],[-49.11769752742817,-26.85501598875515],[-49.11772103273825,-26.85501549122393],[-49.11773429437534,-26.85501849291143],[-49.11774676876281,-26.85502449334254],[-49.11775633210868,-26.85503066531362],[-49.11776153729348,-26.85503676932476],[-49.11776694229434,-26.85504502776552],[-49.1177685146546,-26.85505107618309],[-49.11776860710013,-26.8550563737989],[-49.11777221606707,-26.85509872794616],[-49.11777670675361,-26.85516386973245],[-49.11778100161292,-26.85523148019593],[-49.11778313575942,-26.85529904112865],[-49.11778589558344,-26.85538145164168],[-49.11778535778869,-26.85540293960693],[-49.11778326157011,-26.85540884259869],[-49.11777931597086,-26.85541394293447],[-49.11777212306753,-26.85541910202303],[-49.11776555892993,-26.85542287318039],[-49.11776013516482,-26.85542365119741],[-49.11771590074807,-26.85542531594405],[-49.11759762937133,-26.8554292467875],[-49.11751275304623,-26.85543306176241],[-49.11741943777089,-26.85543846296604],[-49.1173660557654,-26.85544105728908],[-49.11727156464078,-26.85544515022866],[-49.11719750885989,-26.85544849176242],[-49.11706959374533,-26.85545420448851],[-49.11697751215492,-26.85545790511048],[-49.11687819738496,-26.85546299587441],[-49.11678371894256,-26.85546644330499],[-49.11670078493492,-26.85546921410006],[-49.11670877118044,-26.85557705603639],[-49.11674387630346,-26.85557546223146],[-49.11683189172642,-26.85557083750138],[-49.11683035467527,-26.85553877787975],[-49.11683117195052,-26.8555338461991],[-49.11683412025706,-26.85553045293718],[-49.11683826166021,-26.85552750790918],[-49.11690464605437,-26.85552340006635],[-49.11707632392705,-26.85551558614548],[-49.11716744835857,-26.85551165518801],[-49.1172597486151,-26.85550903324041],[-49.11735400391606,-26.85550472145161],[-49.11743454464945,-26.8555014833525],[-49.11751823251701,-26.85549700363917],[-49.11759422811601,-26.85549283301972],[-49.11768462764777,-26.85548910508431],[-49.11774209673544,-26.85548636107921],[-49.11777094110951,-26.85548552756998],[-49.11777763197416,-26.85548735414365],[-49.11778069485891,-26.85549041227812],[-49.11778609316527,-26.85549694849212],[-49.11778859650733,-26.85550408248259],[-49.11779173592619,-26.85551552757819],[-49.11780288588095,-26.85566855183364],[-49.11781254311637,-26.85581843776994],[-49.11781297592857,-26.85584542639121],[-49.11781079958813,-26.85585872321664],[-49.11780605713003,-26.85586843509321],[-49.11780088474787,-26.85587566815477],[-49.11779468182431,-26.85588041350116],[-49.11778717365057,-26.85588449431178],[-49.11777763478749,-26.85588832965585],[-49.11776812662417,-26.85589055338652],[-49.11776224282106,-26.85589121786904],[-49.11774809700933,-26.85589165319436],[-49.11756591547621,-26.85589869351419],[-49.11747067886758,-26.85590123231729],[-49.11736968681376,-26.85590604293474],[-49.11724632089411,-26.85591113583855],[-49.11713152392732,-26.85591615232874],[-49.11699886664872,-26.85592173862196],[-49.11685857688715,-26.85592827552595],[-49.11673049504889,-26.85593114074642],[-49.11673410810857,-26.8560384848529],[-49.11679365612048,-26.85603558210788],[-49.11684368091856,-26.85603295411822],[-49.11684169659869,-26.85601271153121],[-49.11684181436715,-26.85600669374516],[-49.11684388175387,-26.85599834256917],[-49.11684707027118,-26.85599344879726],[-49.1168518831435,-26.8559907320439],[-49.11695974827533,-26.85598732391721],[-49.11706810652716,-26.85598306301332],[-49.11718719438952,-26.85597768583362],[-49.11729934578175,-26.85597413145662],[-49.11745225695041,-26.85596715386389],[-49.1175610991689,-26.85596247029644],[-49.11769236142041,-26.85595514095678],[-49.11772859295635,-26.85595207354366],[-49.11775166841419,-26.85595244850875],[-49.11776923399849,-26.85595466810101],[-49.11778461710933,-26.85595900317838],[-49.11779520462317,-26.85596519510476],[-49.11780265340597,-26.85597370099044],[-49.11780959740381,-26.85598370386534],[-49.11781420374344,-26.8559915184286],[-49.11781828804553,-26.85600168991764],[-49.11781975565341,-26.85601181844104],[-49.11782053990492,-26.85602043144649],[-49.1178287886718,-26.85616439930997],[-49.11782985020992,-26.85618258524149],[-49.11783529460698,-26.85625491980351],[-49.11783727332971,-26.85629849329584],[-49.11783497723337,-26.85631221545],[-49.11783099990314,-26.85632676996825],[-49.11782518940644,-26.85633796050273],[-49.1178143806263,-26.85634939045939],[-49.11780462783042,-26.85635556968272],[-49.11779220885711,-26.85635837202407],[-49.11771069184208,-26.85636292049666],[-49.1176212797621,-26.85636671211611],[-49.11748059007012,-26.85637530850973],[-49.11737907900882,-26.85637977463745],[-49.11726595196205,-26.85638449213842],[-49.1171613659379,-26.85638869511566],[-49.11709758606045,-26.85639051268822],[-49.11701196022393,-26.85639457639162],[-49.11695031116641,-26.85639642679548],[-49.11689220380382,-26.85639897692574],[-49.11682984091995,-26.85640103077775],[-49.11678075199257,-26.85640285889601],[-49.11672663196845,-26.85640472015384],[-49.11663348721427,-26.85640348274243],[-49.1165998211159,-26.85640360280425],[-49.11654786363513,-26.85640558667651],[-49.11642047641425,-26.85640961886909],[-49.11627385822116,-26.85641507077117],[-49.1161568941504,-26.8564194799114],[-49.11610232543047,-26.85642163731593],[-49.11607977649758,-26.85642300567269],[-49.11606361337636,-26.85642511712173],[-49.11604599417981,-26.8564289258828],[-49.11602451515618,-26.85643611302775],[-49.11599962834013,-26.8564477595608],[-49.11597946375754,-26.85646034002638],[-49.11596258362012,-26.85647469091522],[-49.1159492670001,-26.85648866688854],[-49.11593758752681,-26.85650374327325],[-49.11592730064663,-26.85652034644154],[-49.11591665299571,-26.85654317535825],[-49.11591110106772,-26.85656006638145],[-49.11590793208313,-26.8565763501353],[-49.11590686698492,-26.8565941710574],[-49.11590950903304,-26.85665202328815],[-49.11591414138029,-26.85675288775218],[-49.11592075845922,-26.85689697918953],[-49.11592680130556,-26.85703418525806],[-49.11606726274142,-26.85702842423872],[-49.1160638542201,-26.85690178917821],[-49.11598224125581,-26.85690481539921],[-49.1159745652546,-26.85671858430764],[-49.11596926522404,-26.85661556007895],[-49.1159687104128,-26.85659577971049],[-49.11596965214365,-26.85658418950652],[-49.11597201541922,-26.85657262186016],[-49.1159751036928,-26.8565604194298],[-49.11598745295608,-26.85653546773901],[-49.11599936072004,-26.85652082492687],[-49.11602155775649,-26.85650139925032],[-49.11604050625571,-26.85649030447561],[-49.11606176612376,-26.85648225424227],[-49.11607770908179,-26.856479279694],[-49.11609173482755,-26.8564773491574],[-49.1161949395795,-26.8564733704625],[-49.11641342766076,-26.85646603050807],[-49.11647342639525,-26.85646503115166],[-49.11649139970367,-26.85646809393875],[-49.11650788348555,-26.85647457031758],[-49.11652479038678,-26.85648363102409],[-49.1165376441998,-26.85649370458093],[-49.11654805875464,-26.8565071781738],[-49.11655717302319,-26.8565264317579],[-49.11656108710921,-26.856544747763],[-49.11655983602818,-26.85656019421683],[-49.11655921454772,-26.85656770268206],[-49.11655369375379,-26.85658308412064],[-49.11653550480136,-26.85662748823504],[-49.1165073877991,-26.85669429585273],[-49.11648906027589,-26.85673333313465],[-49.11646328213008,-26.85678475571768],[-49.11643915461503,-26.85683093549941],[-49.11641109298849,-26.85688339720783],[-49.11639128841351,-26.85692168820834],[-49.11636761588326,-26.85696894992164],[-49.11634412743321,-26.85701900939519],[-49.11632088274224,-26.85706874988855],[-49.11630012271897,-26.85711326050387],[-49.11628122637502,-26.85715382276373],[-49.11626071288534,-26.85719790702561],[-49.11624130790751,-26.85724007361796],[-49.11622203812592,-26.85728148925106],[-49.11619595121432,-26.85733762367425],[-49.11616409982032,-26.85740592214936],[-49.11613199067758,-26.85747507644277],[-49.11610788060127,-26.85752844639297],[-49.11607878425718,-26.85759098334401],[-49.11605220360792,-26.85764775469675],[-49.1160258598151,-26.85770474491828],[-49.11600529218349,-26.85774892589],[-49.1159904773497,-26.85778158710045],[-49.1159773979655,-26.85781148154472],[-49.11596848750367,-26.85783714065752],[-49.11596194600365,-26.85786455618931],[-49.1159562865578,-26.85789607039095],[-49.11595283078316,-26.85792546941907],[-49.11595067548775,-26.85796219854],[-49.11595280130005,-26.85801361294975],[-49.11595704618473,-26.85807967931683],[-49.11596113708522,-26.858178421787],[-49.11596796910345,-26.85830923901475],[-49.11597174897739,-26.85841163010547],[-49.11597783301446,-26.85853147183293],[-49.11598254016565,-26.85863559741665],[-49.11598586003392,-26.85871218373448],[-49.11598943428611,-26.85880038341596],[-49.11599479581902,-26.85888323652856],[-49.11599965098988,-26.85899209453839],[-49.11600420200398,-26.85909191811247],[-49.11600898201216,-26.85920464450723],[-49.11601243721242,-26.85928660752803],[-49.11601386714648,-26.85931199830056],[-49.11601668445638,-26.85934020468196],[-49.1160224163619,-26.85937920694103],[-49.11602896330991,-26.85942574583165],[-49.11603641317271,-26.85947530778627],[-49.11604513712743,-26.85953349017938],[-49.11604937195384,-26.85956730968647],[-49.11605473927141,-26.85960566263745],[-49.11605490105846,-26.85962286448591],[-49.11605284622128,-26.85964132116954],[-49.1160486443554,-26.85965737904237],[-49.11604295627451,-26.85967470329096],[-49.11602683772489,-26.8597023982277],[-49.11600119043521,-26.85974434706225],[-49.11596072876978,-26.8598094961724],[-49.11592378232964,-26.85986911143394],[-49.11588436762764,-26.85993040689031],[-49.11585169576694,-26.85998299470882],[-49.11582052280052,-26.86003367096461],[-49.11579687747735,-26.86007285654739],[-49.11578273199161,-26.86009929156759],[-49.11575941097599,-26.86014708221328],[-49.11574899272207,-26.86016970655566],[-49.11574448583978,-26.8601889843887],[-49.11574290262596,-26.86020830841915],[-49.11574941359792,-26.86035374414301],[-49.11575416265023,-26.86046346359237],[-49.11575834804307,-26.86057725792465],[-49.11576049405289,-26.86066995238088],[-49.11576585258661,-26.86078613073724],[-49.11576981830913,-26.86088573347781],[-49.11577572041396,-26.86103760824867],[-49.11577806211773,-26.86113288580365],[-49.11578328644966,-26.86124325692911],[-49.11578567236671,-26.86133617029494],[-49.11578967876407,-26.86143362270834],[-49.11579503299965,-26.86160161396921],[-49.11580141379547,-26.86172812791984],[-49.11580576491973,-26.86184601045414],[-49.11581006339143,-26.86200538508184],[-49.11581935073555,-26.86224889852221],[-49.11582381612079,-26.862347864364],[-49.11582763864602,-26.86246788799849],[-49.11583266385915,-26.86260169030087],[-49.11584025118225,-26.86279336538903],[-49.11584325427359,-26.86290520697979],[-49.11584503494223,-26.86298199387427],[-49.11584546270234,-26.86300482147016],[-49.11584488062858,-26.86300976349304],[-49.11584309216432,-26.86301371915242],[-49.11583753152264,-26.86301653961325],[-49.11577570569272,-26.86303011340562],[-49.11571671656485,-26.86304254801874],[-49.115634128683,-26.86306010604223],[-49.1155514271761,-26.86307723196771],[-49.11546885017734,-26.86309425209622],[-49.11538883996577,-26.86311142012941],[-49.11532223746877,-26.86312513581152],[-49.11521016351157,-26.86314848037427],[-49.11514439377056,-26.86316349957974],[-49.11510173995855,-26.86317295753764],[-49.11503819163296,-26.86318704326039],[-49.114962946163,-26.86320471505857],[-49.11495650901657,-26.86321505677481],[-49.11489483373982,-26.86322712576488],[-49.11491350950672,-26.86331460709278],[-49.11502110282943,-26.86329517619702],[-49.11501300850168,-26.86325694481185],[-49.11515798573675,-26.86322681132743],[-49.11526247270088,-26.8632069299426],[-49.11539326297481,-26.86318208029628],[-49.11554309098819,-26.8631515065477],[-49.11567315728318,-26.86312643126539],[-49.11575572714797,-26.86311050936943],[-49.11581980264293,-26.86310043421901],[-49.11583122025945,-26.86309889499108],[-49.11585036034624,-26.86310928169335],[-49.11585262396503,-26.86314988583001],[-49.11586096216172,-26.86336541724457],[-49.11587017120114,-26.86371360162029],[-49.11587963738265,-26.86388336076677],[-49.11588667471658,-26.86407737521939],[-49.11589018545565,-26.86418463661936],[-49.11589535749544,-26.86433180454368],[-49.11589999669785,-26.86449333001949],[-49.11590725110188,-26.86468384170865],[-49.11590923372302,-26.86476920945816],[-49.11591590581877,-26.86492733490918],[-49.11591523593165,-26.86499786759016],[-49.11590832521964,-26.86507345278245],[-49.11589934442884,-26.8651419295876],[-49.11587974417635,-26.86526256425328],[-49.11585904424454,-26.86535209106712],[-49.11583841958952,-26.86542553840779],[-49.11579989638594,-26.86555264773225],[-49.11578952474989,-26.86558632934243],[-49.11578014724974,-26.86561959638065],[-49.11577056972236,-26.86564799129988],[-49.11576090949858,-26.86567056794936],[-49.11574715149766,-26.86569513251285],[-49.11573377623683,-26.86571894942129],[-49.11572049891555,-26.86573770773757],[-49.11570474602279,-26.86575718489798],[-49.11567786045865,-26.86578837539879],[-49.11565578329081,-26.86581253207399],[-49.11564383082709,-26.86582094184905],[-49.1156126322087,-26.86583377579962],[-49.11558268900984,-26.86584512548323],[-49.1155339870517,-26.86586112334831],[-49.11547687270977,-26.86588021229141],[-49.11542571375664,-26.86589617103492],[-49.11538739980992,-26.86590846326583],[-49.1153322864905,-26.86592564910564],[-49.11528557284056,-26.86594038811683],[-49.11526655943863,-26.86594546160046],[-49.11522450864496,-26.86596048932748],[-49.11520052180086,-26.86596870877289],[-49.11517527037082,-26.86597884288107],[-49.11512455353112,-26.86599738790099],[-49.11510424199252,-26.86600609500671],[-49.11508162693826,-26.86601971033347],[-49.115044526632,-26.86604577857397],[-49.11500114759898,-26.86607905684815],[-49.11496504549486,-26.86610428182711],[-49.11492591051726,-26.86613397204704],[-49.11489449566212,-26.86615819628528],[-49.11485927788653,-26.86618859401589],[-49.11483477703796,-26.86621099247659],[-49.11478779164847,-26.86625302729281],[-49.11473596750621,-26.86629111551914],[-49.1147252840891,-26.86629739579291],[-49.1147087347204,-26.8663020778548],[-49.11469936470883,-26.86630386452613],[-49.11467306008628,-26.86630473840289],[-49.11461406490223,-26.86630638559931],[-49.11454643975695,-26.86630961629565],[-49.11445961714313,-26.86631469293662],[-49.1143250809482,-26.86632245437373],[-49.11420161240054,-26.86632953028835],[-49.1140747058642,-26.86633655299233],[-49.11401026248532,-26.86634047755895],[-49.11392288733895,-26.86634470438175]]
     ]
    },
    "properties": {
    "OBJECTID": 60257,
    "SHAPE.LEN": 3002.21435990664
    }
  },
  {
   "type": "Feature",
    "geometry": {
    "type": "LineString",
     "coordinates": [
      [[-49.11845249588831,-26.8661628815275],[-49.11849554934705,-26.86613766423742],[-49.11863255202667,-26.86607091600679]]
     ]
    },
    "properties": {
    "OBJECTID": 61423,
    "SHAPE.LEN": 20.6039503697302
    }
  },
  {
   "type": "Feature",
    "geometry": {
    "type": "LineString",
     "coordinates": [
      [[-49.11413147137633,-26.8733187400164],[-49.11410561637425,-26.87335197557466],[-49.11408276454645,-26.87338182048938],[-49.11406467476702,-26.87340593527326],[-49.1140548590851,-26.87341986291051],[-49.11404652414787,-26.87343316947696],[-49.11404307758246,-26.87344053369079],[-49.11403790432178,-26.87345496917054],[-49.1140349952034,-26.87346621445061],[-49.11403451825203,-26.87347190790526],[-49.11403533021441,-26.87347428802772],[-49.1140365509516,-26.87347441534015],[-49.11404866960481,-26.87346805683037],[-49.11406625481568,-26.87345748581544],[-49.1140781307619,-26.87345101485063],[-49.11408956656099,-26.87344195571553],[-49.11410112970495,-26.87343268256146],[-49.11410957222763,-26.87342647715734],[-49.11412161163435,-26.8734178584141],[-49.11413101153266,-26.87341285178321],[-49.11414187665259,-26.87340797753155],[-49.11415175382155,-26.8734036253252],[-49.1141645706056,-26.87339910656444],[-49.11417737847798,-26.87339512472134],[-49.11419237793057,-26.87339171819168],[-49.11420675111765,-26.87338905425205],[-49.11422197700313,-26.87338661921458],[-49.11423227880807,-26.87338560771986],[-49.11425140446035,-26.87338409842997],[-49.11426792215713,-26.8733844822512],[-49.11429298384515,-26.87338619136964],[-49.1143135032182,-26.87338857727306],[-49.11433265009166,-26.87339233934935],[-49.11436335343544,-26.87339984432993],[-49.11437683994291,-26.87340512482271],[-49.11438957564505,-26.87341125365226],[-49.11440291039225,-26.87341803762844],[-49.11441599527952,-26.87342514049163],[-49.11442331195573,-26.87342655320125],[-49.11442579078152,-26.87342498148659],[-49.11442427609215,-26.87342097636147],[-49.11440448593587,-26.87340612377854],[-49.11435691500623,-26.87337176925559],[-49.11429269478932,-26.87332476663104],[-49.11422902379448,-26.87328099985434],[-49.11422164775437,-26.87327625129279],[-49.11421441290328,-26.87327688311672],[-49.11419484670539,-26.87328225770755],[-49.11417313993646,-26.8732907149342],[-49.11415250311027,-26.87330080477222],[-49.11413147137633,-26.8733187400164]]
     ]
    },
    "properties": {
    "OBJECTID": 66655,
    "SHAPE.LEN": 99.07277915523329
    }
  },
  {
   "type": "Feature",
    "geometry": {
    "type": "LineString",
     "coordinates": [
      [[-49.1141858971059,-26.86856957139243],[-49.11415746284761,-26.86865903253461],[-49.11414213479828,-26.86870417655309],[-49.11412127252346,-26.86876945197903],[-49.1141042688854,-26.86882532341717],[-49.11408035791945,-26.86890904850307],[-49.11405522497349,-26.86899253975059],[-49.11403039906749,-26.86907280925051],[-49.11399966031584,-26.86916739605612],[-49.11396099341446,-26.86929197192323],[-49.11394217893016,-26.8693527626199],[-49.11392225569252,-26.8694202032007],[-49.1138962122204,-26.8695000231731],[-49.11387713586223,-26.86956167052477],[-49.11386081026996,-26.86960765863899],[-49.1138438959422,-26.86965879896967],[-49.1138184855457,-26.86974400677717],[-49.11381683436255,-26.8697534447283],[-49.11381328272963,-26.86975962696023],[-49.11380635352722,-26.86976295887299],[-49.11379550484452,-26.86976601462501],[-49.11377612087912,-26.86976657000727],[-49.11371861215988,-26.86976028843873],[-49.11370348176274,-26.86975639308373],[-49.11367895109816,-26.86974396195455],[-49.11363219302982,-26.86971397396492],[-49.11357306371632,-26.86967690790697],[-49.11350012831092,-26.86963080585783],[-49.11344313129145,-26.86959764481725],[-49.11338568502802,-26.86956232599478],[-49.11335659821866,-26.8695444464531],[-49.11334984465513,-26.86953853190291],[-49.11334431200103,-26.8695328529817],[-49.11333697055222,-26.86951918640476],[-49.11331186557655,-26.86947254680674],[-49.11328860201877,-26.86943217316479],[-49.11326682220719,-26.86939117759294],[-49.11324586851734,-26.86934546350486],[-49.11322917107803,-26.86930798998092],[-49.11321460328219,-26.86927463630785],[-49.11320108881295,-26.86923742731744],[-49.11319179542742,-26.86921039446839],[-49.11318555352326,-26.8691776023549],[-49.11317548112947,-26.86912711175729],[-49.11316913779665,-26.86908678982959],[-49.11316149643647,-26.86902450783204],[-49.11315403898717,-26.86896545503006],[-49.11314395925416,-26.86888958364941],[-49.11313410060143,-26.86881500591607],[-49.11312757150127,-26.86873295320765],[-49.11312460039668,-26.8686700990515],[-49.11312217374147,-26.86860445776249],[-49.11311945707347,-26.86851536615593],[-49.11311464181546,-26.86842064959797],[-49.11311453202408,-26.8683363313691],[-49.11311543402477,-26.86827611934567],[-49.11311378180586,-26.86823415055788],[-49.11311258610636,-26.86820681515509],[-49.1131087592119,-26.86818890190178],[-49.11310109894508,-26.86816619618371],[-49.11309311271447,-26.86814778783186],[-49.11308138372123,-26.86811985687485],[-49.11306673262394,-26.86809080379597],[-49.11305060798497,-26.86806194224403],[-49.11303079672268,-26.86803345296874],[-49.11301815660699,-26.8680147568218],[-49.11300189606175,-26.86799299137692],[-49.11297021648252,-26.86795678716916],[-49.11292677450149,-26.8679072770243],[-49.1128927081576,-26.86786759395634],[-49.11286363906775,-26.86783594834287],[-49.11284152363397,-26.86781258564185],[-49.11280738046265,-26.86777698753028],[-49.11277582684887,-26.86774702363072],[-49.11275385919408,-26.86772882477283],[-49.11272509992768,-26.86770664777452],[-49.11269775462674,-26.86768750428812],[-49.11265821663561,-26.86766472751471],[-49.11264172706071,-26.86765500396623],[-49.11262034982684,-26.86764434323883],[-49.11259649718698,-26.86763493382408],[-49.1125409724601,-26.86761470089066],[-49.11252855157639,-26.86761020348409],[-49.11251364254143,-26.86760760347114],[-49.11250629219892,-26.86760727242632],[-49.11245557425858,-26.86760496852266],[-49.11237395950866,-26.86760260840912],[-49.11224183516714,-26.86759988309551],[-49.11217368291044,-26.86759881018011],[-49.11215993062403,-26.8675998837588],[-49.11215206482905,-26.86760083560282],[-49.11214222634627,-26.86760240102469],[-49.11209550015155,-26.86760940903215],[-49.11203671983056,-26.86761837795419],[-49.11191842926891,-26.8676360884483],[-49.11184137408965,-26.8676472663386],[-49.11165294097192,-26.86767574949828],[-49.11155248439802,-26.86769052089867],[-49.11122371790325,-26.86774156730513],[-49.11106385175545,-26.86776597453058],[-49.11103378828142,-26.86776997185779],[-49.11102016129671,-26.86777052891578],[-49.11101004953576,-26.86777049032267],[-49.11093742869119,-26.86776639388847],[-49.11084048693907,-26.8677601192726],[-49.11059360692231,-26.86774436471254],[-49.11039052388549,-26.86773363519291],[-49.11023043843085,-26.86772504096795],[-49.11003926032586,-26.86771412807151],[-49.10984084937802,-26.86770266056218],[-49.10971630783492,-26.86769349328319],[-49.10970471493304,-26.86769017013835],[-49.10969328016515,-26.86768381371858],[-49.10968461627498,-26.86767562782056],[-49.10967469617146,-26.86766170634669],[-49.10967002700599,-26.86764987238915],[-49.10966783179719,-26.86763851018149],[-49.10966434309643,-26.8675279240739],[-49.10965872378187,-26.86731640690942],[-49.1096612811296,-26.86731186411644]]
     ]
    },
    "properties": {
    "OBJECTID": 60264,
    "SHAPE.LEN": 758.8810248956431
    }
  },
  {
   "type": "Feature",
    "geometry": {
    "type": "LineString",
     "coordinates": [
      [[-49.11572684951238,-26.86771478922731],[-49.11572518366322,-26.86772475954047],[-49.11572257643972,-26.86773256734206],[-49.11565192443594,-26.8677655877278],[-49.1156034974538,-26.86778625651836],[-49.11558506646453,-26.867792968771],[-49.11557662253841,-26.86779133802023],[-49.11556797375638,-26.8677875554808],[-49.11555946143099,-26.86778313031442],[-49.11547778611309,-26.86768722811311],[-49.11542291604449,-26.86762171057109],[-49.11542253734718,-26.86761590099278],[-49.11528585506023,-26.86744254982968],[-49.11527390423611,-26.86744441493794],[-49.11521312531148,-26.86737322067776],[-49.11513791010835,-26.86728633554416],[-49.11507276646244,-26.86721217397806],[-49.11497909768802,-26.86724764712622],[-49.11503280335657,-26.86733528791213],[-49.1150986405332,-26.86730348528018],[-49.1151282893547,-26.86733928646998],[-49.11519017984352,-26.86741651583567],[-49.11526443807757,-26.86750843814757],[-49.11533448423376,-26.86759589150711],[-49.11539514925867,-26.86767299523448],[-49.11547167961691,-26.86776817539561],[-49.11551810074147,-26.86782593625163],[-49.11554363852426,-26.86785834477705],[-49.11561651465161,-26.86782460405943],[-49.11567092442575,-26.86779940283071],[-49.11572918036064,-26.86777221753481],[-49.1157476187072,-26.8677651822353],[-49.11575338192852,-26.8677656977389],[-49.11575938338912,-26.86776969047119]]
     ]
    },
    "properties": {
    "OBJECTID": 60278,
    "SHAPE.LEN": 228.868370958624
    }
  },
  {
   "type": "Feature",
    "geometry": {
    "type": "LineString",
     "coordinates": [
      [[-49.11173747196002,-26.86626359597507],[-49.11178691558968,-26.86627029762789],[-49.11191058598343,-26.86629123824068],[-49.11200529557117,-26.86630762098799],[-49.11210024252622,-26.86632443827934],[-49.11214169216174,-26.86633242660535],[-49.11217158811093,-26.86633958183175],[-49.11219311709583,-26.86634660271551],[-49.11222810255557,-26.86635792997237],[-49.1122755523505,-26.86637397816465],[-49.11234108874852,-26.86639677647692],[-49.11239263952294,-26.86641719557109],[-49.11244737706163,-26.86643831248921],[-49.11248990494113,-26.86645428133101],[-49.11251656884578,-26.86646310642289],[-49.11254151842638,-26.86647147266439],[-49.11256304288982,-26.86647870824826],[-49.11258459638945,-26.86648443780266],[-49.11262063214996,-26.86649233833959],[-49.11267945650552,-26.86650577279562],[-49.11271377793597,-26.86651321536786],[-49.11275494145243,-26.86652335055653],[-49.11278535036602,-26.86652943843073],[-49.1128209058863,-26.86653668535076],[-49.11284669739187,-26.8665396851822],[-49.11290151963948,-26.86654358535057],[-49.11295807354944,-26.86654708260128],[-49.11301786771519,-26.86654847945722],[-49.11306464285391,-26.86654837565025],[-49.11310354761235,-26.86654792845742],[-49.11315999916015,-26.86654389128628],[-49.11320562375137,-26.86653967884736],[-49.11325671936287,-26.86653254195382],[-49.11330682998248,-26.86652538828065],[-49.11335502707259,-26.86651540651609],[-49.11340444549201,-26.86650587518317],[-49.11345238691262,-26.86649631960196],[-49.11351640369756,-26.8664829341178],[-49.11360389966521,-26.8664647633211],[-49.11370079645908,-26.8664441618312],[-49.11372821720217,-26.86643922515519],[-49.113780338494,-26.86642995180163],[-49.11382005604143,-26.86642564407028],[-49.11386124958633,-26.86642135963801],[-49.11390956787596,-26.86641783639287],[-49.11395862923644,-26.86641411003817],[-49.11398497435572,-26.86641389030801],[-49.11399850980796,-26.86641410886105],[-49.11400216770264,-26.86641588974034],[-49.11401150961041,-26.86642938441249],[-49.11401889524176,-26.86644220221197],[-49.11402404093539,-26.86645627539876],[-49.11402909960277,-26.86647486576591],[-49.11403205690654,-26.86650031030138],[-49.11404229227837,-26.86663391489264],[-49.11405636576106,-26.86677099601519],[-49.11406776518063,-26.86689316052522],[-49.11408074040109,-26.86703553779776],[-49.11408648942064,-26.86709404337694],[-49.11408499559447,-26.86709509390704],[-49.11401933559723,-26.86709965208556],[-49.1140262895154,-26.86721036393046],[-49.11414992038107,-26.86720520927003],[-49.11414096205065,-26.86707105581069],[-49.11413429384259,-26.86698375722966],[-49.1141259431281,-26.86688182875434],[-49.11411660019488,-26.86676764256453],[-49.11410602978098,-26.86665343728432],[-49.11409530645081,-26.86654717542017],[-49.11408991878688,-26.86648266163734],[-49.11409014480249,-26.86645818202726],[-49.11409414939745,-26.86644149341502],[-49.11410433867027,-26.86642253881171],[-49.11410942239211,-26.86641359795102],[-49.11411366290442,-26.86641022832754],[-49.11411983387404,-26.86640860659889],[-49.11428748971859,-26.86640005799077],[-49.11429460004953,-26.86639962576045]]
     ]
    },
    "properties": {
    "OBJECTID": 60281,
    "SHAPE.LEN": 445.392749512719
    }
  },
  {
   "type": "Feature",
    "geometry": {
    "type": "LineString",
     "coordinates": [
      [[-49.10936216975603,-26.87141176991825],[-49.10939001217935,-26.87174356923249],[-49.10940884949034,-26.87200141583174],[-49.10941908914666,-26.87234870981147],[-49.10942423194505,-26.87252009884053],[-49.10942706793714,-26.87266952964496],[-49.10943308049993,-26.87299431799046],[-49.10943469390742,-26.8731336298151],[-49.10943454311384,-26.87325690349953],[-49.10943630544327,-26.87339331280009],[-49.10944202646274,-26.87368722616921],[-49.10944420025808,-26.87384850713103],[-49.10945018338106,-26.87405353129985],[-49.10945216540196,-26.87418121103694],[-49.1094539515959,-26.87425835433588],[-49.10945643664958,-26.87437552029384],[-49.10945876061645,-26.87450914269496],[-49.10946695884142,-26.8747099399074],[-49.10947021064614,-26.8747237378808],[-49.10947603687769,-26.87473379299256],[-49.10948525018129,-26.87474376977194],[-49.10949679503305,-26.87475032536881],[-49.10950523160031,-26.87475308823925],[-49.109518273109,-26.87475492349502],[-49.10976117012379,-26.87472047790436],[-49.10982121805761,-26.87471304338649],[-49.10986029037318,-26.87471134214109],[-49.10992862100918,-26.87471011172208],[-49.11001444636261,-26.87471279964242],[-49.1101517204235,-26.87471918310759],[-49.11021266666816,-26.87472654113986],[-49.11021895372384,-26.87472874179052],[-49.11022497026913,-26.87473395435306],[-49.11024998210883,-26.87475531457267],[-49.1102569934671,-26.87475602391371],[-49.11067506318885,-26.87465302170205],[-49.11068358996697,-26.87464793955244],[-49.11069181620965,-26.87463726458753],[-49.1106943030742,-26.87463115847057],[-49.11069739825475,-26.87461376917064],[-49.11069689819524,-26.87460419600309],[-49.11069522797762,-26.87459084792841],[-49.11069341946605,-26.87457921923083],[-49.1106878029661,-26.87455739186771],[-49.11064263867541,-26.87438034370518],[-49.11061688800716,-26.87428048322235],[-49.11061144537671,-26.8742509853206],[-49.11060858642971,-26.87422317730722],[-49.11059750979337,-26.87403387388722],[-49.11057774526014,-26.87366232739615],[-49.1106469698587,-26.87365947217514],[-49.1106667914721,-26.87403056542929],[-49.11067450040454,-26.87414930136593],[-49.11067787786853,-26.87422001519742],[-49.11067871236419,-26.87423271848371],[-49.11068006657926,-26.87424176693904],[-49.11068497740496,-26.87426838390207],[-49.11071025157825,-26.8743663976357],[-49.11075541975655,-26.87454346027409],[-49.1107612470985,-26.8745661063897],[-49.1107735330383,-26.87459601169697],[-49.11077867310434,-26.87460218459902],[-49.11078334667987,-26.87460663184192],[-49.11078803422819,-26.8746095728599],[-49.11079176709803,-26.87461121493099],[-49.11079622553162,-26.87461286309349],[-49.11080515226349,-26.87461508186544],[-49.11081179390893,-26.87461599292675],[-49.11081868636571,-26.8746160444717],[-49.1108248656725,-26.87461479849418],[-49.11083129063115,-26.87461312436616],[-49.11083821799089,-26.87460962380871],[-49.11089715107622,-26.87458024926781],[-49.11092606964048,-26.87456604295852],[-49.11094077202213,-26.87455872552928],[-49.11095048068204,-26.87455513849918],[-49.11095993953763,-26.8745524109982],[-49.11102867301864,-26.87453505626234],[-49.11110419706688,-26.87451570730918],[-49.11115500393159,-26.87450134048232],[-49.11116240348116,-26.87449891939266],[-49.11116811135165,-26.87449648651793],[-49.11117309677416,-26.87449361796534],[-49.11117772405454,-26.87449031589749],[-49.11118333005724,-26.87448583730866],[-49.11118907080595,-26.87447985230394],[-49.11119823947648,-26.87446969625525],[-49.1112030247473,-26.87446252060505],[-49.11120659961195,-26.87445544340148],[-49.11122148047526,-26.87441734571703],[-49.11122509357023,-26.87440639423289],[-49.11122688317391,-26.87439639767472],[-49.11122834357447,-26.87438295516467],[-49.11123056245592,-26.87431613317359],[-49.11123472342086,-26.87422360177964],[-49.11123382666761,-26.87416644361733],[-49.11123286802268,-26.87414049777154],[-49.1112244874331,-26.87391820937987],[-49.11120986655461,-26.87363617317551],[-49.11120416112549,-26.87351609299872],[-49.1112005226386,-26.87345131376982],[-49.11119248072913,-26.87337122562172],[-49.11118631413786,-26.87331449252412],[-49.11118230201222,-26.87327842851],[-49.11117769125442,-26.87325107093799],[-49.11117185246886,-26.87322499396184],[-49.11116721703272,-26.87320893008859],[-49.11115935338054,-26.87318950606432],[-49.1111516699461,-26.87317492229718],[-49.11114360142947,-26.87316194990897],[-49.11113419184378,-26.87314961125758],[-49.1111230876129,-26.87313725897641],[-49.11111111942937,-26.87312608204195],[-49.11109603630395,-26.87311229922344],[-49.11108489388697,-26.87310285004048],[-49.11107158026145,-26.87309263080873],[-49.1110225799378,-26.87306017769552],[-49.11097116693849,-26.87302695128847],[-49.11092734745428,-26.87299658378181],[-49.11090466217174,-26.87298058725781],[-49.11088750966154,-26.87296754033624],[-49.11087074995003,-26.87295223679016],[-49.11084911074133,-26.87293022588853],[-49.11082860395904,-26.87290499707078],[-49.11081538245394,-26.87288778673327],[-49.11080576090189,-26.87287318786621],[-49.11079581326739,-26.87285568283242],[-49.11078398134501,-26.87283407382824],[-49.11077186847309,-26.87280611770938],[-49.11076486274899,-26.87278594696702],[-49.11075817239094,-26.87276018622827],[-49.11075246061839,-26.87273368040382],[-49.11074747064674,-26.8726890034898],[-49.11074625288184,-26.87265231613929],[-49.11074632232304,-26.87261908213565],[-49.11074772689965,-26.87259489362502],[-49.1107500338662,-26.87257587454278],[-49.11075604693126,-26.87254115583391],[-49.11076425694846,-26.87249451900092],[-49.11078871806855,-26.8723713049365],[-49.11078636427924,-26.87236450679525],[-49.11078363471776,-26.87235942575913],[-49.11078065190149,-26.87235595696141],[-49.11077263041619,-26.8723499684728],[-49.11076436373931,-26.87234462295519],[-49.11075780183624,-26.87234104221793],[-49.1107509413433,-26.87233937908843],[-49.11073730603722,-26.87233949552533],[-49.11051783557926,-26.87233955466488],[-49.11039293786558,-26.87234017876402],[-49.11029049935013,-26.87234139195612],[-49.11008925540798,-26.87234298308288],[-49.10995988586939,-26.87234537291081],[-49.10995864669761,-26.87229141073263],[-49.11008837054604,-26.87228901481156],[-49.11028983684331,-26.87228742214324],[-49.11039237295891,-26.87228620754722],[-49.11051767121103,-26.87228558158185],[-49.11065607487529,-26.87228559557728],[-49.11073798974664,-26.87228517454993],[-49.11078557491957,-26.87228534146302],[-49.11079404390357,-26.87228390586577],[-49.11080155352226,-26.87228181750892],[-49.11080979795522,-26.87227887520401],[-49.11081660565453,-26.87227463292257],[-49.11082295039439,-26.87226845292183],[-49.11082956030236,-26.87226012560935],[-49.11091433752394,-26.87204417237251],[-49.11092090871561,-26.87202206840226],[-49.11093061005337,-26.87198433832998],[-49.11093968324488,-26.871931842615],[-49.11094138428852,-26.87191028006771],[-49.11094192608125,-26.87190226875751],[-49.11094309487331,-26.871711778745],[-49.11092532583125,-26.87157884061349],[-49.11091630929565,-26.87151925423923]]
     ]
    },
    "properties": {
    "OBJECTID": 62976,
    "SHAPE.LEN": 1273.53787165115
    }
  },
  {
   "type": "Feature",
    "geometry": {
    "type": "LineString",
     "coordinates": [
      [[-49.11108910528767,-26.8710920851679],[-49.11111224358704,-26.87111071874026],[-49.11114263934729,-26.87112989610462],[-49.11116591920005,-26.87114122514459],[-49.11123881129341,-26.87116752331774],[-49.11130375768232,-26.87119133242542],[-49.11136192349124,-26.87121503372409],[-49.11142680375878,-26.87124227983547],[-49.11147694956718,-26.87126735774232],[-49.11154683621464,-26.87129876573669],[-49.11159532025641,-26.87132209836094],[-49.11163371991561,-26.87134075890812],[-49.11167973581833,-26.8713664160688],[-49.11173986280683,-26.8714015376477],[-49.11179639469587,-26.87143466789657],[-49.11181577089315,-26.87144743844471],[-49.11183379291237,-26.87145503082149],[-49.1118529403363,-26.87145879503186]]
     ]
    },
    "properties": {
    "OBJECTID": 65955,
    "SHAPE.LEN": 86.48554379691369
    }
  },
  {
   "type": "Feature",
    "geometry": {
    "type": "LineString",
     "coordinates": [
      [[-49.11101756133561,-26.87028619541364],[-49.11103167013589,-26.87041113195336]]
     ]
    },
    "properties": {
    "OBJECTID": 61913,
    "SHAPE.LEN": 13.9144484863756
    }
  },
  {
   "type": "Feature",
    "geometry": {
    "type": "LineString",
     "coordinates": [
      [[-49.11088058205176,-26.86964016474097],[-49.11089624129373,-26.86969064530934],[-49.11093751988003,-26.86984716186127],[-49.11096347501991,-26.86995509775754],[-49.11097875324229,-26.87003395497606],[-49.11099650845296,-26.87013175534254],[-49.11100975607603,-26.87022173322568],[-49.11101384259219,-26.87025355790749]]
     ]
    },
    "properties": {
    "OBJECTID": 61912,
    "SHAPE.LEN": 69.31655139242379
    }
  },
  {
   "type": "Feature",
    "geometry": {
    "type": "LineString",
     "coordinates": [
      [[-49.11052379864444,-26.87101872044568],[-49.1104299681511,-26.87100687297702],[-49.11031250493011,-26.87099493955189],[-49.11021046306247,-26.87098641464808],[-49.1101041657484,-26.87098195936608],[-49.10999768112141,-26.8709809006284],[-49.10986645847723,-26.87098467006443],[-49.10977143006582,-26.87099117912607],[-49.10948434806164,-26.87101548275728],[-49.10937228999958,-26.87103038156433],[-49.10928263518086,-26.87104080629667],[-49.10906492265038,-26.87106735324478],[-49.10896049511834,-26.87108165884692],[-49.10879689624998,-26.87110054819487],[-49.1086642474532,-26.87111144768095],[-49.10854486093869,-26.87111711900362],[-49.10845540012604,-26.87111636460302],[-49.10833131707899,-26.87111293530909],[-49.10825432249738,-26.8711101571061],[-49.10817360205786,-26.87110840846562],[-49.10808640285632,-26.87110323347538],[-49.10798606297377,-26.87109187037181],[-49.10791830069913,-26.87108357807542],[-49.10782898593013,-26.87106934064681],[-49.10775089837063,-26.87105610826149],[-49.1076636699438,-26.87103764299184],[-49.10758414399967,-26.87102103996252],[-49.1075195767225,-26.87100607053923],[-49.10744747615745,-26.87098730140286],[-49.1073663263543,-26.87096390262016],[-49.10728714183104,-26.87093750195215],[-49.10716669038147,-26.87089539497953],[-49.10709005677268,-26.87086298197499],[-49.10702426444348,-26.87083456187978],[-49.10695629606629,-26.87080476233825],[-49.10686222724956,-26.87075675367245],[-49.10678971137776,-26.87071870850786],[-49.10672023530831,-26.8706801606833]]
     ]
    },
    "properties": {
    "OBJECTID": 64617,
    "SHAPE.LEN": 388.340813207935
    }
  },
  {
   "type": "Feature",
    "geometry": {
    "type": "LineString",
     "coordinates": [
      [[-49.11094767689657,-26.86609406748957],[-49.11093825235665,-26.86609301726059],[-49.1108923673388,-26.86608971508462],[-49.11084585306332,-26.86608988033411],[-49.11076844851679,-26.86609252809816],[-49.11076477912052,-26.86608841560831],[-49.11075963189885,-26.86605726359745]]
     ]
    },
    "properties": {
    "OBJECTID": 61825,
    "SHAPE.LEN": 21.9115501389829
    }
  },
  {
   "type": "Feature",
    "geometry": {
    "type": "LineString",
     "coordinates": [
      [[-49.11053208173971,-26.86847714611638],[-49.11056281112926,-26.86849521696092],[-49.11060826323624,-26.86852473897272],[-49.11064002188339,-26.8685493681998],[-49.11067130231384,-26.86857776202228],[-49.11068934939419,-26.86859398627324],[-49.11069550648359,-26.86860029281369],[-49.11070012084397,-26.86860447390156],[-49.11070202774737,-26.86860539746809],[-49.11070595090127,-26.86860502570638],[-49.11070873338736,-26.86860358808602],[-49.11071043544232,-26.86860188058897],[-49.11071371996124,-26.86859669944409],[-49.1107179807234,-26.86857347515812]]
     ]
    },
    "properties": {
    "OBJECTID": 61919,
    "SHAPE.LEN": 26.3921748199785
    }
  },
  {
   "type": "Feature",
    "geometry": {
    "type": "LineString",
     "coordinates": [
      [[-49.10792452196674,-26.87579563357366],[-49.10792821595702,-26.875797555],[-49.10793027987862,-26.87579896720167],[-49.10793148013989,-26.87580123160835],[-49.10793182734002,-26.87580316778431],[-49.10793252231902,-26.87583196676029],[-49.10793545959115,-26.87619161655232],[-49.10794214442233,-26.876430060006],[-49.1079422638448,-26.87644960251142],[-49.10794036688751,-26.87646729479665],[-49.10793800567459,-26.87648736007116],[-49.1079261554305,-26.87653642820435],[-49.1078690156986,-26.87673039596968],[-49.10785810573768,-26.87676246481728],[-49.10784894993682,-26.87679659699301],[-49.10783783269974,-26.87687223431476],[-49.10791246079223,-26.87687719343033],[-49.10792012296871,-26.87679066169303],[-49.1079251610437,-26.8767623411496],[-49.10793309886814,-26.87673238515054],[-49.10799244231914,-26.87655070934997],[-49.10800539838474,-26.87649706458319],[-49.10800818040084,-26.87647342710628],[-49.10801043742437,-26.87645236488651],[-49.1080102950296,-26.87642912419343],[-49.10800360900426,-26.8761906229561],[-49.10799791617399,-26.87583312501771],[-49.10799833570941,-26.87582775575808],[-49.10799934362921,-26.87582464722346],[-49.10800106863369,-26.87582326319824],[-49.10800363718627,-26.87582296002961],[-49.10800791265894,-26.87582320502228]]
     ]
    },
    "properties": {
    "OBJECTID": 62997,
    "SHAPE.LEN": 247.049367629424
    }
  },
  {
   "type": "Feature",
    "geometry": {
    "type": "LineString",
     "coordinates": [
      [[-49.10748831520761,-26.87688245075309],[-49.10748973428259,-26.87691707746701],[-49.10749023865126,-26.8769622665792],[-49.10749213691786,-26.87698939474203],[-49.10749490097161,-26.8770029759148],[-49.10749935666383,-26.87701657343001],[-49.10750018296319,-26.87703035158302],[-49.10748870508997,-26.87709910365115],[-49.10746086438395,-26.87722750839902],[-49.10744102735365,-26.87731210161752],[-49.10744028993157,-26.87733020746245],[-49.10744091321129,-26.87734614277413],[-49.1074434066342,-26.87737657423581],[-49.1074468494121,-26.87739412232338],[-49.10745294673077,-26.87741158502537],[-49.10745973475823,-26.87742691786054],[-49.10746640624113,-26.87744115069189],[-49.1074771661923,-26.87745906396378],[-49.10749667604976,-26.87744963970754],[-49.10748642142687,-26.8774325680947],[-49.1074802485257,-26.87741940067185],[-49.10747384654532,-26.87740494039034],[-49.10746842557409,-26.87738941195689],[-49.10746542431749,-26.8773741190187],[-49.10746304481759,-26.87734506552086],[-49.10746246375238,-26.87733022109374],[-49.10746310262724,-26.87731452653015],[-49.10748258424271,-26.87723145030019],[-49.10751051536024,-26.87710263157055],[-49.10752971325469,-26.87699912068066],[-49.10753057549522,-26.87698536334115],[-49.10753106196474,-26.87691138430177],[-49.10753034789724,-26.87686083736029]]
     ]
    },
    "properties": {
    "OBJECTID": 62984,
    "SHAPE.LEN": 133.909539750272
    }
  },
  {
   "type": "Feature",
    "geometry": {
    "type": "LineString",
     "coordinates": [
      [[-49.10909663591209,-26.87595983864856],[-49.10911252008866,-26.8759595430866],[-49.10913743428203,-26.87595834845935],[-49.10917665186347,-26.87595489925695],[-49.10924961263199,-26.87594601317825],[-49.10927271271649,-26.87594296922667],[-49.10930719087327,-26.8759372154483],[-49.10935353800165,-26.87592864648365],[-49.10939843056762,-26.87591887926573],[-49.10945741466746,-26.87590361974189],[-49.10955415884803,-26.8758713048019],[-49.10961014139395,-26.87585073306306],[-49.10966441514715,-26.87583014746358],[-49.10975032646878,-26.87579450493406],[-49.1098214156158,-26.87576434941852],[-49.10989888240971,-26.87573101003161],[-49.10993949538189,-26.87571300978664]]
     ]
    },
    "properties": {
    "OBJECTID": 62996,
    "SHAPE.LEN": 88.87332547098309
    }
  },
  {
   "type": "Feature",
    "geometry": {
    "type": "LineString",
     "coordinates": [
      [[-49.10905250744498,-26.87595913069284],[-49.10905615455784,-26.87596114894209],[-49.10905820169199,-26.87596375231232],[-49.1090592306897,-26.87596760025582],[-49.10906125002587,-26.87603150215554],[-49.1090622491887,-26.87611176866538],[-49.10906289583739,-26.87621454628287],[-49.10907037921375,-26.87632665604469],[-49.10911004625783,-26.8763245712686],[-49.10910290301986,-26.87621494184394],[-49.10909713939095,-26.87615364974275],[-49.10909031428251,-26.87609082438758],[-49.10908946357259,-26.8760078656546],[-49.1090899680693,-26.87597059754754],[-49.109091124074,-26.87596457654655],[-49.10909285525486,-26.87596179268451],[-49.10909444784382,-26.87596062349313],[-49.10909663591209,-26.87595983864856]]
     ]
    },
    "properties": {
    "OBJECTID": 62988,
    "SHAPE.LEN": 85.7463837179761
    }
  },
  {
   "type": "Feature",
    "geometry": {
    "type": "LineString",
     "coordinates": [
      [[-49.10807328596374,-26.87583025141682],[-49.10810094084262,-26.87583225632148],[-49.1081461137404,-26.87583340096685],[-49.10820780604053,-26.87583454295642],[-49.10825808360497,-26.87583539759319],[-49.10829692135085,-26.875838438532],[-49.10834398998608,-26.87584432719838],[-49.10842790373279,-26.87585808235654],[-49.10851300633117,-26.8758744266447],[-49.10862403882873,-26.87589706422919],[-49.10865679254635,-26.87590451216444]]
     ]
    },
    "properties": {
    "OBJECTID": 62992,
    "SHAPE.LEN": 58.7688221831044
    }
  },
  {
   "type": "Feature",
    "geometry": {
    "type": "LineString",
     "coordinates": [
      [[-49.109647561392,-26.86849584070318],[-49.10964453478263,-26.86852145525368],[-49.1096443743375,-26.86856129585928],[-49.1096512598331,-26.86866436735329],[-49.10965635621977,-26.86876161220185],[-49.10966273373221,-26.86886000963791],[-49.10966714364525,-26.86894655058736],[-49.10966506286253,-26.86895257186729],[-49.10966201607864,-26.86895471084833],[-49.1096519112911,-26.86895914815941],[-49.10963640902644,-26.86896013940615],[-49.10950666501932,-26.86892192665178],[-49.10940836380401,-26.86889132715669],[-49.10938694881206,-26.86887955435832],[-49.1093799242741,-26.8688684064325],[-49.1093418314105,-26.86870547775204],[-49.10931538444296,-26.86871094285246],[-49.10934119174232,-26.86884260413114],[-49.10934916656925,-26.8688763645632],[-49.1093531204542,-26.86888552002034],[-49.10935781675865,-26.86889221413694],[-49.10936129018641,-26.868896129986],[-49.10936658239591,-26.86890027686126],[-49.10947250805303,-26.8689340336375],[-49.10962582078949,-26.86898577645041],[-49.10965377462092,-26.86899669709883],[-49.10966026943299,-26.86900109111299],[-49.10966510127171,-26.86900677794476],[-49.10966708243301,-26.8690120105503],[-49.10966897374204,-26.86904612282528],[-49.10966819265159,-26.86907087746616],[-49.10966507829414,-26.86912929795091],[-49.10966935010402,-26.86922377888365],[-49.10967417066563,-26.86931322261656],[-49.10967359625064,-26.86936772556687],[-49.10966483812335,-26.86941408875156],[-49.10965176965243,-26.86945094151437],[-49.10963186553031,-26.86948634263518],[-49.1096117424358,-26.86950870841892],[-49.1095898868121,-26.86952160277646],[-49.10954888166526,-26.86953396926117],[-49.1095558652293,-26.86956101564097],[-49.10959397972063,-26.86955029560628],[-49.1096280321049,-26.86953541085264],[-49.10964815516526,-26.8695155885468],[-49.1096646056765,-26.86949407801567],[-49.10967591779465,-26.86946860951018],[-49.10969131404709,-26.86941457651812],[-49.10970036098292,-26.86935562886119],[-49.10970024919961,-26.86927830212435],[-49.10969691652632,-26.86913927590883],[-49.10969974881501,-26.86901086080015],[-49.10969640623695,-26.86894909560965],[-49.10969746781055,-26.86881283863063],[-49.10968519856574,-26.86867717502858],[-49.10967726209834,-26.86856715943834],[-49.1096742391284,-26.86851619161629],[-49.10967569142298,-26.86850880714995],[-49.10967731320856,-26.86850587559116],[-49.10967894695944,-26.86850403992905],[-49.10968656302238,-26.86849862341423]]
     ]
    },
    "properties": {
    "OBJECTID": 61908,
    "SHAPE.LEN": 348.710554159871
    }
  },
  {
   "type": "Feature",
    "geometry": {
    "type": "LineString",
     "coordinates": [
      [[-49.10852714631621,-26.87085204414173],[-49.10852146578527,-26.87085199608076],[-49.10843375290055,-26.8708495763399],[-49.10833549557459,-26.87085102736193],[-49.10826594823424,-26.87085614267677],[-49.10816609542308,-26.87086976250562],[-49.10808530774181,-26.8708798620299],[-49.10801341856623,-26.87088478610622],[-49.10793867530726,-26.87088927659702],[-49.10786441171519,-26.87089693431641],[-49.10779517741664,-26.87090476494809],[-49.10772500044393,-26.87091396387291],[-49.10761078414946,-26.87092767616464],[-49.10753756122935,-26.87093388004802],[-49.10749853324314,-26.87093342051092],[-49.1074418121277,-26.87092915246333],[-49.10738194635307,-26.87092201718848],[-49.10734143213057,-26.87091205426437],[-49.10732353664556,-26.87090395938211],[-49.10722544914648,-26.87085829167229],[-49.10712774268508,-26.8708098734167],[-49.10714940029759,-26.87078116356233],[-49.10723612034403,-26.87083110170603],[-49.10730293626269,-26.87086411511999],[-49.10734511429074,-26.87088409824919],[-49.10737478132936,-26.8708916928194],[-49.10742515752557,-26.8708983372522],[-49.10746087945451,-26.8709009060909],[-49.10749541152506,-26.87090131444756],[-49.10756568600047,-26.8708934527657],[-49.10767673943129,-26.87088243658765],[-49.10778168421569,-26.87086885551198],[-49.10787900836578,-26.87085798746686],[-49.10799845213823,-26.87084716822919],[-49.10812938691324,-26.87083444214665],[-49.10820374511854,-26.87082575299724],[-49.10826679162678,-26.87082004794024],[-49.10835097203999,-26.87081363113945],[-49.10840180561762,-26.87081148296813],[-49.10846516169124,-26.87080870452995],[-49.10852846359283,-26.87080639919416]]
     ]
    },
    "properties": {
    "OBJECTID": 61917,
    "SHAPE.LEN": 287.4439514912671
    }
  },
  {
   "type": "Feature",
    "geometry": {
    "type": "LineString",
     "coordinates": [
      [[-49.10282737306965,-26.87221219881834],[-49.10283646643612,-26.87239219902123],[-49.10284155073825,-26.87251772606661],[-49.10285119040475,-26.87271449814029],[-49.1028575509886,-26.87283881390509],[-49.10286188655018,-26.87290803329805],[-49.10286256839593,-26.87291264651939],[-49.10286392334547,-26.87291672993762],[-49.10286571391575,-26.87291967834243],[-49.10286797779008,-26.87292230907568],[-49.10287018148334,-26.87292384236482],[-49.10287782594379,-26.87292701017227],[-49.10304165818653,-26.87295281956359],[-49.10319870674917,-26.87297653487111],[-49.10336906604499,-26.87300125635063],[-49.10337381283842,-26.87300045088342],[-49.10337822080005,-26.87299908216998],[-49.103381052352,-26.87299761106327],[-49.10338427488594,-26.87299436260685],[-49.10338549201118,-26.87298976043656],[-49.10338551875829,-26.87296994733205],[-49.10349229497136,-26.87296780004916],[-49.10349423321184,-26.87298632446878],[-49.10349435214607,-26.87300036481441],[-49.10349370879919,-26.87301237856163],[-49.10349079902183,-26.87302402432194],[-49.10348714388034,-26.87303413742277],[-49.10348175279233,-26.87304309358026],[-49.10347362742459,-26.87305161228982],[-49.10346700758829,-26.87305621866079],[-49.10345709564583,-26.8730616689818],[-49.10339747635562,-26.87308651194097],[-49.10326810835362,-26.87306657929504],[-49.10303772132808,-26.87303056920213],[-49.10303890748389,-26.87302450714593],[-49.10303874936866,-26.87302336777087],[-49.10286764196763,-26.87299782442886],[-49.1028650057516,-26.87299760219793],[-49.1028632588767,-26.87299908966324],[-49.10286517905331,-26.87302218632065],[-49.10286704429105,-26.8730418822174],[-49.10286968975675,-26.87304703627554],[-49.10287277244711,-26.87305083872233],[-49.10287865804918,-26.87305331861408],[-49.102976842011,-26.87306915039988],[-49.10304294098031,-26.87308144196197],[-49.10316252826635,-26.87310492964912],[-49.1033240810623,-26.87313635647609],[-49.10368816342368,-26.87319211378682],[-49.10392750817614,-26.87322796144203],[-49.10403892941297,-26.87324035259243],[-49.10415303586726,-26.87325292680693],[-49.10424069266487,-26.87326290854691],[-49.10434393257429,-26.87327873412407],[-49.10452029721652,-26.87330508093413],[-49.10469946898097,-26.87333184877935],[-49.10471641614579,-26.87333320975342],[-49.10472742504567,-26.87333234834094],[-49.10473810558344,-26.87333023515517],[-49.10474971397922,-26.87332498982031],[-49.1047612636564,-26.87331668755539],[-49.10477083204764,-26.87330709239109],[-49.10477685362471,-26.8732990697845],[-49.10478061588101,-26.8732885022795],[-49.10478184474744,-26.87322598700379]]
     ]
    },
    "properties": {
    "OBJECTID": 61160,
    "SHAPE.LEN": 425.239771304441
    }
  },
  {
   "type": "Feature",
    "geometry": {
    "type": "LineString",
     "coordinates": [
      [[-49.1065208063364,-26.87085479621232],[-49.10645878548306,-26.87080528340471],[-49.10637918979862,-26.87073121947441],[-49.1063403615796,-26.87068773168003],[-49.10632102311396,-26.87066187166322],[-49.10631064169941,-26.87064490298144],[-49.10630770867821,-26.87063386660924]]
     ]
    },
    "properties": {
    "OBJECTID": 61170,
    "SHAPE.LEN": 32.6741814322581
    }
  },
  {
   "type": "Feature",
    "geometry": {
    "type": "LineString",
     "coordinates": [
      [[-49.10621295619575,-26.87070131663119],[-49.10642057577208,-26.8708879371066],[-49.10647118714918,-26.87092624762144]]
     ]
    },
    "properties": {
    "OBJECTID": 61165,
    "SHAPE.LEN": 35.7920442969267
    }
  },
  {
   "type": "Feature",
    "geometry": {
    "type": "LineString",
     "coordinates": [
      [[-49.10521291327471,-26.86920060256508],[-49.10514302085529,-26.86910671021169]]
     ]
    },
    "properties": {
    "OBJECTID": 64611,
    "SHAPE.LEN": 12.5091215311068
    }
  },
  {
   "type": "Feature",
    "geometry": {
    "type": "LineString",
     "coordinates": [
      [[-49.10492688402319,-26.86872665332757],[-49.10499716029843,-26.86880818374252],[-49.10504124033176,-26.86886214726781],[-49.10508252160851,-26.86891526273052],[-49.10511037013519,-26.86895196691615]]
     ]
    },
    "properties": {
    "OBJECTID": 65962,
    "SHAPE.LEN": 30.9242339527267
    }
  },
  {
   "type": "Feature",
    "geometry": {
    "type": "LineString",
     "coordinates": [
      [[-49.10396081262904,-26.86806497138126],[-49.10394588773902,-26.868077328747],[-49.10393278433293,-26.86809289034768],[-49.10392601197779,-26.86810430559214],[-49.10391615854603,-26.86812244434634],[-49.10391144631685,-26.8681356689294],[-49.10390906500323,-26.86814876864186],[-49.10390830724192,-26.86816324310948],[-49.10391958357087,-26.86828278073537],[-49.10393515683911,-26.86845513192971],[-49.10394741184265,-26.86861892544363],[-49.1039579154199,-26.86876886067865],[-49.1039528417417,-26.86890648598147],[-49.10395794211153,-26.86892483440894],[-49.10396829961151,-26.86893319229554],[-49.10399435897693,-26.86894265171334],[-49.10403037888891,-26.86894987729947],[-49.10406261107816,-26.86895056158943],[-49.1041087078456,-26.86894303065947],[-49.104158944613,-26.86893582513067],[-49.10422441331198,-26.86892832932203],[-49.1042735523758,-26.8689238203813],[-49.10429544225551,-26.86891921663785],[-49.1043167295704,-26.86891350997531],[-49.10435043321662,-26.86889825989973],[-49.10439233313379,-26.86887021645504],[-49.10445084540731,-26.8688243442021],[-49.10450447369637,-26.86877689097371],[-49.10455815060191,-26.8687198818358],[-49.10462457247657,-26.86863711695392],[-49.10463178490706,-26.86861832084578],[-49.10463287793102,-26.86860600623466],[-49.10462691282491,-26.86858295821677],[-49.1046201028562,-26.86856241346023],[-49.10459707794063,-26.86851692136093]]
     ]
    },
    "properties": {
    "OBJECTID": 61206,
    "SHAPE.LEN": 191.603660411605
    }
  },
  {
   "type": "Feature",
    "geometry": {
    "type": "LineString",
     "coordinates": [
      [[-49.10591426064372,-26.86788143087667],[-49.10590359468079,-26.86789490066351],[-49.10558892244707,-26.86829416124872],[-49.10557347777858,-26.86830589084701],[-49.10555292558318,-26.86832142314596],[-49.10551862732443,-26.86834253865498],[-49.10549369340998,-26.86835733345827],[-49.10545909840381,-26.86837529947369],[-49.10540057506833,-26.86840255355435],[-49.10531281706987,-26.86844154001799],[-49.10522091136193,-26.86848379953223],[-49.10519855516216,-26.86849241546785],[-49.10517449583791,-26.86850062496482],[-49.10513621178159,-26.86851197785142],[-49.10503096400431,-26.86854089235865]]
     ]
    },
    "properties": {
    "OBJECTID": 61221,
    "SHAPE.LEN": 118.236713518618
    }
  },
  {
   "type": "Feature",
    "geometry": {
    "type": "LineString",
     "coordinates": [
      [[-49.10152515395797,-26.88047543519235],[-49.10222216858635,-26.88200217030847],[-49.10230307377398,-26.88197252347535],[-49.10160907336342,-26.88044460532628],[-49.10152515395797,-26.88047543519235]]
     ]
    },
    "properties": {
    "OBJECTID": 66647,
    "SHAPE.LEN": 383.3017795467561
    }
  },
  {
   "type": "Feature",
    "geometry": {
    "type": "LineString",
     "coordinates": [
      [[-49.09961266894651,-26.8831083624559],[-49.09961373627166,-26.88310352635609],[-49.09961519323687,-26.8830986837648],[-49.09961705029256,-26.88309387182833],[-49.0996181289096,-26.88309148908991],[-49.09961930781085,-26.88308912845998],[-49.09962058589938,-26.88308679533925],[-49.09962196309969,-26.88308449423957],[-49.09962343831489,-26.88308223056168],[-49.09962500744422,-26.8830800087633],[-49.09962667041219,-26.8830778333563],[-49.09962842311803,-26.8830757087984],[-49.09963026243714,-26.88307364136562],[-49.09963218733299,-26.88307163284916],[-49.09963419166201,-26.88306968948442],[-49.09963627135365,-26.88306781392438],[-49.09963842434996,-26.88306600884907],[-49.0996406435162,-26.883064279578],[-49.09964292481199,-26.88306262695937],[-49.09964526415168,-26.88306105454852],[-49.09964765545209,-26.88305956497136],[-49.09965009366656,-26.88305815906256],[-49.09965257371824,-26.88305683946157],[-49.09965508956923,-26.88305560608715],[-49.09966020746106,-26.88305340224561],[-49.09966540501652,-26.8830515505788],[-49.09967063902452,-26.88305004689508],[-49.09974093471904,-26.88303002025086],[-49.09988057424498,-26.88298801801814],[-49.10003075214181,-26.88294721972587],[-49.10015777230132,-26.8829113059558],[-49.10017743124657,-26.88290449323742],[-49.10019703790137,-26.88289755706217],[-49.1002165902681,-26.88289049650061],[-49.10023608731022,-26.88288331334399],[-49.10025552802137,-26.8828760075788],[-49.10027491138006,-26.8828685800939],[-49.10029423436733,-26.8828610308487],[-49.10031349596169,-26.88285336073208]]
     ]
    },
    "properties": {
    "OBJECTID": 58120,
    "SHAPE.LEN": 76.67933988497509
    }
  },
  {
   "type": "Feature",
    "geometry": {
    "type": "LineString",
     "coordinates": [
      [[-49.10090054526096,-26.8729465196907],[-49.10090059264163,-26.87294892389936],[-49.10090811500363,-26.87308766497801],[-49.10091247291754,-26.87320720534863],[-49.10091372191692,-26.87334800212138],[-49.10091780304897,-26.87346633833632],[-49.10092075256922,-26.87351134724532],[-49.10092929731223,-26.87360505517161],[-49.10094586506723,-26.87376449304187],[-49.1009677581302,-26.87397282486371],[-49.10097524125231,-26.87408163944453],[-49.10097617167245,-26.87409118771178]]
     ]
    },
    "properties": {
    "OBJECTID": 61741,
    "SHAPE.LEN": 127.117038620169
    }
  },
  {
   "type": "Feature",
    "geometry": {
    "type": "LineString",
     "coordinates": [
      [[-49.09926914703116,-26.87242139254048],[-49.09927536357382,-26.87240016896054],[-49.09929410181031,-26.87233035735295],[-49.09930594041832,-26.87227242474944],[-49.09930855071154,-26.87225211209826],[-49.09931206223602,-26.87218297206017],[-49.09931333994678,-26.87208329476539],[-49.09931163716751,-26.87205837599327],[-49.09930892597327,-26.87203387599182],[-49.09930805500635,-26.87202758141564],[-49.09930061482923,-26.8719684047561],[-49.09929646514117,-26.87193483613572],[-49.09929067012121,-26.8718995106232],[-49.09928093766286,-26.87186468091249],[-49.0992749607552,-26.87184841363912],[-49.09926113049136,-26.87180591734508],[-49.09922123552475,-26.87171323355549],[-49.09921583429958,-26.87170244275708],[-49.09919579347319,-26.87166481175659],[-49.09918271308426,-26.87164626106519],[-49.09916811180217,-26.87162892373944],[-49.09916494186649,-26.87162553342537],[-49.09911689382305,-26.87156660653783],[-49.09905725776036,-26.871489024455],[-49.09900015811773,-26.87141414269569],[-49.09894134112716,-26.87133417343314],[-49.09891824968933,-26.87130636384599],[-49.09889846985643,-26.87127660410977],[-49.09888221656712,-26.87124522114398],[-49.09886967026142,-26.87121255855277],[-49.09886096787021,-26.87117897379591],[-49.09885620388201,-26.8711448345928],[-49.09885543038849,-26.87111051621532],[-49.09885801286543,-26.87108079921576],[-49.09886412582791,-26.87101180249928],[-49.09888603732978,-26.87084428781696],[-49.09890865460705,-26.87070797669225],[-49.09891953451067,-26.87065777805691],[-49.09893606515176,-26.87060874395728],[-49.09894660856946,-26.87058437444007],[-49.09897178924032,-26.87052512487698],[-49.09901676984909,-26.87042806182933],[-49.09902545513973,-26.87040894017957],[-49.09903201838818,-26.87038912568159],[-49.09903638753591,-26.8703688348881],[-49.09903808791475,-26.87035478473341],[-49.09904911689396,-26.87026395934245],[-49.09905096556165,-26.87021011732325],[-49.09904654044759,-26.87015637863833],[-49.09904030292752,-26.87012170333703],[-49.09902674247942,-26.87005250240093],[-49.09901645072395,-26.86998914902918],[-49.09901616142354,-26.86995602405299],[-49.09901947190126,-26.86992321196145],[-49.09901992991595,-26.8699203786058],[-49.09902256973731,-26.86988987531754],[-49.09902552882763,-26.8698236783728],[-49.09902786829281,-26.86975102325287],[-49.09903454876286,-26.86966186328149],[-49.09904374574293,-26.86959596055359],[-49.09906567485962,-26.86945683579036],[-49.09907192846616,-26.86941214651972],[-49.09907292869814,-26.86936528266172],[-49.09907072042908,-26.86933550932273],[-49.09906653723252,-26.86927928096108],[-49.09906392759714,-26.8691843314095],[-49.09904892705711,-26.86906404400496],[-49.09904015248215,-26.86890126112652],[-49.09909926686363,-26.86889827906676],[-49.09910528821971,-26.8690694107818],[-49.09911167494331,-26.86913963170495],[-49.09911498916533,-26.8692212199108],[-49.09911535720851,-26.86938346187242],[-49.09911489369019,-26.8693882492411],[-49.09909611741929,-26.86951879047001],[-49.09907798739049,-26.86962976612761],[-49.09906918722707,-26.86968385942058],[-49.09906192666423,-26.86973194870107],[-49.0990553269538,-26.86978631709616],[-49.09905279183352,-26.86984202995848],[-49.0990505342162,-26.86991087548581],[-49.09904872687576,-26.86995045458762],[-49.09904882463321,-26.86995538038057],[-49.09905067202279,-26.86998723382323],[-49.09905461857478,-26.87001940252645],[-49.09906039618185,-26.87004896213358],[-49.09906435651259,-26.87006430241336],[-49.09907193496953,-26.8700936606018],[-49.09908780484654,-26.8701528342488],[-49.09909514263037,-26.870182983469],[-49.09909986885031,-26.87021878200635],[-49.09910040229829,-26.87025482108796],[-49.09909673645544,-26.8702907080036],[-49.0990889657824,-26.8703594838748],[-49.09908854913041,-26.87036405615644],[-49.09908469149669,-26.87038800296507],[-49.09907808247664,-26.87041145695605],[-49.09906879579843,-26.87043416188546],[-49.09903454642151,-26.87049442491105],[-49.09901088458919,-26.87054464384699],[-49.09898171944042,-26.87062483292304],[-49.09897153462099,-26.87065700555983],[-49.09895569318977,-26.87072716931124],[-49.09894929865534,-26.87076884295364],[-49.09893266649046,-26.87086828478615],[-49.09891461022615,-26.87098234369263],[-49.09889679338069,-26.8710964067176],[-49.09889620117165,-26.87112344456133],[-49.09889878628238,-26.87115054230337],[-49.09890452853689,-26.87117728177759],[-49.09891336742481,-26.87120336973362],[-49.09892225976935,-26.87122836809171],[-49.09893745042777,-26.87126052380615],[-49.09895632585481,-26.87129110354804],[-49.09897867932773,-26.87131977058011],[-49.0990396303894,-26.87140633390644],[-49.0991016184438,-26.87148854899048],[-49.09914855360111,-26.87154914422253],[-49.09918446714511,-26.87159217859557],[-49.09919653809362,-26.87160615496988],[-49.09922788259441,-26.8716482171641],[-49.09925410563027,-26.87169284960139],[-49.09928399939702,-26.87176033419706],[-49.09931658359965,-26.87184441551837],[-49.09931715585989,-26.87184612457982],[-49.09933265573313,-26.87190312883648],[-49.09934155024899,-26.87196110115998],[-49.0993465865588,-26.87201687795589],[-49.09934973438599,-26.87206768411188],[-49.09935067665884,-26.87210232968783],[-49.09935140569155,-26.87216687397091],[-49.0993467222183,-26.87226426344397],[-49.09934485396317,-26.87232210723382],[-49.09934495866987,-26.87237932951055],[-49.09934169397453,-26.87243220837606]]
     ]
    },
    "properties": {
    "OBJECTID": 61729,
    "SHAPE.LEN": 818.265322889398
    }
  },
  {
   "type": "Feature",
    "geometry": {
    "type": "LineString",
     "coordinates": [
      [[-49.09926914703116,-26.87242139254048],[-49.09925930989169,-26.87245497518184],[-49.09925904999444,-26.8724559518875],[-49.09925788991583,-26.87245930019738],[-49.09925634547101,-26.87246252239084],[-49.09925443336322,-26.87246558258938],[-49.09925217429046,-26.8724684467734],[-49.09924959291517,-26.87247108458691],[-49.09924671893096,-26.87247346574164],[-49.09924310723593,-26.87247584599802],[-49.09924021854619,-26.87247736138054],[-49.09923666333579,-26.87247883169337],[-49.09923295580893,-26.87247996148954],[-49.09922913743197,-26.87248073869076],[-49.09922524962606,-26.87248115392587],[-49.09922133472795,-26.8724812032515],[-49.0992174360203,-26.87248088634734],[-49.09914988078862,-26.87246888211303],[-49.09901463127641,-26.87244223885248],[-49.09891319210176,-26.87242247133577],[-49.09882179602838,-26.87240476498834],[-49.09871253076221,-26.87238253358452],[-49.09860812804354,-26.87236358884055],[-49.09846603316191,-26.87233470841581],[-49.0984128600473,-26.8723245788948],[-49.09829672412061,-26.87230161568043],[-49.09819164932554,-26.87227857741492],[-49.0981064449174,-26.87225793843318],[-49.09804917531607,-26.87224259719913],[-49.09799986431319,-26.8722280002967],[-49.09791308172146,-26.8722004559817],[-49.09784429277271,-26.87217829945916],[-49.09778931632065,-26.87216341591374],[-49.09772723538616,-26.87214973551077],[-49.09757974888877,-26.87211433991348],[-49.09743758836553,-26.87208202327578],[-49.0973497129259,-26.87206199954412],[-49.09727352356232,-26.87204448615278],[-49.09718940684834,-26.87202322405626],[-49.0971813627873,-26.87202133493795],[-49.09712349210144,-26.87200476134481],[-49.09704339143889,-26.8719717023817],[-49.09699031671614,-26.87194435786192],[-49.0968839310698,-26.87188923415086],[-49.09683156935156,-26.87186318986603],[-49.09683156037121,-26.87186318523217],[-49.09682808147941,-26.87186117977633],[-49.09682485447515,-26.87185885729753],[-49.09682191517411,-26.87185624264785],[-49.09681929529149,-26.87185336513705],[-49.09681702347855,-26.87185025674131],[-49.09681512436167,-26.87184694938267],[-49.09681361942765,-26.87184348216143],[-49.09681252619892,-26.87183989051425],[-49.09681185404241,-26.87183621608594],[-49.09681161238544,-26.87183249691182],[-49.09681180353634,-26.8718287754442],[-49.09681242381143,-26.87182509134698],[-49.09681346850575,-26.87182148517281],[-49.09681492587086,-26.87181799737953],[-49.09682601188485,-26.87179617882382],[-49.09688948888454,-26.87167233163813],[-49.09694620840302,-26.87155894816715],[-49.09700359533645,-26.87143394933553],[-49.09705363053094,-26.8713262956165],[-49.09706480163418,-26.87133052301614],[-49.09708770340198,-26.87128710959322],[-49.0971405793407,-26.87118530219218],[-49.09717856175749,-26.87111452254979],[-49.09721887837905,-26.87103494710002],[-49.097245877494,-26.87097931464204],[-49.09727233133076,-26.87092733479495],[-49.0973292213294,-26.87081868926067],[-49.09737753614272,-26.87072737329099],[-49.0974167398055,-26.87065660820768],[-49.09745193159847,-26.87059246727986],[-49.09750639938543,-26.87049821316846],[-49.09755116174603,-26.87041546261226],[-49.0975863203731,-26.8703534738492],[-49.0976377737888,-26.87026456388222],[-49.097692472369,-26.87017117294865],[-49.09774141650622,-26.87008653716711],[-49.09778780146331,-26.87000940345487],[-49.0978257134456,-26.86994314276834],[-49.09786964638972,-26.86986662496992],[-49.09791732590696,-26.86978477189319],[-49.09796525607085,-26.86970249073747],[-49.09799410234311,-26.86965376874654],[-49.09804741723415,-26.86955498054609],[-49.09807127395104,-26.86949715655045],[-49.09808452658763,-26.86945685782544],[-49.09809435646181,-26.86941048018477],[-49.09810605359156,-26.86933334969659],[-49.09811697365309,-26.86924329463208],[-49.0981381220024,-26.86910794766849],[-49.09814955235493,-26.86903232088949],[-49.09816243259819,-26.86894185895935],[-49.0981740868275,-26.86886752587818],[-49.09819899572643,-26.86874169666906],[-49.09821144470627,-26.86869492553582],[-49.09822249570258,-26.86865579668629],[-49.09825261643452,-26.86857575419077],[-49.09827610872937,-26.86852567479005],[-49.09830227777142,-26.86847627404461],[-49.09831580985458,-26.86845041762082],[-49.09834240963093,-26.86840853393524],[-49.09840140636389,-26.86832143912415],[-49.09845134032009,-26.86825166649764],[-49.09850568109348,-26.86818130329214],[-49.09856422956451,-26.86810733220469],[-49.09862475878221,-26.86803166381259],[-49.0986835747792,-26.8679561898612],[-49.09872444675757,-26.86790374116923],[-49.0987687949249,-26.86784767656215],[-49.09884080691835,-26.86775600546407],[-49.09890458447398,-26.86767564118635],[-49.09896093387102,-26.86760164303218],[-49.09900679059116,-26.86754279882858],[-49.09907927781627,-26.8674519941425],[-49.09915539836673,-26.86735322607927],[-49.09919329520069,-26.86730642076058],[-49.0992881388831,-26.86718296254843],[-49.09936752291876,-26.86707865127399],[-49.09942622742312,-26.86699901095847],[-49.09952283198164,-26.86687235042285],[-49.09961372898155,-26.86675099063205],[-49.09971803295333,-26.8666166902423],[-49.09978892680198,-26.86652366231459],[-49.09987248955338,-26.86641789959074],[-49.09994095866509,-26.8663235518911],[-49.09999090077874,-26.86625691159898],[-49.10005895111534,-26.86617152985708],[-49.10006230403169,-26.86616769925292],[-49.10007053141259,-26.86615962345678]]
     ]
    },
    "properties": {
    "OBJECTID": 61756,
    "SHAPE.LEN": 977.34682250093
    }
  },
  {
   "type": "Feature",
    "geometry": {
    "type": "LineString",
     "coordinates": [
      [[-49.09707968091278,-26.87387926444713],[-49.0970819656781,-26.87388100109379],[-49.09708454291938,-26.87388252145026],[-49.09708736817222,-26.87388377617838],[-49.09709038075162,-26.87388472294218],[-49.09709350863199,-26.87388533549935],[-49.09709667449969,-26.87388560288026],[-49.09709980276639,-26.87388553128747],[-49.09710282161181,-26.87388514231819],[-49.09715012230103,-26.87387798198322],[-49.09718356845012,-26.87387194107737],[-49.09729276045531,-26.8738399484652],[-49.09746224433977,-26.87379106174794],[-49.09752825572518,-26.87377165702251],[-49.09754204101668,-26.87379204507604],[-49.09745316473736,-26.8738204159203],[-49.09744927152693,-26.87381628203187],[-49.09734430546386,-26.8738466059449],[-49.09722695102369,-26.8738791430414],[-49.09712844592675,-26.87390696610619],[-49.09712506987361,-26.87390759035117],[-49.09712168214533,-26.87390885165974],[-49.09711850780537,-26.87391077291981],[-49.09711707578165,-26.87391196489446],[-49.09711578341521,-26.87391329142914],[-49.09711465422718,-26.87391473027618],[-49.0971137047253,-26.87391625728828],[-49.09711238789426,-26.87391946537105],[-49.09711184164061,-26.87392269556558],[-49.09711198758774,-26.87392575998241]]
     ]
    },
    "properties": {
    "OBJECTID": 61735,
    "SHAPE.LEN": 95.63775288759801
    }
  },
  {
   "type": "Feature",
    "geometry": {
    "type": "LineString",
     "coordinates": [
      [[-49.09578504655936,-26.87151366810303],[-49.09578521825946,-26.8715157941855],[-49.09578536875355,-26.87151792449505],[-49.09578549602921,-26.8715200590046],[-49.09578560008644,-26.87152219771414],[-49.09578568094034,-26.87152433972128],[-49.09578573959713,-26.8715264850396],[-49.09578577505061,-26.87152863365553],[-49.09578578730076,-26.87153078556907],[-49.0957857753565,-26.87153293986429],[-49.09578574124538,-26.87153509566593],[-49.09578568293983,-26.87153725384924],[-49.09578560146119,-26.87153941352542],[-49.09578549680948,-26.87154157469445],[-49.09578536797846,-26.87154373734278],[-49.09578521499839,-26.87154589966566],[-49.09578503886034,-26.87154806257902],[-49.09578483956432,-26.87155022608288],[-49.09578461613436,-26.8715523883589],[-49.09578436854022,-26.87155455121185],[-49.09578409681212,-26.87155671283697],[-49.09578380197142,-26.87155887234545],[-49.09578348398786,-26.87156103154203],[-49.09578314089439,-26.87156318769248],[-49.09578277467318,-26.87156534262866],[-49.09578238434825,-26.87156749453226],[-49.0957819709107,-26.87156964431923],[-49.09578153338455,-26.87157179017124],[-49.09578107276092,-26.87157393300421],[-49.09578058803357,-26.87157607280462],[-49.09578008023895,-26.87157820778125],[-49.09577954837086,-26.87158033792056],[-49.09577899342038,-26.87158246413847],[-49.09577841540263,-26.8715845855326],[-49.09577781433273,-26.87158670120059],[-49.0957771902107,-26.87158881114243],[-49.09577654203029,-26.87159091534456],[-49.09577587180395,-26.87159301383411],[-49.0957751785557,-26.87159510479277],[-49.0957744632615,-26.87159719003882],[-49.09577372395431,-26.87159926683805],[-49.09577296362249,-26.87160133703586],[-49.09577218026877,-26.87160339970278],[-49.09577137489935,-26.87160545485236],[-49.09577054754445,-26.87160750067985],[-49.09576969919518,-26.87160953810119],[-49.09576882783913,-26.87161156708924],[-49.0957679355038,-26.87161358676876],[-49.09576702218924,-26.87161559713975],[-49.0957660878954,-26.87161759820221],[-49.09576513163122,-26.8716195890402],[-49.09576415540911,-26.87162156968084],[-49.09576315822287,-26.87162354011057],[-49.09576214109382,-26.87162549944057],[-49.09576110402197,-26.87162744767086],[-49.09576004600109,-26.87162938478784],[-49.09575896904362,-26.87163131081868],[-49.09575787214333,-26.87163322574978],[-49.09575675633668,-26.87163512778997],[-49.09575562060235,-26.87163701782805],[-49.09575446695276,-26.87163889589116],[-49.0957532943968,-26.87164076106334],[-49.0957521039407,-26.87164261335815],[-49.09575089457824,-26.87164445276206],[-49.09574966832184,-26.87164627930217],[-49.09574878175822,-26.87164759414511],[-49.09574788220458,-26.8716489033975],[-49.09574696866979,-26.8716502061434],[-49.0957460421752,-26.87165150149401],[-49.09574510270569,-26.8716527903517],[-49.09574415026126,-26.87165407271645],[-49.09574318485704,-26.87165534768591],[-49.09574220649301,-26.87165661526008],[-49.09574121515406,-26.87165787634131],[-49.09574021187664,-26.87165912913843],[-49.09573919563941,-26.87166037454024],[-49.09573816746372,-26.87166161165795],[-49.09573712632823,-26.87166284138035],[-49.09573607326939,-26.87166406191626],[-49.09573500825695,-26.87166527507044],[-49.09573393130606,-26.87166647994049],[-49.09573284243181,-26.87166767562406],[-49.09573174161909,-26.87166886302351],[-49.09573062988923,-26.87167004125001],[-49.09572950622091,-26.8716712111924],[-49.09572837165057,-26.8716723710595],[-49.09572722616309,-26.87167352175365],[-49.09572606873715,-26.87167466416368],[-49.09572490141539,-26.87167579651198],[-49.09572372218541,-26.8716769187714],[-49.09572253405072,-26.871678031885],[-49.0957213340078,-26.87167913490975],[-49.09572012406908,-26.87168022787274],[-49.09571890524077,-26.87168131078754],[-49.09571767552556,-26.87168238272466],[-49.09571643589943,-26.8716834455024],[-49.0957151863926,-26.87168449731602],[-49.09575674609338,-26.87169724133512],[-49.09592723384342,-26.8717450541484],[-49.09611365693346,-26.87179549678403],[-49.09627069354148,-26.87183942737083],[-49.09645296303562,-26.87188850847695],[-49.09654080416732,-26.87191170305477],[-49.09656781562344,-26.87186582238638],[-49.09643246838051,-26.87183194121157],[-49.09627023676774,-26.87178943457715],[-49.09626723893393,-26.87178839232333],[-49.09626424958829,-26.87178732400901],[-49.09626126870057,-26.87178623143895],[-49.09625829828322,-26.87178511464027],[-49.09625533632378,-26.87178397358583],[-49.09625238584092,-26.87178280831634],[-49.09624944483733,-26.87178161790229],[-49.09624651529519,-26.87178040417555],[-49.0962435962234,-26.87177916622018],[-49.09624068963441,-26.8717779040633],[-49.09623779450686,-26.87177661859374],[-49.09623491184701,-26.87177530982505],[-49.09623204266103,-26.87177397777078],[-49.09622918495164,-26.87177262150146],[-49.09622634170722,-26.87177124286249],[-49.0962235119367,-26.87176984093796],[-49.09622069663116,-26.87176841664379],[-49.09621789580574,-26.8717669690776],[-49.09621510943018,-26.87176550004416],[-49.09621233854094,-26.87176400775227],[-49.09620958210158,-26.87176249399312],[-49.09620684313074,-26.87176095880738],[-49.09620411862488,-26.87175940125202],[-49.09620141158753,-26.87175782227008],[-49.09619872099737,-26.87175622275037],[-49.09619604686952,-26.87175460179053],[-49.09619339121639,-26.87175295941766],[-49.09619075199532,-26.8717512974094],[-49.09618813123387,-26.87174961489051],[-49.09618552893204,-26.87174791186098],[-49.09618294507469,-26.87174618922318],[-49.09618038066805,-26.87174444699066],[-49.09610515654975,-26.87168160041351],[-49.09600448813084,-26.8715998087791],[-49.09593368224082,-26.87154952959428],[-49.09593032009449,-26.87154740564742],[-49.09592695179008,-26.87154528883813],[-49.09592357732756,-26.87154317916642],[-49.09592019568561,-26.87154107752109],[-49.09591680787047,-26.87153898391572],[-49.09591341388212,-26.87153689835029],[-49.09591001272944,-26.87153481990887],[-49.09590660640977,-26.87153274952095],[-49.0959031929258,-26.87153068625704],[-49.09589977325349,-26.87152863193544],[-49.0958963484293,-26.87152658476499],[-49.09589291642568,-26.8715245456209],[-49.09588947925506,-26.87152251453033],[-49.09588603490502,-26.87152049146613],[-49.09588258540309,-26.87151847555306],[-49.09587912971281,-26.87151646858231],[-49.09587566784933,-26.8715144696515],[-49.09587219982775,-26.87151247785825],[-49.09586872662404,-26.87151049502088],[-49.0958652472471,-26.87150852022345],[-49.0958617627183,-26.87150655257714],[-49.09585827200114,-26.87150459387314],[-49.09585477511077,-26.87150264320908],[-49.09585127305339,-26.87150070059853],[-49.09584776581387,-26.87149876694384],[-49.09584425241627,-26.87149684042671],[-49.09584073383652,-26.87149492286546],[-49.09583720908356,-26.87149301334414],[-49.0958336801698,-26.87149111188988],[-49.0958301450677,-26.87148921937793],[-49.09582660479857,-26.87148733491946],[-49.09582305936244,-26.8714854585145],[-49.09578239996201,-26.87146475777996],[-49.0957821231169,-26.87146464212921],[-49.09578183907711,-26.87146453540727],[-49.09578154784264,-26.87146443761416],[-49.0957812494135,-26.87146434874989],[-49.09578094377455,-26.87146426971682],[-49.09578063292311,-26.87146420144445],[-49.09578031586808,-26.87146414301684],[-49.09577999459165,-26.87146409626587],[-49.09577966907868,-26.87146406209391],[-49.09577934036565,-26.87146403870977],[-49.09577900944361,-26.87146402702939],[-49.09577867628234,-26.87146402885751],[-49.0957783419183,-26.87146404240296],[-49.09577800834878,-26.87146406859522],[-49.09577767557378,-26.87146410743429],[-49.09577734461461,-26.87146415803136],[-49.09577701544107,-26.87146422219118],[-49.0957766901109,-26.87146429723374],[-49.0957763696001,-26.87146438497735],[-49.09577605291756,-26.8714644845061],[-49.09577574309704,-26.87146459495827],[-49.09577543913234,-26.87146471632029],[-49.09577514303586,-26.87146484861931],[-49.09577485381651,-26.87146499093937],[-49.09577457351696,-26.87146514150285],[-49.09577430210697,-26.87146530211451],[-49.0957740396319,-26.87146547006721],[-49.09577378708284,-26.8714656462769],[-49.09577354449004,-26.87146582893882],[-49.09577331285968,-26.87146601806653],[-49.09577309120071,-26.8714662127441],[-49.09577288051932,-26.87146641298507],[-49.09577267778175,-26.87146661965116],[-49.09577248192133,-26.8714668363383],[-49.09577229397449,-26.87146706125531],[-49.09577211291992,-26.87146729529098],[-49.09577193977892,-26.87146753755652],[-49.09577177654882,-26.87146778898142],[-49.09577162327498,-26.87146804685855],[-49.09577148093334,-26.87146831300622],[-49.09577134854797,-26.87146858560612],[-49.09577122814638,-26.871468863783],[-49.09577111971346,-26.87146914843922],[-49.09577102428567,-26.87146943778362],[-49.09577094187811,-26.8714697309138],[-49.09577087146948,-26.87147002871858],[-49.09577081612375,-26.87147032853153],[-49.09577077382849,-26.8714706303255],[-49.09577074459885,-26.87147093319814],[-49.09577073044723,-26.87147123717656],[-49.09577072939146,-26.87147154042889],[-49.09577074243775,-26.8714718429687],[-49.095770768595,-26.87147214388003],[-49.09577080889968,-26.87147244137173],[-49.09577086132423,-26.87147273631901],[-49.09577092690513,-26.8714730269307],[-49.09577100564235,-26.8714733132068],[-49.09577109553861,-26.87147359421782],[-49.09577119659389,-26.87147386996375],[-49.09577130883846,-26.87147413863985],[-49.09577143225717,-26.87147440114849],[-49.09577156486787,-26.87147465565779],[-49.09577170564921,-26.87147490305657],[-49.09577185562252,-26.87147514245602],[-49.09577241893069,-26.87147624126567],[-49.09577297208604,-26.87147734535397],[-49.09577351508857,-26.87147845472092],[-49.09577404895963,-26.87147956847769],[-49.09577457167165,-26.87148068749955],[-49.09577508426111,-26.87148180999531],[-49.09577558669776,-26.87148293776971],[-49.09577607899671,-26.87148406992038],[-49.09577656115797,-26.87148520644732],[-49.09577703217531,-26.87148634733698],[-49.09577749307009,-26.87148749170052],[-49.09577794283609,-26.87148863952441],[-49.09577838145818,-26.871489791711],[-49.09577880995769,-26.87149094737149],[-49.09577922732843,-26.87149210649232],[-49.0957796345917,-26.87149326818466],[-49.09578002971998,-26.87149443332378],[-49.09578041472568,-26.8714956019368],[-49.09578078861773,-26.87149677310778],[-49.0957811513961,-26.87149794683671],[-49.09578150304569,-26.87149912402599],[-49.09578184359673,-26.87150030287084],[-49.0957821730341,-26.87150148427365],[-49.09578249137292,-26.87150266733206],[-49.09578279759187,-26.87150385293486],[-49.09578309373361,-26.87150503930445],[-49.09578337775547,-26.87150622821841],[-49.09578365067878,-26.87150741878797],[-49.09578391250355,-26.87150861101312],[-49.09578416324488,-26.87150980399148],[-49.09578440188145,-26.87151099861186],[-49.09578462944972,-26.87151219308307],[-49.09578504655936,-26.87151366810303]]
     ]
    },
    "properties": {
    "OBJECTID": 66670,
    "SHAPE.LEN": 210.392717475023
    }
  },
  {
   "type": "Feature",
    "geometry": {
    "type": "LineString",
     "coordinates": [
      [[-49.09437793028067,-26.86926306464548],[-49.09433998442731,-26.86917836937618],[-49.0943002451233,-26.86907387170023],[-49.09428098691419,-26.86902174167076],[-49.09426671580253,-26.86898904011722],[-49.09426265752244,-26.86898168261921],[-49.0942588054053,-26.86897421417661],[-49.09425516433071,-26.86896664388104],[-49.09425173823259,-26.86895897720104],[-49.09424853200566,-26.86895122232582],[-49.09424555156594,-26.86894338655584],[-49.09424279776825,-26.86893547892842],[-49.09424027651352,-26.86892750764639],[-49.09423798868679,-26.86891947994229],[-49.09423593817662,-26.86891140399181],[-49.09423412580754,-26.868903290637],[-49.0942325524949,-26.86889514530571],[-49.09423122005432,-26.86888697975595],[-49.09423012737365,-26.86887880029078],[-49.09422927529257,-26.86887061684988],[-49.09422866268378,-26.8688624366387],[-49.09422541818476,-26.86879766624236],[-49.09422532915077,-26.86866607355396],[-49.09422789095706,-26.86859282140624],[-49.09422672342663,-26.86852092427655],[-49.09422603596905,-26.86836968068778],[-49.09422466205459,-26.86823950847182],[-49.09422251455264,-26.86810007258139],[-49.09422119292954,-26.8679559174106],[-49.09422243091094,-26.86783977219295],[-49.09422291428159,-26.86774792324869],[-49.09422122712799,-26.86763258880761],[-49.09422349344253,-26.86749064549886],[-49.09422521378028,-26.86738612477663],[-49.0942271076018,-26.8672984467123],[-49.09422719382979,-26.86729114330301],[-49.09422738477527,-26.86728383679306],[-49.09422768037768,-26.86727653079197],[-49.0942280796157,-26.86726922618851],[-49.09422858445626,-26.86726192571698],[-49.09422919285675,-26.86725463115496],[-49.09422990580818,-26.86724734341839],[-49.09423072224386,-26.86724006610323],[-49.09423164416095,-26.86723280013897],[-49.09423266849554,-26.86722554819202],[-49.09423379622353,-26.86721831208071],[-49.09423502732976,-26.86721109270739],[-49.09423636175369,-26.86720389368158],[-49.09423779746784,-26.8671967158785],[-49.0942393344268,-26.86718956200527],[-49.0942409726154,-26.86718243296426],[-49.09424181223,-26.86717797471593],[-49.09424276238715,-26.86717352608158],[-49.09424382305658,-26.86716908886599],[-49.09424499414748,-26.86716466848338],[-49.09424627564473,-26.86716026583612],[-49.09424766645132,-26.86715588632491],[-49.09424916553088,-26.8671515317409],[-49.09425077180151,-26.86714720658242],[-49.09425248422681,-26.86714291264062],[-49.09425430174007,-26.86713865351145],[-49.09425622226841,-26.86713443277725],[-49.09425824576643,-26.86713025314513],[-49.09426036816406,-26.86712611726797],[-49.09426259042207,-26.86712202786643],[-49.09426490744908,-26.86711798848218],[-49.09426732020586,-26.86711400183588],[-49.09427186901531,-26.86710752580054],[-49.09427675568566,-26.86710118700052],[-49.09428197181955,-26.86709500608182],[-49.09428750805881,-26.86708900096981],[-49.09429335397862,-26.86708319318575],[-49.09429949419894,-26.8670775996712],[-49.0943059133095,-26.86707223917248],[-49.09431259596055,-26.86706712682636],[-49.09431952177152,-26.86706227770182],[-49.09432667238928,-26.86705770599261],[-49.09433402548144,-26.86705342313103],[-49.0943415587459,-26.8670494387447],[-49.09434924888951,-26.86704576154525],[-49.09435707367064,-26.86704239755078],[-49.09436500784437,-26.86703935183629],[-49.0943730292145,-26.8670366277128],[-49.09443830962326,-26.8670203328367],[-49.09445197845142,-26.86701649436087],[-49.09446576882172,-26.86701296981499],[-49.0944796685997,-26.86700976264575],[-49.09449366158086,-26.86700687895263],[-49.09450773466999,-26.86700431946164],[-49.09452187372033,-26.86700208759229],[-49.09453606461538,-26.8670001849594],[-49.09455029124139,-26.86699861224827],[-49.09471184775251,-26.86698872940178],[-49.09489862372864,-26.86698682128407],[-49.09511095277007,-26.8669776089172],[-49.09531610624224,-26.86697602017835],[-49.09550074292891,-26.86697235218324],[-49.09562155002855,-26.86696735443219],[-49.09563992064267,-26.86696724367491],[-49.09565829540625,-26.86696682519154],[-49.09567666427257,-26.8669660979441],[-49.095695019177,-26.8669650627265],[-49.09571334803022,-26.86696372027839],[-49.09573164278275,-26.86696207049131],[-49.09574989434864,-26.866960115048],[-49.09576809162968,-26.86695785560406],[-49.0957772247326,-26.86695641089402],[-49.09578633892806,-26.86695483324941],[-49.09579543122779,-26.8669531208248],[-49.09580449657064,-26.86695127535715],[-49.09581353193808,-26.8669492968058],[-49.09582253431157,-26.86694718513006],[-49.09583149863,-26.8669449420669],[-49.09584042286587,-26.86694256849161],[-49.09584930297937,-26.86694006525232],[-49.09585813494579,-26.86693743229481],[-49.09586691571636,-26.86693467138317],[-49.09587564123613,-26.86693178426792],[-49.09588430947761,-26.86692877182434],[-49.09589291537971,-26.86692563578939],[-49.09590145691495,-26.86692237703835],[-49.09590993001327,-26.86691899822413],[-49.09591540741482,-26.866916800235],[-49.09592101775512,-26.86691483690242],[-49.09592674272664,-26.86691311971324],[-49.09593256211531,-26.86691165381056],[-49.09593845367962,-26.86691044521275],[-49.09594439720554,-26.86690949906291],[-49.0959503715333,-26.86690881688108],[-49.09595635352105,-26.86690839835545],[-49.09607125681217,-26.86689662442989],[-49.0961931567651,-26.86688561889764],[-49.09632095325208,-26.86688181946302],[-49.0964084519302,-26.86688485115507],[-49.09654678754968,-26.86688597083968],[-49.09655309749898,-26.86688616053208],[-49.09655946552036,-26.86688606759634],[-49.09656587058998,-26.86688568543121],[-49.09657228662296,-26.86688500917245],[-49.09657869052266,-26.86688403580119],[-49.09658505411627,-26.86688276493798],[-49.09659135420141,-26.86688119988061],[-49.09659756353591,-26.86687934477505],[-49.09660365788096,-26.86687720471032],[-49.09660961289202,-26.86687479109206],[-49.09661540727326,-26.86687211356182],[-49.09662101864714,-26.86686918625949],[-49.09662642866082,-26.86686602337918],[-49.09663161792504,-26.86686264090619],[-49.09663657304228,-26.86685905761426],[-49.09664127963903,-26.86685529045884],[-49.09664781156709,-26.86685033752907],[-49.09665414877607,-26.86684511300752],[-49.09666026897911,-26.86683962561982],[-49.09666615283236,-26.86683388864417],[-49.09667178205849,-26.86682791176279],[-49.09667713929581,-26.86682171008575],[-49.09668220817358,-26.86681529963899],[-49.09668697334241,-26.8668086955597],[-49.09669142141993,-26.86680191571924],[-49.096695541021,-26.8667949789185],[-49.09669932275769,-26.8667879048878],[-49.09670275826339,-26.86678071246867],[-49.09670584214466,-26.8667734232504],[-49.09670856903828,-26.86676605701756],[-49.09671093858166,-26.86675863542719],[-49.09671294945139,-26.86675117741567],[-49.09671970625811,-26.86672678413509],[-49.09672615234318,-26.86670231536526],[-49.09673228356124,-26.86667777827104],[-49.096738100828,-26.86665317828029],[-49.09674360101933,-26.86662852166906],[-49.09674878303865,-26.86660381383806],[-49.09675364577418,-26.86657906109047],[-49.09675818912037,-26.86655426974293],[-49.0967601678562,-26.86654494385966],[-49.09676193105152,-26.86653556813925],[-49.09676347658828,-26.86652614887127],[-49.09676480336972,-26.86651669145643],[-49.09676590926269,-26.86650720308664],[-49.09676679216421,-26.86649768914907],[-49.0967674519535,-26.86648815686274],[-49.09676788852483,-26.86647861254428],[-49.09676810076633,-26.86646906249679],[-49.09676808857228,-26.86645951303692],[-49.09676785284312,-26.86644997049483],[-49.09676739345807,-26.86644044208955],[-49.09676671032651,-26.86643093323534],[-49.09676580735226,-26.86642145120542],[-49.09676468342346,-26.86641200230286],[-49.09676334047695,-26.86640259106664],[-49.09676256956759,-26.86639309547147],[-49.09676141343297,-26.86638358656486],[-49.09675987074971,-26.86637408328313],[-49.09675793917321,-26.86636460545147],[-49.0967556184013,-26.86635517111739],[-49.09675291212637,-26.86634580018737],[-49.09674982304971,-26.86633651165195],[-49.0967463558849,-26.86632732452876],[-49.09674251735789,-26.86631825786256],[-49.09673831523099,-26.86630932890687],[-49.09673376028499,-26.86630055495589],[-49.09672886229452,-26.86629195329024],[-49.09672363406781,-26.86628354032883],[-49.09671808745222,-26.86627532976991],[-49.09671223929573,-26.86626733718419],[-49.09670610248208,-26.86625957447871],[-49.09669995980801,-26.86625053905637],[-49.09669364059668,-26.86624158880635],[-49.09668714779104,-26.86623272828117],[-49.09668048335811,-26.86622396021505],[-49.09667365123192,-26.86621529007641],[-49.0966666533644,-26.86620672150187],[-49.09665949172253,-26.86619825722562],[-49.09665217124651,-26.86618990272964],[-49.09664469291229,-26.86618165983223],[-49.09663706166005,-26.86617353401538],[-49.09662928047806,-26.86616552712448],[-49.09662135331543,-26.86615764372559],[-49.09661328314533,-26.86614988656646],[-49.09660507393198,-26.8661422593108],[-49.0965967296698,-26.86613476381753],[-49.09658825432302,-26.86612740375035],[-49.09658305764301,-26.86612311780453],[-49.09657765804724,-26.86611898978463],[-49.09657206236727,-26.86611503241878],[-49.09656628252596,-26.86611125489332],[-49.09656032838849,-26.86610766907467],[-49.09655421289897,-26.86610428326034],[-49.09654794799533,-26.86610110573437],[-49.09654154660654,-26.86609814569667],[-49.09653502272818,-26.8660954087512],[-49.09652839235308,-26.86609290143142],[-49.09652167049807,-26.8660906284525],[-49.0965148701979,-26.86608859269773],[-49.096508009503,-26.86608679802055],[-49.09650110350578,-26.86608524462424],[-49.09649416726842,-26.86608393451684],[-49.09648721591353,-26.86608286609689],[-49.09635773857975,-26.86606882253917],[-49.09628510029648,-26.86605897527666],[-49.09626731205744,-26.86605574900834],[-49.09624959413841,-26.86605216987385],[-49.09623195855306,-26.86604824164537],[-49.09621441836651,-26.86604396540155],[-49.09619698760473,-26.86603934494169],[-49.09617967729031,-26.86603438312209],[-49.09616249942173,-26.86602908461732],[-49.09614546802495,-26.86602345322673],[-49.09613224059016,-26.86601891465963],[-49.09611896617128,-26.86601447744984],[-49.09610564577444,-26.86601014161091],[-49.09609228039067,-26.86600590805876],[-49.09607887203224,-26.8660017768205],[-49.09606542271146,-26.86599774792321],[-49.09605193340423,-26.8659938231852],[-49.09603840714411,-26.86599000174473],[-49.0960292523619,-26.86598673742436],[-49.09602017312906,-26.86598322861961],[-49.09601118045297,-26.86597947908913],[-49.09600228636224,-26.86597549170273],[-49.09599350288551,-26.86597126933023],[-49.09598484101502,-26.86596681663267],[-49.09597631174301,-26.86596213827106],[-49.09596792705273,-26.86595723982238],[-49.09595969590897,-26.86595212682289],[-49.09595162925859,-26.86594680664077],[-49.09594373705742,-26.86594128572825],[-49.09593602723381,-26.86593557141283],[-49.09592851070441,-26.86592967286741],[-49.09592119440651,-26.86592359650355],[-49.09591408523207,-26.86591735143994],[-49.09590719207027,-26.86591094772477],[-49.09589435141523,-26.86589792016986],[-49.09588124984535,-26.86588508856843],[-49.09586789230075,-26.8658724584024],[-49.09585428468236,-26.86586003787446],[-49.09584043397286,-26.86584783068894],[-49.09582634610342,-26.86583584324373],[-49.09581203002362,-26.86582408197744],[-49.09579749067358,-26.86581255237201],[-49.09579067012709,-26.86580770206712],[-49.09578372065847,-26.86580297819104],[-49.09577664421955,-26.86579838438038],[-49.09576944780808,-26.86579392343714],[-49.09576213636417,-26.86578960084335],[-49.0957547128458,-26.86578542024919],[-49.095747185272,-26.86578138356782],[-49.09573955760693,-26.86577749446299],[-49.09573183581193,-26.8657737575279],[-49.09572402693009,-26.86577017285745],[-49.09571613491047,-26.86576674501772],[-49.09570816676589,-26.86576347590837],[-49.09570012851818,-26.8657603665131],[-49.09569202716506,-26.86575741963394],[-49.09568386871325,-26.86575463715699],[-49.0956756581935,-26.86575201915001],[-49.09550333449756,-26.86570175547737],[-49.09548969888016,-26.86576458891954],[-49.09549827586265,-26.86576641760588],[-49.09550683220137,-26.86576833717404],[-49.09551536789636,-26.86577034762401],[-49.09552387994429,-26.86577244801276],[-49.09553236633282,-26.86577463831317],[-49.09554082506479,-26.86577691759576],[-49.09554925511895,-26.86577928674934],[-49.09555765451322,-26.86578174394205],[-49.09556602022914,-26.86578428913322],[-49.0955743512757,-26.86578692140692],[-49.09558264664675,-26.8657896407496],[-49.09559090333894,-26.86579244621821],[-49.09559911935509,-26.86579533688326],[-49.09560729368904,-26.86579831273121],[-49.09561542534978,-26.86580137284612],[-49.09562351133396,-26.86580451628496],[-49.09563664839931,-26.86581006095919],[-49.09564969574635,-26.86581579486753],[-49.09566264941097,-26.86582171434628],[-49.09567550335623,-26.8658278193141],[-49.0956882506298,-26.86583410426187],[-49.09570088720704,-26.86584056913538],[-49.09571340612049,-26.86584720932787],[-49.09572580339086,-26.86585402207801],[-49.09573431054687,-26.86585875792118],[-49.09574274940736,-26.86586360566605],[-49.09575111599305,-26.86586856255124],[-49.09575940829166,-26.86587362854967],[-49.09576762333003,-26.86587880091355],[-49.09577575808974,-26.86588407960221],[-49.09578380961274,-26.86588946096551],[-49.09579177388954,-26.86589494404683],[-49.0957996509504,-26.86590052704145],[-49.0958074357947,-26.86590620807684],[-49.09581512644041,-26.86591198532114],[-49.09582272090542,-26.86591785694251],[-49.09583021722276,-26.86592382020673],[-49.09583761139804,-26.86592987325481],[-49.09584490146428,-26.86593601335255],[-49.09585208542424,-26.86594223957045],[-49.09585604191324,-26.8659457614952],[-49.09585991645842,-26.86594936896336],[-49.09586370610177,-26.86595305832476],[-49.09586740684885,-26.86595682772044],[-49.09587101673273,-26.86596067441616],[-49.09587453177407,-26.86596459565056],[-49.09587794999081,-26.86596858959179],[-49.09588126743386,-26.86597265167374],[-49.09588448314241,-26.86597677917575],[-49.0958875941282,-26.86598097025238],[-49.09589059744832,-26.8659852203511],[-49.09589349214196,-26.86598952675122],[-49.09589627525109,-26.86599388580258],[-49.09589894581487,-26.86599829478449],[-49.09590150189656,-26.86600274915798],[-49.09590394255045,-26.86600724529998],[-49.09590636929369,-26.86601329278904],[-49.09590866737791,-26.86601939089414],[-49.09591083485122,-26.86602553597867],[-49.09591287073768,-26.86603172622432],[-49.09591477311565,-26.86603795618974],[-49.09591654100917,-26.86604422405661],[-49.09591817248148,-26.86605052528595],[-49.09591966760814,-26.86605685536587],[-49.09592102440703,-26.86606321246452],[-49.09592224194754,-26.86606959205647],[-49.09592332030525,-26.86607598962982],[-49.09592425853441,-26.86608240156152],[-49.09592505668037,-26.86608882514447],[-49.09592571481868,-26.86609525586675],[-49.09592623300978,-26.86610169011889],[-49.09592661132921,-26.86610812338899],[-49.09593573891458,-26.86617735509535],[-49.09594089565241,-26.86620390987493],[-49.09594568406933,-26.86623052377483],[-49.09595010227371,-26.86625718954894],[-49.09595415034085,-26.86628390268541],[-49.09595782538803,-26.8663106550222],[-49.09596112851187,-26.8663374411586],[-49.09596405782069,-26.86636425384854],[-49.0959666144111,-26.86639108769132],[-49.09598638829192,-26.86655232198266],[-49.09598755465651,-26.86656836570763],[-49.09598855064655,-26.86658442699376],[-49.09598937540697,-26.86660049680375],[-49.09599002913422,-26.86661656340671],[-49.09599050995192,-26.86663261865413],[-49.09599081804141,-26.8666486517175],[-49.09599095457503,-26.86666465268424],[-49.09599091770667,-26.86668061160109],[-49.09599043061846,-26.86668553763612],[-49.09598982163275,-26.86669047105454],[-49.09598909183128,-26.86669540735802],[-49.09598823923192,-26.86670034471471],[-49.09598726493154,-26.86670527772388],[-49.09598616696312,-26.86671020365131],[-49.09598494540221,-26.86671511798511],[-49.09598360128522,-26.86672001893407],[-49.09598213369667,-26.86672490107038],[-49.09598054470931,-26.86672976081165],[-49.09597883235617,-26.86673459542364],[-49.09597699973131,-26.86673940043512],[-49.09597504688006,-26.86674417313896],[-49.09597297489928,-26.86674890813445],[-49.09597078481023,-26.86675360453278],[-49.09596847873107,-26.86675825604442],[-49.09596605769817,-26.86676286087816],[-49.09596352378433,-26.86676741545162],[-49.0959608800685,-26.86677191619595],[-49.09595812659604,-26.866776360404],[-49.09595526746719,-26.86678074361814],[-49.09595230371834,-26.86678506404716],[-49.0959492394195,-26.86678931903815],[-49.09594607565242,-26.86679350409277],[-49.09594281746306,-26.86679761837644],[-49.09593946491189,-26.86680165827964],[-49.09593602406613,-26.86680562207896],[-49.09593249597732,-26.86680950708082],[-49.09592888471547,-26.86681331063231],[-49.09592519432037,-26.86681703188528],[-49.09592142684972,-26.86682066815971],[-49.09591758635842,-26.86682421770508],[-49.0959133693578,-26.86682741378144],[-49.09590906195957,-26.866830539141],[-49.09590466620629,-26.8668335920061],[-49.09590018519209,-26.86683656790553],[-49.09589562095951,-26.86683946506166],[-49.09589097556626,-26.86684228079445],[-49.09588625209132,-26.86684501153509],[-49.09588145356832,-26.86684765642183],[-49.09587658309134,-26.86685021098348],[-49.09587164369403,-26.86685267435833],[-49.09586663844025,-26.8668550438799],[-49.09586157037874,-26.86685731778413],[-49.09585644356446,-26.86685949432049],[-49.09585126106123,-26.8668615708225],[-49.09584602591782,-26.86686354552609],[-49.09584074318022,-26.86686541759666],[-49.09583541588206,-26.86686718617251],[-49.09583004809337,-26.86686884860075],[-49.09582464383885,-26.86687040493559],[-49.09581920616725,-26.86687185341295],[-49.09581374010945,-26.86687319410062],[-49.09580824972033,-26.86687442524809],[-49.09580273800336,-26.8668755477984],[-49.09579721000447,-26.86687656091696],[-49.09579166875731,-26.86687746374206],[-49.09578611927765,-26.86687825724389],[-49.09578056458398,-26.8668789414631],[-49.09577500970718,-26.8668795164675],[-49.09576945867194,-26.86687998231131],[-49.09576391347549,-26.86688033992403],[-49.09575838012464,-26.86688059119177],[-49.09575286064683,-26.86688073523927],[-49.09568754224907,-26.8668854961584],[-49.09549704750937,-26.86689276527051],[-49.09533507748938,-26.8668989871014],[-49.09518535416467,-26.8668972298502],[-49.09499488246109,-26.86690342362091],[-49.09478527105459,-26.86691232225728],[-49.09458220239983,-26.86692024917334],[-49.0944250341018,-26.86692783712255],[-49.09431399119573,-26.86693595035387],[-49.0943105068561,-26.86693608207624],[-49.09430695840899,-26.86693607574199],[-49.09430335605231,-26.86693592336539],[-49.09429970995365,-26.86693561876552],[-49.09429603127165,-26.86693515667739],[-49.09429233319245,-26.86693453096076],[-49.09428862682929,-26.86693373905776],[-49.09428492632907,-26.86693277754886],[-49.09428124682974,-26.86693164393048],[-49.09427760342384,-26.86693033840614],[-49.09427400919157,-26.86692886115225],[-49.09427047919521,-26.8669272141771],[-49.09426703047914,-26.86692540132087],[-49.0942636750266,-26.86692342816065],[-49.09426042887579,-26.86692129852302],[-49.09425730393429,-26.866919022497],[-49.09425431317641,-26.86691660657559],[-49.0942514684946,-26.86691406175013],[-49.09424877978411,-26.86691139808244],[-49.09424625590378,-26.86690862742554],[-49.09424390371522,-26.86690576070293],[-49.0942417300195,-26.86690281244758],[-49.09423973965078,-26.86689979445825],[-49.09423793440957,-26.8668967193953],[-49.09423631708739,-26.86689360083511],[-49.09423488645113,-26.8668904522997],[-49.09423364332537,-26.86688728463118],[-49.09423258246743,-26.86688411039493],[-49.09423170265931,-26.86688094221065],[-49.09423099670651,-26.86687778900712],[-49.09423046139383,-26.86687466247448],[-49.09423008853574,-26.86687157062559],[-49.09422923296717,-26.86675321381854],[-49.094228849536,-26.8667368873096],[-49.09422817634387,-26.86672055599029],[-49.09422721325474,-26.86670422798203],[-49.09422596016281,-26.8666879096014],[-49.09422441798361,-26.86667160627626],[-49.09422258656596,-26.86665532703033],[-49.09422046885283,-26.8666390764162],[-49.09421806370199,-26.86662286254167],[-49.09419633188071,-26.86650310409016],[-49.09416932213248,-26.86638283219144],[-49.0941652527822,-26.86636611660244],[-49.0941614421002,-26.86634933951613],[-49.09415788998046,-26.86633250724918],[-49.09415459933543,-26.86631562615893],[-49.09415157105015,-26.86629870347796],[-49.09414880605497,-26.86628174373172],[-49.09414630624111,-26.86626475416637],[-49.09414407049633,-26.86624774108497],[-49.09414329861153,-26.86624023746294],[-49.09414281339991,-26.8662326826498],[-49.09414261867421,-26.86622508933308],[-49.09414271724103,-26.86621747018675],[-49.09414311186162,-26.86620984059187],[-49.09414380333022,-26.86620221319527],[-49.09414479140469,-26.86619460243493],[-49.09414607684907,-26.86618702276242],[-49.09414765541167,-26.86617948765908],[-49.09414952485319,-26.86617201063338],[-49.09415168191298,-26.86616460608261],[-49.09415411933605,-26.86615728654499],[-49.09415683288587,-26.86615006459951],[-49.0941598143013,-26.86614295277083],[-49.09416305532116,-26.86613596358362],[-49.09416654772971,-26.86612910685546],[-49.09417001907655,-26.86612242584606],[-49.09417367457322,-26.86611580598771],[-49.09417751208633,-26.86610925447223],[-49.09418152849145,-26.86610277757554],[-49.09418572069445,-26.86609637976878],[-49.09419008756809,-26.86609006825736],[-49.09419462399077,-26.86608384838767],[-49.0941993258622,-26.86607772461731],[-49.09420419106412,-26.86607170323574],[-49.09420921346877,-26.86606578957576],[-49.0942143899669,-26.86605998901093],[-49.0942197154823,-26.86605430418048],[-49.09422518385696,-26.86604874222202],[-49.0942307900147,-26.86604330577477],[-49.09423652985522,-26.86603799929635],[-49.09424239625973,-26.8660328272036],[-49.09425322831263,-26.86602380578467],[-49.09426429354364,-26.86601498246648],[-49.09427558481886,-26.86600636256824],[-49.09428709695624,-26.86599795504581],[-49.09429882082468,-26.86598976428891],[-49.09431075025113,-26.86598179833746],[-49.09432287508321,-26.86597406246996],[-49.09433518817196,-26.86596656290801],[-49.0943476803712,-26.86595930494373],[-49.09436034254991,-26.86595229296681],[-49.09437316655296,-26.86594553318531],[-49.09438614227343,-26.86593902817063],[-49.09439925955902,-26.8659327832013],[-49.0944125103,-26.86592680177825],[-49.09442588239228,-26.86592108554342],[-49.09443936769591,-26.86591563980245],[-49.09453057637932,-26.86587704966621],[-49.09473085053533,-26.86579670813749],[-49.09470799916211,-26.86575109959031],[-49.09457476461772,-26.86579169104478],[-49.09454559856177,-26.86580123518493],[-49.09451653865575,-26.86581105062137],[-49.09448759096666,-26.86582113563077],[-49.09445876255257,-26.86583148940583],[-49.09443005548613,-26.86584210836421],[-49.09440147784667,-26.86585299080977],[-49.09437303367381,-26.8658641358945],[-49.09434472904972,-26.86587554099272],[-49.09433249245144,-26.86588099995324],[-49.09432036273228,-26.86588668690132],[-49.09430834998403,-26.8658926001679],[-49.09429646031923,-26.86589873532257],[-49.09428470183248,-26.86590508976675],[-49.09427308162738,-26.86591165998597],[-49.09426160881983,-26.86591844249287],[-49.09425028851622,-26.86592543284346],[-49.09423912782019,-26.86593262752324],[-49.09422813587787,-26.86594002124012],[-49.09421731678955,-26.86594760953655],[-49.09420667868012,-26.86595538800923],[-49.09419622668626,-26.86596335040943],[-49.0941859669206,-26.86597149230671],[-49.09417590554108,-26.86597980656355],[-49.09416604763904,-26.86598828963832],[-49.09415975119486,-26.86599432059906],[-49.09415363880929,-26.8660005381679],[-49.09414771968908,-26.86600693344328],[-49.09414200499279,-26.86601350116021],[-49.09413650293613,-26.86602023150115],[-49.09413122168945,-26.86602711735568],[-49.09412616946847,-26.86603414890626],[-49.09412135447381,-26.86604131723773],[-49.09411678292403,-26.86604861160303],[-49.09411245998613,-26.86605602394863],[-49.09410839289996,-26.86606354263871],[-49.09410458588691,-26.86607115599667],[-49.09410104111064,-26.86607885502591],[-49.09409776480486,-26.86608662807704],[-49.09409475616015,-26.8660944634056],[-49.09409201938277,-26.86610235023739],[-49.09408782380559,-26.8661133303899],[-49.09408398707911,-26.86612445618437],[-49.09408051952225,-26.86613571241616],[-49.09407742842034,-26.86614708474229],[-49.09407471906149,-26.86615855789024],[-49.09407239876132,-26.86617011571232],[-49.09407047178666,-26.8661817438248],[-49.09406894043745,-26.86619342510973],[-49.09406780902595,-26.86620514247628],[-49.09406707780949,-26.8662168805841],[-49.09406674707569,-26.86622862228807],[-49.09406681609087,-26.86624035133188],[-49.09406728311519,-26.86625205144563],[-49.09406814439647,-26.8662637063323],[-49.09406939516124,-26.86627530058369],[-49.09407103165736,-26.86628681790273],[-49.09407394876649,-26.86630604878546],[-49.09407721369875,-26.8663252428406],[-49.09408082454789,-26.86634439372434],[-49.09408478045925,-26.86636349239935],[-49.09408908053273,-26.86638253253543],[-49.0940937218862,-26.86640150597045],[-49.0940987036347,-26.86642040547183],[-49.09410402289608,-26.86643922287746],[-49.09412970401925,-26.86654743826684],[-49.09414555083352,-26.86663031740192],[-49.0941475797665,-26.86664562001395],[-49.09414937571565,-26.8666609528792],[-49.09415093775037,-26.86667631147224],[-49.09415226596134,-26.86669169037881],[-49.094153360409,-26.86670708598943],[-49.09415421917171,-26.86672249286269],[-49.09415484330091,-26.86673790830503],[-49.09415523189625,-26.86675332598628],[-49.09415963302092,-26.86690894935878],[-49.09415866044797,-26.86701112714568],[-49.09415741696669,-26.86717117464544],[-49.09415607375131,-26.86727937033983],[-49.09414997860079,-26.86741803799691],[-49.09415051374353,-26.86750604125129],[-49.09415043878791,-26.86760005918593],[-49.0941489986723,-26.86771277097481],[-49.09415062444324,-26.86784016394235],[-49.09414999996057,-26.86794858684211],[-49.0941485239184,-26.86806301935933],[-49.09414829811041,-26.86813014110861],[-49.09415025396214,-26.86824204936486],[-49.09415023593667,-26.86834467324581],[-49.09415151189081,-26.86844323131076],[-49.09415131435719,-26.86853165249462],[-49.09414827411416,-26.86866284104225],[-49.09415158952075,-26.86875626927457],[-49.09415213803316,-26.8687729527194],[-49.09415278213316,-26.86878963745343],[-49.09415352084485,-26.86880632165832],[-49.09415435515935,-26.86882300625005],[-49.09415528312486,-26.86883968759194],[-49.09415630672351,-26.8688563675159],[-49.09415742497943,-26.86887304420362],[-49.09415863790779,-26.86888971675271],[-49.0941599455389,-26.86890638335841],[-49.09416134685147,-26.86892304490955],[-49.09416284388821,-26.86893969962851],[-49.09416443463676,-26.86895634748815],[-49.09416612014876,-26.86897298579491],[-49.0941679004091,-26.86898961545116],[-49.0941697734206,-26.86900623552739],[-49.09417174122593,-26.86902284424599],[-49.09417315709251,-26.86903167612185],[-49.09417473018173,-26.86904049477437],[-49.09417646157546,-26.86904929570523],[-49.09417835130404,-26.86905807710966],[-49.09418039845206,-26.86906683355987],[-49.0941826010375,-26.86907556322396],[-49.09418496012706,-26.86908426250596],[-49.09418747479027,-26.86909292688046],[-49.09419014405125,-26.86910155452911],[-49.09419296595816,-26.86911014181528],[-49.09419593958053,-26.8691186842135],[-49.09419906394245,-26.86912717990547],[-49.09420233811344,-26.86913562436569],[-49.09420576009625,-26.86914401666469],[-49.09420932796936,-26.86915235136104],[-49.09421304077198,-26.86916062573404],[-49.09426659548938,-26.86926750121773],[-49.09428415961874,-26.86929786256981]]
     ]
    },
    "properties": {
    "OBJECTID": 57650,
    "SHAPE.LEN": 1606.45250747898
    }
  }
 ]
}
